:020000021000EC
:1000000000480020BD36010029800200A936010009
:10001000A9360100A9360100A93601000000000040
:100020000000000000000000000000008137010017
:10003000A93601000000000021370100A9360100A7
:100040004D3901008D0202004D3901004D3901008A
:100050004D3901004D3901004D3901004D39010084
:100060004D3901004D3901004D3901004D39010074
:100070004D3901004D3901004D3901004D39010064
:100080004D3901004D3901004D3901004D39010054
:100090004D3901004D3901004D3901004D39010044
:1000A0004D3901004D3901004D3901004D39010034
:1000B0004D3901004D3901004D3901004D39010024
:1000C0004D3901004D3901004D3901004D39010014
:1000D0004D3901004D3901004D3901004D39010004
:1000E0004D3901004D3901004D3901004D390100F4
:1000F0004D3901004D3901004D3901004D390100E4
:1001000081F0004102E000BF83F0004330B54FEAC8
:1001100041044FEA430594EA050F08BF90EA020F35
:100120001FBF54EA000C55EA020C7FEA645C7FEAC8
:10013000655C00F0E2804FEA5454D4EB5555B8BFEB
:100140006D420CDD2C4480EA020281EA030382EA5C
:10015000000083EA010180EA020281EA0303362DEE
:1001600088BF30BD11F0004F4FEA01314FF4801CC1
:100170004CEA113102D0404261EB410113F0004FD3
:100180004FEA03334CEA133302D0524263EB43038A
:1001900094EA050F00F0A780A4F10104D5F1200E28
:1001A0000DDB02FA0EFC22FA05F2801841F1000183
:1001B00003FA0EF2801843FA05F359410EE0A5F157
:1001C00020050EF1200E012A03FA0EFC28BF4CF088
:1001D000020C43FA05F3C01851EBE37101F000453E
:1001E00007D54FF0000EDCF1000C7EEB00006EEB4B
:1001F0000101B1F5801F1BD3B1F5001F0CD34908D5
:100200005FEA30004FEA3C0C04F101044FEA44522B
:1002100012F5800F80F09A80BCF1004F08BF5FEAB2
:10022000500C50F1000041EB045141EA050130BD92
:100230005FEA4C0C404141EB0101013C28BFB1F5A4
:10024000801FE9D291F0000F04BF01460020B1FAEF
:1002500081F308BF2033A3F10B03B3F120020CDAC2
:100260000C3208DD02F1140CC2F10C0201FA0CF0A0
:1002700021FA02F10CE002F11402D8BFC2F1200C05
:1002800001FA02F120FA0CFCDCBF41EA0C019040BB
:10029000E41AA2BF01EB0451294330BD6FEA040404
:1002A0001F3C1CDA0C340EDC04F11404C4F12002EF
:1002B00020FA04F001FA02F340EA030021FA04F301
:1002C00045EA030130BDC4F10C04C4F1200220FA58
:1002D00002F001FA04F340EA0300294630BD21FA96
:1002E00004F0294630BD94F0000F83F4801306BF5C
:1002F00081F480110134013D4EE77FEA645C18BF50
:100300007FEA655C29D094EA050F08BF90EA020FE6
:1003100005D054EA000C04BF1946104630BD91EADE
:10032000030F1EBF0021002030BD5FEA545C05D1E1
:100330004000494128BF41F0004130BD14F5800420
:100340003CBF01F5801130BD01F0004545F0FE4194
:1003500041F470014FF0000030BD7FEA645C1ABFC9
:10036000194610467FEA655C1CBF0B46024650EA00
:10037000013406BF52EA033591EA030F41F400212C
:1003800030BD00BF90F0000F04BF0021704730B5B2
:100390004FF4806404F132044FF000054FF0000187
:1003A00050E700BF90F0000F04BF0021704730B548
:1003B0004FF4806404F1320410F0004548BF40421D
:1003C0004FF000013EE700BF42004FEAE2014FEA72
:1003D00031014FEA02701FBF12F07F4393F07F4F4D
:1003E00081F06051704732F07F4208BF704793F050
:1003F0007F4F04BF41F40021704730B54FF4607463
:1004000001F0004521F000411CE700BF50EA010265
:1004100008BF704730B54FF000050AE050EA01020E
:1004200008BF704730B511F0004502D5404261EB7E
:1004300041014FF4806404F132045FEA915C3FF4BF
:10044000D8AE4FF003025FEADC0C18BF03325FEA5C
:10045000DC0C18BF033202EBDC02C2F1200300FA0D
:1004600003FC20FA02F001FA03FE40EA0E0021FA32
:1004700002F11444BDE600BF70B54FF0FF0C4CF420
:10048000E06C1CEA11541DBF1CEA135594EA0C0FD2
:1004900095EA0C0F00F0DEF82C4481EA030621EA0D
:1004A0004C5123EA4C5350EA013518BF52EA033548
:1004B00041F4801143F4801338D0A0FB02CE4FF0FA
:1004C0000005E1FB02E506F00042E0FB03E54FF02A
:1004D0000006E1FB03569CF0000F18BF4EF0010E22
:1004E000A4F1FF04B6F5007F64F5407404D25FEA1E
:1004F0004E0E6D4146EB060642EAC62141EA5551D1
:100500004FEAC52040EA5E504FEACE2EB4F1FD0C12
:1005100088BFBCF5E06F1ED8BEF1004F08BF5FEA90
:10052000500E50F1000041EB045170BD06F0004642
:1005300046EA010140EA020081EA0301B4EB5C04EF
:10054000C2BFD4EB0C0541EA045170BD41F48011E7
:100550004FF0000E013C00F3AB8014F1360FDEBF0C
:10056000002001F0004170BDC4F10004203C35DAE8
:100570000C341BDC04F11404C4F1200500FA05F36B
:1005800020FA04F001FA05F240EA020001F000420C
:1005900021F0004110EBD37021FA04F642EB060182
:1005A0005EEA430E08BF20EAD37070BDC4F10C04AC
:1005B000C4F1200500FA04F320FA05F001FA04F270
:1005C00040EA020001F0004110EBD37041F100015C
:1005D0005EEA430E08BF20EAD37070BDC4F1200567
:1005E00000FA05F24EEA020E20FA04F301FA05F2CF
:1005F00043EA020321FA04F001F0004121FA04F277
:1006000020EA020000EBD3705EEA430E08BF20EA46
:10061000D37070BD94F0000F0FD101F00046400080
:1006200041EB010111F4801F08BF013CF7D041EA02
:10063000060195F0000F18BF704703F00046520006
:1006400043EB030313F4801F08BF013DF7D043EAD7
:100650000603704794EA0C0F0CEA135518BF95EA8D
:100660000C0F0CD050EA410618BF52EA4306D1D114
:1006700081EA030101F000414FF0000070BD50EA33
:10068000410606BF1046194652EA430619D094EABD
:100690000C0F02D150EA013613D195EA0C0F05D1A7
:1006A00052EA03361CBF104619460AD181EA0301FB
:1006B00001F0004141F0FE4141F470014FF00000B3
:1006C00070BD41F0FE4141F4780170BD70B54FF04E
:1006D000FF0C4CF4E06C1CEA11541DBF1CEA1355CE
:1006E00094EA0C0F95EA0C0F00F0A7F8A4EB0504B0
:1006F00081EA030E52EA03354FEA013100F08880A7
:100700004FEA03334FF0805545EA131343EA12636F
:100710004FEA022245EA111545EA10654FEA002624
:100720000EF000419D4208BF964244F1FD0404F5DD
:10073000407402D25B084FEA3202B61A65EB030539
:100740005B084FEA32024FF480104FF4002CB6EBF6
:10075000020E75EB030E22BFB61A754640EA0C0076
:100760005B084FEA3202B6EB020E75EB030E22BFB6
:10077000B61A754640EA5C005B084FEA3202B6EBF7
:10078000020E75EB030E22BFB61A754640EA9C00B6
:100790005B084FEA3202B6EB020E75EB030E22BF86
:1007A000B61A754640EADC0055EA060E18D04FEA44
:1007B000051545EA16754FEA06164FEAC30343EAE4
:1007C00052734FEAC2025FEA1C1CC0D111F4801FB1
:1007D0000BD141EA00014FF000004FF0004CB6E7AA
:1007E00011F4801F04BF01430020B4F1FD0C88BF49
:1007F000BCF5E06F3FF6AFAEB5EB030C04BFB6EB54
:10080000020C5FEA500C50F1000041EB045170BD46
:100810000EF0004E4EEA113114EB5C04C2BFD4EB73
:100820000C0541EA045170BD41F480114FF0000EF7
:10083000013C90E645EA060E8DE60CEA135594EA73
:100840000C0F08BF95EA0C0F3FF43BAF94EA0C0F76
:100850000AD150EA01347FF434AF95EA0C0F7FF4EB
:1008600025AF104619462CE795EA0C0F06D152EA3F
:1008700003353FF4FDAE1046194622E750EA410623
:1008800018BF52EA43067FF4C5AE50EA41047FF434
:100890000DAF52EA43057FF4EBAE12E74FF0FF3C99
:1008A00006E000BF4FF0010C02E000BF4FF0010C6A
:1008B0004DF804CD4FEA410C7FEA6C5C4FEA430CE3
:1008C00018BF7FEA6C5C1BD001B050EA410C0CBF32
:1008D00052EA430C91EA030F02BF90EA020F002094
:1008E000704710F1000F91EA030F58BF994208BFFB
:1008F00090422CBFD8176FEAE37040F001007047B8
:100900004FEA410C7FEA6C5C02D150EA013C07D10E
:100910004FEA430C7FEA6C5CD6D152EA033CD3D059
:100920005DF8040B704700BF8446104662468C4653
:100930001946634600E000BF01B5FFF7B7FF002886
:1009400048BF10F1000F01BD4DF808EDFFF7F4FFAF
:100950000CBF012000205DF808FB00BF4DF808ED3A
:10096000FFF7EAFF34BF012000205DF808FB00BF5D
:100970004DF808EDFFF7E0FF94BF012000205DF87F
:1009800008FB00BF4DF808EDFFF7CEFF94BF012034
:1009900000205DF808FB00BF4DF808EDFFF7C4FF2D
:1009A00034BF012000205DF808FB00BF4FEA410280
:1009B000B2F1E04324BFB3F5001CDCF1FE5C0DD9BD
:1009C00001F0004C4FEAC0024CEA5070B2F1004F07
:1009D00040EB830008BF20F00100704711F0804F0A
:1009E00021D113F13872BCBF01F00040704741F4CF
:1009F00080114FEA5252C2F11802C2F1200C10FAD3
:100A00000CF320FA02F018BF40F001004FEAC123B6
:100A10004FEAD32303FA0CFC40EA0C0023FA02F35A
:100A20004FEA4303CCE77FEA625307D150EA013330
:100A30001EBF4FF0FE4040F44000704701F0004000
:100A400040F0FE4040F40000704700BF80F00040DE
:100A500002E000BF81F0004142001FBF5FEA410396
:100A600092EA030F7FEA226C7FEA236C6AD04FEA96
:100A70001262D2EB1363C1BFD218414048404140DB
:100A8000B8BF5B42192B88BF704710F0004F40F48D
:100A9000000020F07F4018BF404211F0004F41F4A9
:100AA000000121F07F4118BF494292EA030F3FD075
:100AB000A2F1010241FA03FC10EB0C00C3F1200388
:100AC00001FA03F100F0004302D5494260EB400017
:100AD000B0F5000F13D3B0F1807F06D340084FEA82
:100AE000310102F10102FE2A51D2B1F1004F40EB77
:100AF000C25008BF20F0010040EA030070474900DF
:100B000040EB0000013A28BFB0F5000FEDD2B0FA7B
:100B100080FCACF1080CB2EB0C0200FA0CF0AABF9E
:100B200000EBC25052421843BCBFD040184370473C
:100B300092F0000F81F4000106BF80F40000013242
:100B4000013BB5E74FEA41037FEA226C18BF7FEA19
:100B5000236C21D092EA030F04D092F0000F08BF5B
:100B60000846704790EA010F1CBF0020704712F042
:100B70007F4F04D1400028BF40F00040704712F181
:100B800000723CBF00F50000704700F0004343F0E6
:100B9000FE4040F4000070477FEA226216BF08461C
:100BA0007FEA23630146420206BF5FEA412390EADF
:100BB000010F40F4800070474FF0000304E000BFD5
:100BC00010F0004348BF40425FEA000C08BF704786
:100BD00043F0964301464FF000001CE050EA01024A
:100BE00008BF70474FF000030AE000BF50EA01025F
:100BF00008BF704711F0004302D5404261EB41014C
:100C00005FEA010C02BF84460146002043F0B64370
:100C100008BFA3F18053A3F50003BCFA8CF2083A95
:100C2000A3EBC25310DB01FA02FC634400FA02FC9E
:100C3000C2F12002BCF1004F20FA02F243EB0200A5
:100C400008BF20F00100704702F1200201FA02FC07
:100C5000C2F1200250EA4C0021FA02F243EB0200FA
:100C600008BF20EADC7070474FF0FF3C06E000BF91
:100C70004FF0010C02E000BF4FF0010C4DF804CD25
:100C80004FEA40024FEA41037FEA226C18BF7FEA35
:100C9000236C11D001B052EA530C18BF90EA010F37
:100CA00058BFB2EB030088BFC81738BF6FEAE170C6
:100CB00018BF40F0010070477FEA226C02D15FEA62
:100CC000402C05D17FEA236CE4D15FEA412CE1D0CE
:100CD0005DF8040B704700BF844608466146FFE795
:100CE0000FB5FFF7C9FF002848BF10F1000F0FBD77
:100CF0004DF808EDFFF7F4FF0CBF012000205DF870
:100D000008FB00BF4DF808EDFFF7EAFF34BF0120F4
:100D100000205DF808FB00BF4DF808EDFFF7E0FF8D
:100D200094BF012000205DF808FB00BF4DF808EDDE
:100D3000FFF7D2FF94BF012000205DF808FB00BF41
:100D40004DF808EDFFF7C8FF34BF012000205DF823
:100D500008FB00BF7BB972B90029BEBF00204FF06D
:100D6000004106E008BF00281CBF6FF000414FF0B3
:100D7000FF3000F057B8ADF1080C6DE904CE002942
:100D800009DB002B1ADB00F05FF8DDF804E0DDE999
:100D9000022304B07047404261EB4101002B1BDB92
:100DA00000F052F8DDF804E0DDE9022304B040422F
:100DB00061EB4101524263EB43037047524263EBE4
:100DC000430300F041F8DDF804E0DDE9022304B05C
:100DD000404261EB41017047524263EB430300F034
:100DE00033F8DDF804E0DDE9022304B0524263EB9E
:100DF0004303704753B94AB9002908BF00281CBFF4
:100E00004FF0FF314FF0FF3000F00CB8ADF1080C9F
:100E10006DE904CE00F018F8DDF804E0DDE9022306
:100E200004B07047704700BF034611F8012B03F868
:100E3000012B002AF9D17047034613F8012B002A31
:100E4000FBD1181A013870472DE9F04786468C46C9
:100E50000846089E154674461946002B40F0C2808D
:100E60008542B2FA82F245D94AB1C2F1200300FAB2
:100E700002FC2EFA03F3954043EA0C0C94404FEA2F
:100E8000154EA8B2BCFBFEF8230C0EFB18CC08FBD9
:100E900000F943EA0C43994528D9EB1808F1FF37CC
:100EA00004D2994502D9A8F102072B44A3EB090308
:100EB000A4B2B3FBFEFC0EFB1C330CFB00F044EAB7
:100EC0000344A04214D92C190CF1FF3304D2A042E0
:100ED00002D9ACF102032C44241A43EA07401EB1A4
:100EE000D440002334607360BDE8F0874746DDE7F7
:100EF0006346F1E792BB431B01214FEA154EAFB2A7
:100F0000B3FBFEFC200C0EFB1C330CFB07F840EA85
:100F10000343984562D9EB180CF1FF3004D2984591
:100F200002D9ACF102002B44A3EB0803A4B2B3FB3B
:100F3000FEFC0EFB1C330CFB07F744EA0344A742FC
:100F40004ED92C190CF1FF3304D2A74202D9ACF1CF
:100F500002032C44E41B43EA0040C0E7C2F1200333
:100F600020FA03F1954090402EFA03F303434FEA31
:100F7000154EAFB2B1FBFEFC0EFB1C10190C0CFBA6
:100F800007F841EA0041884504FA02F422D96918B9
:100F90000CF1FF3004D2884502D9ACF1020029449B
:100FA000A1EB08019BB2B1FBFEFC0EFB1C110CFB7C
:100FB00007F743EA01439F420ED9EB180CF1FF31CA
:100FC00004D29F4202D9ACF102012B44DB1B41EA5F
:100FD000004192E76046E3E76146F7E76046A3E732
:100FE0006346B7E7834206D916B9002108467BE776
:100FF000C6E900E0F9E7B3FA83F78FB9834201D37A
:10100000724508D8BEEB020460EB030301209C4646
:101010001EB9002168E73846FAE7C6E9004CF8E750
:10102000C7F1200CBB4022FA0CF41C432EFA0CF141
:1010300020FA0CF3B84001434FEA14490EFA07F5C1
:10104000B3FBF9F81FFA84FE09FB18300B0C08FB00
:101050000EFA43EA00439A4502FA07F240D9E31830
:1010600008F1FF3004D29A4502D9A8F102002344C6
:10107000A3EB0A0389B2B3FBF9F809FB183308FBA9
:101080000EFE41EA03418E452CD9611808F1FF3369
:1010900004D28E4502D9A8F10203214443EA00405C
:1010A000A0FB0298A1EB0E014145CE46434602D378
:1010B00006D14D4504D2B9EB020E68EB04030138AA
:1010C000002EA6D0B5EB0E0261EB030101FA0CFC79
:1010D00022FA07F34CEA0303F940C6E9003198E726
:1010E0004046C5E74346D9E72DE9F04F864895B01D
:1010F00016F037FE854816F034FE854816F031FEAE
:10110000844D284619F03CFD50B12A69A96813683E
:1011100043F0807313600B687F4A18212846984774
:101120007E4819F02DFD002003F06EFC002840F0F1
:10113000E2807B4E0FCE03AC0FC4336823600123E3
:1011400000937849784B022203A804F07DF8064604
:10115000002840F0D0801AF0AEF84FF47A72A0FB6D
:10116000024302FB0131E40B44EA4144CF0BB24697
:101170004FF0000B6D4E6E493068FFF76DFC6D4906
:101180008046FFF7DDFD00B1D8464FF07E53736017
:101190004FF08043C6F80080B360DFF8808140469E
:1011A00019F0EEFC00284ED0D8F808904221D9F86A
:1011B0000C30404698470321D9F8103008AA404621
:1011C00098470998FFF7EEF84DA3D3E90023FFF7FE
:1011D0007DFA804608988946FFF7E4F802460B46F8
:1011E00040464946FEF792FFFFF7E0FB30600B9860
:1011F000FFF7D8F842A3D3E90023FFF767FA804648
:101200000A988946FFF7CEF802460B464046494603
:10121000FEF77CFFFFF7CAFB70600D98FFF7C2F87E
:1012200037A3D3E90023FFF751FA80460C9889468B
:10123000FFF7B8F802460B4640464946FEF766FF00
:10124000FFF7B4FBB060DFF8F08098F8003073B1BE
:10125000002118220EA81AF01FF9384B0EA9CDE96B
:101260000F3600200C23ADF8443006F0A3FB2948CC
:1012700019F086FC68B198F800309BB32B691B68A5
:10128000DB01AB6854BFDB681B6922484FF08071FB
:10129000984764340AF1010A47F100071AF00BF885
:1012A0004FF47A72A0FB020302FB0131C30B43EA45
:1012B0004143E31A67EBD131012B71F10001FFF6D5
:1012C00059AF23EAE3764FF4004C40F2E7300021B7
:1012D0004FF47A720023C6FB0C01FFF78BFD19F067
:1012E00064FF47E7164B03FB0AF3B3F1333FD0D853
:1012F000AB685B69C9E715B0BDE8F08FAFF300805C
:101300000000000080842E41ADC90200D8C902004F
:10131000F9C9020048B9020001000A0028BA020017
:1013200060BD020030C0020028C00200252300205A
:10133000CDCCCC3D000020412423002068C0020019
:10134000CDCCCCCC000000002DE9F843D0E9073823
:10135000856903EB08042F34A5420F46164619D8B9
:10136000DFF86C80A3FB080117A3D3E90023FFF784
:1013700041FD0346601BA0FB080123F07F4412A33C
:10138000D3E90023FFF736FD20F07F403C6030605A
:10139000BDE8F883DFF838900BA3D3E90023A5FB61
:1013A0000901FFF727FD20F07F440A480A2106A320
:1013B000D3E90023E8FB0901FFF71CFD20F07F4083
:1013C0003C603060BDE8F8838D49FD1A07000000DD
:1013D00000CA9A3B00166BF1002800F032812DE91B
:1013E000F04FC34C94F85E30DA078DB000F16381A2
:1013F000627F94F8293004EB820204EB8303166ABF
:10140000DF6A0EB3354615F8020BC0F3801008F002
:1014100021F80368C6F802308388AB8033785B0616
:1014200006D50621284606F05DFC002800F045811F
:101430003D4615F8020BC0F3801008F00BF8036866
:10144000C7F802308388AB80337813F00E0F40F07A
:10145000908063691BB10C200DB0BDE8F08F08F0DF
:1014600093FC8146002800F0358108F099FC824603
:10147000002800F02C810AF0BFFD0546002800F08E
:101480002B81C06E4FF6FF73AB8405F1100B002863
:1014900000F0198105F1600205F15C0106F02EFCF7
:1014A000B5F8583023F4EF6323F0070343F48C734B
:1014B00043F00103A5F8583095F8373003F03F03A7
:1014C00063F07F0385F8373095F8723023F0070317
:1014D00085F8723095F83C3023F00F034FF0000888
:1014E00085F83C304FF4C023C5F86E312846C5E975
:1014F0001288C5F86C80A5F8708085F83980A5F849
:101500002A80C5F82E80C5F85080A5F84081A5F83E
:101510007481A5F86A810CF009FA85F84481C5F850
:1015200048910AF0E1FF95F87C3160F3020385F8F9
:101530007C310AF0DFFF95F87C3160F3C50385F854
:101540007C3195F8423168F3410385F8423105F169
:10155000C4000CF025F8C4E9159AC4F814B0C5E924
:10156000028885F800802D610FF030FB002840F0E4
:10157000A680237E0121C3F342030DF12B008DF8D9
:101580002B3006F057FD024600285CD03946304625
:101590000AF07CF95749584BB4F85C70A0FB010184
:1015A000C0184FF0000550A3D3E9002341F1070113
:1015B000C4E902552570FFF71DFC606007F00EFFBF
:1015C00000F109083FB9357805F00F05A5F10105CF
:1015D000B5FA85F56D09207E636865F3000010F0AB
:1015E0000105207636D0454A099200201060022578
:1015F000434A444F04930BAE019305920321CDE976
:101600000200069443460090089607972A460B95D9
:1016100007F0E6FD314608F039FCA0B93A490591DA
:101620004AF2D8330093CDE90300CDE901000797D2
:10163000089606944346012203210B9507F0B4FD5A
:101640002EE00AF0BFB86369002B3FF404AF0AF044
:101650008FF800E7294A2D48049303F247130694B4
:10166000029591211360A7FB000301FB0731254B75
:101670000793234B05934FF6FF73099202270393B9
:101680000BAE19A3D3E900230B970896FFF7B2FB23
:101690004346CDE900503A462846032107F0A0FD15
:1016A000314608F0F3FB0028CDD194F85E3043F0CA
:1016B000010384F85E300020CEE61220CCE60AF06A
:1016C00057F80320C8E605F16400E866E2E64846FC
:1016D00008F060FB0720BFE6504608F067FB48466D
:1016E00008F058FBF6E700BF8D49FD1A070000001F
:1016F0006818002000CA9A3B8C49FD1A5C1800202B
:1017000001B90100DD940100F5B50100002AE7846C
:1017100070B5037E8AB0C3F342030D46044601212F
:101720000DF1230016468DF8233006F083FC314678
:10173000024628460AF0AAF81F49204AA0FB0131B8
:10174000981841F107011AA3D3E90023FFF752FBD0
:1017500063689842054621D21B1A00220192184A5A
:101760000293184BA21AA3FB023202219209002312
:101770000A4409AE099114490591CDE903330321C7
:10178000D2B206960093184607F08AFD314608F05B
:101790007DFB38B9656000200AB070BDFBD9C21A64
:1017A0000023DBE70C200AB070BD00BFAFF3008060
:1017B0008D49FD1A0700000000CA9A3B8C49FD1AAA
:1017C00068180020ABAAAAAADD940100000000005E
:1017D0002DE9F04F05468BB08B460120022199463A
:1017E000144610F051FE002202218246012006F02C
:1017F000D5FA2F494FF4C072284606F05FFAC61C8E
:101800002C4B0093F6B201954B4632460121002045
:1018100007F0A0FD10F0FD0F42D1274BA4FB0348B9
:10182000204621A3D3E900234146FFF7E3FA0895B8
:1018300006956B680493214B20F07F47A7FB03318B
:10184000E01A1F4B07934FF007021E4B059302FB54
:1018500007114FF6FE7368EB010103934FF47A72A0
:101860000023FFF7C7FACDF800B0CDE901704B4671
:1018700032460121002007F097FC10F0FD0F0DD13A
:10188000BAF1000F02D10BB0BDE8F08F01220221A6
:1018900010460BB0BDE8F04F06F080BA00DEEFE76F
:1018A00000DEBAE7AFF300808D49FD1A07000000A3
:1018B000D0080020D5BE010000CA9A3B8D49FD1A10
:1018C000BDBE0100B1FF01002DE9F0418468A28C8A
:1018D0004FF6FF739A428CB000F08E80054620468A
:1018E0000CF076FA2B7D012B00F02781022B00F003
:1018F0001A81002B00F0F98094F84471002F40F019
:1019000015812B8AE68D94F93720CDE90A77002BD3
:1019100075D0002AC0F25B810023A4F87031AB7C43
:10192000A28D03F00303551C012BADB200F0D9804A
:10193000B4F87431002B00F00681AB4240F26081B4
:101940005B1B9BB2062BA4F874314FF000028CBFD6
:1019500000230123E2851F4694F83C2063F38202B2
:1019600084F83C2029460DF1270220460CF01AF895
:10197000743000F03F81B4F86E312BB1AB4240F2CD
:1019800017815B1BA4F86E31B4F86A312BB1AB42FE
:1019900040F205815B1BA4F86A31E58D17B9AE42B0
:1019A00000F0F4800135ADB294F8B53013F00106C3
:1019B00040D1DDE90A130A46002B40F0F7800029E8
:1019C00000F0E6801E461846A28C24690694CDE9F4
:1019D00003570332A84D0290CDE90016D2B201217F
:1019E0000020059507F05CFC10F0FD0F04D008F016
:1019F00077FA844240F015810CB0BDE8F081002AEE
:101A0000B8BF84F8B970AB7CA28D03F00303551CFA
:101A1000012BADB265D0B4F87031002B88D0AB4249
:101A200040F2F3805B1BA4F87031B4F87431002BE2
:101A300083D191E794F937206FF30003002A84F8EB
:101A4000B530C0F29B8094F85800C0F3C00100F09C
:101A500007000EF03FFF94F8582094F8593002F038
:101A600003012831C2F34002C900D14003F0030250
:101A70002832C3F34003D200DA40E38B03F23F1372
:101A8000B1F5A07F2CBF5B1803F5A073B2F5A07F62
:101A90002CBF9B1803F5A0730344784A78480721AC
:101AA000E3FB0021104672A3D3E90023FFF7A2F95C
:101AB000DDE90A1320F07F4260686260904235BF22
:101AC000161A801A002000260A46002B7FF47CAFED
:101AD00056EA010C7FF478AF002859D019461E460B
:101AE00072E70023A4F8743136E794F8723003F0FB
:101AF0001803182B7FF400AF218DB4F86C218B1DD7
:101B00009A42C4BF931F5B1AB4F86811CCBF9BB252
:101B10001346994200F09480A4F86831A4F86A3121
:101B2000A4F86E21E8E63D2784F844713946204642
:101B30000CB0BDE8F0410AF097BD0023A4F86E3167
:101B4000A4F86A31D8E6E28C052A97BF013240F248
:101B5000E2434FF4FA7392B203FB02F2B4F872312B
:101B600042F2107101FB0323013BB3FBF2F39BB282
:101B7000A4F87431002B7FF4E0AEEDE694F8590040
:101B8000012100F007000EF0A7FE64E73D460BE7D9
:101B9000002D3FD0002611463046334614E700237F
:101BA000A4F86A3120460BF08FFFF6E630460BE7CB
:101BB00008F03CF9014680B30023A4F86E31A38CF1
:101BC000C3801B230371006808F002F9DCE694F877
:101BD000B93043B3013B84F8B93004F1C40840463E
:101BE0000BF020FD90B340460BF01CFD90B300239A
:101BF000E38591E69DF8271020460AF035FDFBE6C7
:101C0000082120460AF030FDF6E63E2120460AF083
:101C10002BFDF1E6002FBDD1EEE60123A4F86E31D5
:101C2000B2E600DEE8E60AAA0BA92846FFF78CFB1D
:101C3000DDE90A231343D0D0237884F8B930CCE708
:101C4000B4F86E1100297FF457AE67E7FF200AF061
:101C5000CDFCC8E70246D4E9170106F067F8002872
:101C6000C5D194F83C301B0744BF238DE38553E670
:101C70008D49FD1A0700000015BF01008C49FD1AAF
:101C800000CA9A3B000000002DE9F04F87B0B0F881
:101C90004071BDF84C900091CDE90423B0F80431B7
:101CA000BDF840A01F44BFB20446A7EB090390F85B
:101CB0005800D4F8FC809EB2BDF844300193C0F3C4
:101CC000C001BDF84830039600F0070002930EF003
:101CD00001FEE58C052D40F2BE8015FB06F5ADB288
:101CE00040F2E24BBAF1050F40F2A98094F8592076
:101CF00094F8581002F003032833C2F34002DB00CB
:101D0000D34001F003022832B3F5A47FC1F34001B0
:101D10004FEAC20222FA01F238BF4FF4A473B2F5BF
:101D2000A47F2CBF9B1803F5A47303F2D5131844AA
:101D3000774A784B0721E0FB023118464FF09613A3
:101D4000E3619623238470A3D3E90023FFF752F8BD
:101D5000564620F07F4040F2E2430BFB05F103FBC7
:101D600006F64B1E3344B3FBF6F31FFA83FB06FB68
:101D70000BF3994260605D4653D26548591AA1FB46
:101D8000000161A3D3E90023FFF734F820F07F407E
:101D90008044B4F80421B4F84031A9EB07094D445C
:101DA000ADB213442B44A4F84031638D13441D4459
:101DB00094F837306585DB0955D100DE00273546BC
:101DC000019B2385029BA4F8723131462046A4F87A
:101DD00026A00BF013FE504B218D3344881DB3FB1E
:101DE000F6F39AB29042A4F86C2104D2C1F57F4177
:101DF000FA310A4492B2009BA4F8682113B100237F
:101E0000A4F8743143462A4639462046FFF7E0FCE1
:101E100094F8423143F0010384F8423107B0BDE841
:101E2000F08F3B48C91AA1FB000137A3D3E9002377
:101E3000FEF7E0FF20F07F40A8EB0008A9E74FF095
:101E400096130AF10106E36196232384B6B20A20B1
:101E50004FF4FA7381E7039B013515FB03F5ADB22F
:101E60004FF4FA7B3EE7216CA36C294F01FB023350
:101E7000039A01FB1233A3640023C4F8C0300EF0B0
:101E8000F9FE054694F8B800C0F342000EF0F4FEE7
:101E9000054406FB05F5214B1E4805F5742505F2A2
:101EA0003F25A3FB0535AD0CA36C25640BFB05FB9F
:101EB00072085B44963A934228BF1346C4E9112343
:101EC000049B40F2E24909FB03F307212365EBFB86
:101ED00007010DA3D3E90023FEF78CFF104B059AF1
:101EE000A8EB0008A3FB0230800A09FB00F0A0FB6E
:101EF000070105A3D3E90023FEF77CFF751B20F043
:101F00007F475DE7AFF300808D49FD1A07000000B1
:101F100000CA9A3B8C49FD1A7FC3C90183DE1B436B
:101F20005917B7D1000000002DE9F04F0D460968A0
:101F3000B0F82EC0D1F800900146144651F82EABEF
:101F400052F8086B8F788346D0F81E00BBF8221039
:101F50009BF81C80A4F808C09770DBF82A20626008
:101F600091B0DBF83A20C4F82220ADF83C109BF881
:101F70003E100E9084F8261010AB13E9030004F114
:101F800022020C90ADF834101046052106F052F8EC
:101F900094F8272000F03F0060F3050284F8272022
:101FA0009BF83F20C2F3040184F82810BBF83410DA
:101FB000E1820128C8F380180DD902F01F021B32FC
:101FC00002F01F020B2A06D889B2063989B240F600
:101FD0007A42914219D90021C9F8081094F82C20AE
:101FE00061F3000284F82C200125DBF80C408BF80B
:101FF00004505046594607F0DFFE206825712146FF
:1020000011B0BDE8F04F07F0E3BE2A68002151602F
:10201000BBF836202283E78ABBF832300A9340F2BD
:10202000E242304602FB07F70BF0FCFC9BF83F1046
:1020300096F8B800490961F3430086F8B8000EF03D
:1020400019FE0B9096F8B800C0F342000EF014FE93
:102050000B99084407FB00F0A74900F5742000F233
:102060003F20A1FB00107908800C96392063616342
:102070009BF8311040F2E24201FB02F26264BBF8CD
:102080003820A6F87221394630460BF0B7FC9B4A3F
:102090009B49C6F878113A44B2FBF7F290B2A6F821
:1020A0006C01218B01F1060C604504DDC1F57F4117
:1020B000FA31014488B25946A6F8680111F81C2F7C
:1020C000C907C2F3401200F10881BDF83410ABF823
:1020D00023100C988BF81E804FF48071CBF81F00F2
:1020E000ABF81C10E18AABF82610218BABF8281056
:1020F000B6F87211ABF82A1096F8B8100B92C1F32B
:1021000042018BF82C10304609F082FFA082ABF818
:102110000600D5F804805046594607F04DFEA38AC4
:102120000B9AA8F806301C23D8F800A088F80430D1
:10213000002A40F0BE8088F81C204146504607F037
:1021400047FE94F849A094F848200AF0070A02F0E4
:102150000702012150460B920EF0BEFB0B9A02F0D3
:1021600003032833C2F34002DB00D3400AF003022A
:102170002832B3F5A47FCAF3400A4FEAC20238BF3F
:102180004FF4A47322FA0AF2B2F5A47F2CBF9B1875
:1021900003F5A47303F2D513DFF868A10344804666
:1021A00059480721E3FB0A014FF09613C4E90333B2
:1021B0004FA3D3E90023FEF71DFE20F07F4070609F
:1021C000EB680A98226B40F2E24101FB003404F212
:1021D000B3440221A41A0120BF1A002205F0DEFD3B
:1021E000484609F003FDA4EB08040246A4FB0A01DB
:1021F00014463FA3D3E90023FEF7FCFDCDF804907D
:10220000AB684249009120F07F4AA21C363BD2B213
:1022100053440121002007F09DF801285FD099F870
:102220001830DB0751D4304609F0F2FE354BA7FBDE
:10223000039804462EA3D3E9002348464146FEF7FF
:10224000D9FD334BAD68334A079220F07F47A7FB97
:102250000331B9EB0300304B05934FF4F873069646
:10226000089373684FF0000BCDE903B34FF00703F9
:1022700003FB071168EB01014FF47A720023FEF7AC
:10228000B9FD0334363DE4B2CDE90170CDF800A0CC
:102290002B4622460121584606F086FF10F0FD0F1E
:1022A00023D101220221104611B0BDE8F04F05F004
:1022B00075BD94F8273043F0400384F82730201D83
:1022C0000DF06EFF0122208535E7002301220093E7
:1022D0001846114606F0FCFFA5E700DEF5E607F01C
:1022E000FFFD81459BD000DE99E700DED9E700BF06
:1022F0008D49FD1A0700000083DE1B437FC3C9011F
:10230000404B4C0000CA9A3B8C49FD1A3900020030
:102310008D49FD1A89FF0100B1FF01000000000096
:10232000F0B5C468636883B00546002B40D10FF058
:10233000D1FC00200FF0F2FC002108460FF0E0FC79
:102340000022252108200FF01DFD374B019301A825
:102350000FF004FD354940F25B600FF0B5FD237AC4
:10236000C3F3420262F30613237220460EF008FE06
:1023700027682E6838460EF065FA06446A6806F14A
:10238000090101200FF0C8FE0FF086FF204609F07A
:1023900039FC811C3246C9B238460EF055FA054662
:1023A00098B920460EF02AFA68B9002003B0F0BDB3
:1023B00093F82C309B07BAD01D4821460FF05EFCE5
:1023C0000FF02CFDF1E700DEEFE71A4A1A491B482F
:1023D00040F2114315F0D2FC194B0721A5FB030372
:1023E00001FB05310EA3D3E90023FEF703FD1549D8
:1023F0000246154815F0C2FC002585F31188BFF38D
:102400006F8F0323184602DF104821460FF036FC79
:102410000FF004FD6FF08B00C8E700BFAFF3008042
:1024200000CA9A3B00000000D6BE898E5555550063
:102430008909020040C502008CC5020044C40200A4
:102440008D49FD1ABCC5020090C50200850C020032
:102450002DE9F043C468A28A4FF6FF739A4283B015
:1024600000F0FF8006460EF0A5FF3389628B208CBA
:10247000A3831A4492B2104494F82730E28380B2C6
:10248000411C21845D064FF00001618304F12201AB
:1024900000F1A78003F03F000B4694F8281000904D
:1024A00004F129000DF034FE0546D4E90C31A26B8D
:1024B000A08BA36303FB0022E36B8A4294BF9B18AB
:1024C0005B188B4228BF0B46626C216CE3630A44A5
:1024D00094F849306264002294F82C10226494F835
:1024E0006220C3F3020363F3061112F0040284F8BE
:1024F0002C1000F087800FF0EDFB00200FF00EFC99
:10250000201D0FF02BFC2389A17A40F25B6043EA87
:1025100001410FF0D9FC28460EF0A8F92146584891
:102520000FF0ACFBA0890FF0EBFD94F8482094F875
:102530004900C2F3C003002102F0070200F00700C7
:102540000FF028FD20460EF0CFFFD4F8008037684A
:1025500040460EF077F90744726807F10901002040
:102560000FF0DAFD81460FF06BFE00200FF082FEC7
:10257000E36B94F8490003F12F02636C00F007004D
:10258000012103EB42050FF03BFC4D44054494F858
:10259000490000F00700022832D004280CBF4FF495
:1025A000BC73282301211D440FF02CFC28440FF09C
:1025B00039FEA18A03313A46C9B240460EF044F9C9
:1025C0000546B0B1B37A13F0020629D000252D4894
:1025D00021460FF053FB0FF021FC284603B0BDE865
:1025E000F0830A4603F03F03218D0DF0DDFD054623
:1025F0005BE720460EF002F9002839D10025ECE710
:102600001823CFE7D4E9130105F090FB00287FF4ED
:1026100072AF94F8623043F0040384F862306AE7E2
:10262000194A1A491A4840F2591315F0A7FB1948DC
:102630000721A5FB000301FB05310FA3D3E900230C
:10264000FEF7D8FB14490246144815F097FB86F3B1
:102650001188BFF36F8F0323184602DF6FF08B05DD
:10266000B5E70F4821460FF009FB0FF0D7FBC5E790
:1026700000DEC3E7AFF3008000CA9A3B0000000011
:102680000117020069090200C8C502008CC50200DA
:1026900044C402008D49FD1A1CC6020090C5020008
:1026A00089090200000000002DE9F0411446056987
:1026B000B9B9B5F90000297B714D80FB0101A0FB80
:1026C000050647F6FF72002305FB0161FEF742FB9A
:1026D0006C4A0023FEF73EFB206062600020BDE8EC
:1026E000F0810139062900F2C280DFE801F0040719
:1026F0000A4865686B00B5F90200DCE7B5F904002B
:10270000D9E7B5F90000297B5D4E80FB0101A0FBF4
:10271000060747F6FF72002306FB0171FEF71AFB5E
:10272000584A0023FEF716FBC4E90002B5F902007F
:10273000297B80FB0101A0FB060747F6FF720023FF
:1027400006FB0171FEF706FB4E4A0023FEF702FB73
:10275000C4E90202B5F90400297B80FB0101A0FB5A
:10276000060547F6FF72002306FB0151FEF7F2FA59
:10277000444A0023FEF7EEFA20616261AEE7B5F944
:1027800006302A8A83FB02523F4BA5FB035603FB0C
:102790000266284638A3D3E900233146FEF7DAFA69
:1027A0003A4A2060002328463146FEF7D3FA354ADC
:1027B0000023FEF7CFFA90E7B5F90830E1E7B5F965
:1027C0000A30DEE7B5F906702B8A2F4E87FB0373BC
:1027D000A7FB067806FB0388384627A3D3E9002326
:1027E0004146FEF7B7FA294A2060002338464146A1
:1027F000FEF7B0FA234A0023FEF7ACFA6260B5F99F
:1028000008702B8A87FB0373A7FB067806FB0388F7
:10281000384619A3D3E900234146FEF79BFA1B4A29
:10282000A060002338464146FEF794FA154A00237B
:10283000FEF790FAE260B5F90A302A8A83FB025269
:10284000A5FB065306FB023628460BA3D3E900235B
:102850003146FEF77FFA0D4A2061002328463146B3
:10286000FEF778FA074A0023FEF774FA85E76FF05F
:10287000850034E7AFF30080006BC53F5D050000C5
:102880003AA3950040420F00D8EF2F004CFF5900AB
:102890002DE9FF470546D0F8109090460C4621B927
:1028A0001AB9002004B0BDE8F08701230DF10E0233
:1028B0004021284617F06FFD0028F3D101230DF1C8
:1028C0000F027D21284617F066FD0028EAD1FCB9E9
:1028D000B8F1000FE5D099F80D20D8F80030072A9C
:1028E00000F25881102B00F0768100F36881013BE3
:1028F000072B00F27881072B00F27581DFE813F0D7
:102900006901670173015D017301730173016D0159
:102910006068FDF747FDB6A3D3E90023FDF7D6FEB7
:10292000064620680F46FDF73DFD02460B46304641
:102930003946FDF7EBFB9DF80E40AF4B9DF80FA01D
:10294000002206460F4604F0F004FEF71BF840B1E3
:10295000AA4B002230463946FEF700F8002840F026
:102960001381A64B002230463946FEF70BF840B1E2
:10297000A34B002230463946FDF7F0FF002840F017
:10298000FD809F4B002230463946FDF7FBFF40B1EA
:102990009C4B002230463946FDF7E0FF002840F00E
:1029A000E780984B002230463946FDF7EBFF40B1F7
:1029B000954B002230463946FDF7D0FF002840F005
:1029C000D180914B002230463946FDF7DBFF40B104
:1029D0008E4B002230463946FDF7C0FF002840F0FC
:1029E000BB808A4B002230463946FDF7CBFF40B111
:1029F000874B002230463946FDF7B0FF002840F0F3
:102A0000A580834B002230463946FDF7BBFF40B11D
:102A1000804B002230463946FDF7A0FF002840F0E9
:102A20008F807C4B002230463946FDF7ABFF38B132
:102A3000794B002230463946FDF790FF002879D1C6
:102A4000754B002230463946FDF79CFF38B1734B79
:102A5000002230463946FDF781FF002864D16F4BD4
:102A6000002230463946FDF78DFF38B16C4B00220D
:102A700030463946FDF772FF00284FD1684B0022DF
:102A800030463946FDF77EFF30B1664B00223046B6
:102A90003946FDF763FFD8BB624B0022304639460A
:102AA000FDF770FF78B344F00C044AF0040A0C20E0
:102AB00044F080048DF80FA08DF80E4089F80D00C9
:102AC000B8F1000F7FF407AF01230DF10E02402192
:102AD000284617F08FFC00287FF4E4AE4FF4E17035
:102AE00017F057FC9DF80F3003F00F038DF80F30EF
:102AF0004FF47A7300930DF10F0201237D212846D4
:102B000017F07FFCCEE60AF0FB0A04F07F04D1E761
:102B100044F00B044AF0040A0B20C9E744F00A040D
:102B20004AF0040A0A20C3E744F009044AF0040A00
:102B30000920BDE744F008044AF0040A0820B7E77A
:102B400044F007044AF0040A0720DEE744F00604D4
:102B50004AF0040A0620D8E744F005044AF0040AC3
:102B60000520D2E744F004044AF0040A0420CCE72C
:102B700044F003044AF0040A0320C6E744F00204C8
:102B80004AF0040A0220C0E744F001044AF0040AB3
:102B90000120BAE7022B1AD0042B1AD0012B0CBF4C
:102BA000022303239DF80E201B0122F0300203F0C4
:102BB000300313438DF80E3086E70223F2E7402BF3
:102BC0000DD0802B0DD0202B0DD10523EAE701235A
:102BD000E8E70023E6E70423E4E70323E2E706232C
:102BE000E0E70723DEE76FF085005BE6AFF30080E8
:102BF0000000000080842E410000E93F0000F93F02
:102C00000000094000001940000029400000394040
:102C10000000494000005940000069400000794030
:102C200000008940000099402DE9FF470546D0F893
:102C3000109090460C4621B91AB9002004B0BDE8A6
:102C4000F08701230DF10E024221284617F0A3FB65
:102C50000028F3D101230DF10F027D21284617F042
:102C60009AFB0028EAD1A4B9B8F1000FE5D0D8F852
:102C70000030022B00F0F780043B18BF01235B00FB
:102C80009DF80E2022F0300242EA03138DF80E3038
:102C90009BE06068FDF786FB75A3D3E90023FDF791
:102CA00015FD064620680F46FDF77CFB02460B46E5
:102CB00030463946FDF72AFA9DF80E406E4B9DF8D6
:102CC0000FA0002206460F4604F0F004FDF75AFE5E
:102CD00040B16A4B002230463946FDF73FFE0028DE
:102CE00040F0BB80654B002230463946FDF74AFE76
:102CF00040B1634B002230463946FDF72FFE0028D5
:102D000040F0A5805E4B002230463946FDF73AFE82
:102D100040B15C4B002230463946FDF71FFE0028CB
:102D200040F08F80574B002230463946FDF72AFE8F
:102D300038B1554B002230463946FDF70FFE0028CA
:102D400079D1514B002230463946FDF71BFE38B190
:102D50004E4B002230463946FDF700FE002864D174
:102D60004A4B002230463946FDF70CFE38B1484B3D
:102D7000002230463946FDF7F1FD00284FD1444B83
:102D8000002230463946FDF7FDFD30B1414B0022AF
:102D900030463946FDF7E2FDD8BB3E4B00223046B7
:102DA0003946FDF7EFFD78B344F00D044AF0020A0E
:102DB0000D2044F0C0048DF80FA08DF80E4089F866
:102DC0000E00B8F1000F7FF452AF01230DF10E0297
:102DD0004221284617F00EFB00287FF42FAF4FF456
:102DE000E17017F0D6FA9DF80F3003F00F038DF85D
:102DF0000F304FF47A7300930DF10F0201237D2100
:102E0000284617F0FEFA19E70AF0FD0A04F03F041D
:102E1000D1E744F00C044AF0020A0C20C9E744F060
:102E20000B044AF0020A0B20C3E744F00A044AF0FC
:102E3000020A0A20BDE744F009044AF0020A092008
:102E4000B7E744F008044AF0020A0820B1E744F06A
:102E500007044AF0020A0720D8E744F006044AF0C3
:102E6000020A0620D2E701230AE700BFAFF3008081
:102E70000000000080842E410000394000004940DD
:102E8000000059400000694000007940000089407E
:102E9000000099400000A9400129064B0649074857
:102EA0000CBF012200221A70054B08BF194614F00E
:102EB00058BF00BF242300204CC9020055C902009E
:102EC00044C9020008B5034814F04BFF024B00222E
:102ED0001A7008BD6BC902002423002011B10348F9
:102EE00014F03FBF024814F03CBF00BF85C9020088
:102EF000A1C90200014B1B68184700BFA0010020B8
:102F0000014B1860704700BFA001002030B585B0AC
:102F100004460D4610220021684618F0BDFA02232F
:102F20008DF802302A46044B01932146684613F07F
:102F30004BFD05B030BD00BFF52E010080B5054644
:102F40000E461746984613F0ADF9034618F082FC7A
:102F5000DFF81890044649F80030424630463946BA
:102F6000A84754F8090000F0C5FB00BF08000000A6
:102F70002DE9F047058B04462807904611D4022915
:102F800005F0070540F0CC80204614F01FFF78B113
:102F90000138218B042811D8DFE800F0C2106D85BC
:102FA000950001290CBF45F0100545F0200525834B
:102FB00088F31188BFF36F8FBDE8F08701F0070A2F
:102FC000AA4500F0A5800027B9463E46A368002B1D
:102FD00000F0BC8041F00801218388F31188BFF321
:102FE0006F8FA168002900F0BA800D68002900F0F9
:102FF000B680D1F80480334652462046C047002DA3
:1030000076D02B6829461D46F0E701F007035A1FCA
:10301000012A1BD8002221F00701062B276889B25C
:10302000C4E9002209D13B4603E0628B013262838E
:103030001B68002BF9D141F002012183204614F0D6
:10304000C5FE00287AD041F0200176E0042B0AD199
:1030500021F0070189B22183204614F0B7FE10B198
:1030600041F020012183218B01F0070AAA454FD0AE
:103070000027B946AAE7236921F0070141F00601BC
:10308000062DD3F8009021832DD1B9F1000F3FD048
:1030900041F00801218388F31188BFF36F8F3A490B
:1030A0002046C84729E021F00701236941F00401C7
:1030B00089B2042DD3F804902183E6D000273E4640
:1030C0004FF0040A82E721F00701236941F005016E
:1030D00089B2052DD3F808902183D6D000273E462B
:1030E0004FF0050A72E700273E464FF0060A6DE7EB
:1030F0002B4687E7B9F1000FD1D1EFF311882023D8
:1031000083F31288BFF36F8F238B23F0080323838D
:10311000258BEA062ED525F01003238305F007053D
:103120006669218B002EBFF670AF00232768C4E9C3
:10313000003321F0070141F001012183218B01F0CF
:10314000070AAA454FF000097FF440AF002F9CD03A
:1031500041F00801218388F31188BFF36F8F002F9E
:10316000C8D03D68394633465246204614F05AFED0
:103170002F46F4E7AB067FF51BAF25F02003238332
:1031800005F0070500E700BF517E0200014B036018
:103190000020704790C0020008B50348034A002190
:1031A000121A14F039FF08BD080600206C23002015
:1031B0000748084A084908B5121A14F02FFF0748B3
:1031C000074A0849BDE80840121A14F027BF00BF9B
:1031D0000000002004060020ACD202000000002005
:1031E00000000020ACD2020038B505460C4699B16B
:1031F000D1E901230F48096814F0B3FDD4E9042391
:10320000E1680D4814F0ADFDE1690C4814F0A9FD2A
:10321000A1690B4814F0A5FD012D05D1EFF305813F
:103220000848103914F09DFD21462846BDE8384075
:1032300011F0F2BF41CA020071CA0200A1CA020025
:10324000B1CA0200E0CA020030BFFFF7FDBF00BFF5
:103250002DE9F0410B4EDFF8308006EB0807CC1B60
:10326000054632460949204618F0EEF8A0194246B4
:103270000021083C18F010F96C6707F10800BDE860
:10328000F08100BF000000000400000058BD0200F3
:10329000054B5A699B689A421FBF044A536843F022
:1032A00080535360704700BFC422002000ED00E04F
:1032B0002DE9F843324D804632488946174614F0CE
:1032C00050FDAB6ADE0622D52F4814F04AFD1124CA
:1032D000AB6A1D0703D52D4814F043FD1224284D79
:1032E000AB6A980715D52A4814F03BFD6E6BAB6AA4
:1032F000190642D52748314614F033FDB9F1000FC5
:1033000003D0AB6A23F08003AB62132403E01024E4
:10331000DEE76FF015061A4DAB6ADA0703D51E48D3
:1033200014F01FFD1424AB6A9B0603D51B4814F050
:1033300018FD1524124B9A6AD50602D49A6A900792
:103340000AD55B68190507D54146304600F0B8FA42
:1033500010B180F309880224094B9A6A920642BF91
:103360005A6A22F400525A629A6A42F0FF029A6242
:1033700000233B702046BDE8F8836FF01506C4E7D4
:1033800000ED00E0F4CA02000BCB02003FCB0200CC
:1033900053CB02006CCB020083CB0200A3CB020014
:1033A00010B51D4C1D4814F0DCFCA36A990130D502
:1033B0001B4814F0D6FC1E20A36ADA0103D5194875
:1033C00014F0CFFC1F20144CA36A1B0303D516482E
:1033D00014F0C7FC2120A36A590303D5134814F045
:1033E000C0FC22200C4CA36A9A0303D5104814F0A9
:1033F000B8FC2320A36ADB0303D50E4814F0B1FC0C
:103400002420054A936A6FEA03436FEA13439362E9
:1034100010BD1D20D0E700BF00ED00E0D3CB0200BF
:10342000ECCB020000CC02001BCC02003ACC020024
:1034300060CC02007BCC020070B5244C06462448C8
:103440000D4614F08EFCA36AD90435D5214814F03A
:1034500088FC1720A36A1A0503D51F4814F081FCC5
:1034600018201A4CA36A9B050FD51C4814F079FC50
:10347000A16BA36A180407D5194814F072FC1EB199
:10348000A36A23F40043A3621920104CA36A5905D0
:1034900003D5144814F065FC1A20A36ADA050DD58B
:1034A000114814F05EFC1B20084A936A43F47F43E2
:1034B000936200232B7070BD1620CBE7A36A9B0498
:1034C000F2D50A4814F04DFC1C20EDE700ED00E0B9
:1034D000A7CC0200BECC02003FCB0200D0CC020041
:1034E000EACC020000CD02001CCD0200A3CB0200FA
:1034F0002DE9F0415B4B5F688AB00446C7F30806CC
:10350000002585F31188BFF36F8F02F07F43B3F17D
:103510007F4F06D102F00C03082B13D1524814F050
:1035200020FC00252C464FF00008F31E8DF8078084
:10353000092B00F28680DFE803F00A7A7E76848425
:103540008484848210074CBF0C460125EBE7474872
:10355000444E14F006FC8DF80780F36A9A0704D5F0
:10356000434814F0FEFB002330E0F36A002B01DA3D
:103570004048F6E7F36A5B00F5D53F4814F0F1FBED
:103580007369A26943F480737361BFF34F8FBFF314
:103590006F8F736932F8022C23F480737361BFF369
:1035A0004F8FBFF36F8F4DF602739A4209D0B36A03
:1035B000DBB253B30DF1070201212046FFF778FE7D
:1035C00033E021682D4814F0CCFB23689DF80720D8
:1035D000C2B902AE04F1200720686168324603C216
:1035E0000834BC421646F7D1099AB5B3C2F30801B4
:1035F00021B96FEA52226FEA4222099202A91846C3
:10360000FFF7F2FD0AB0BDE8F081B36A13F47F4F13
:1036100005D00DF107010120FFF70EFF05E0B36AA9
:10362000B3F5803F9FD3FFF7BBFE0346CEE70DF116
:1036300007020021C1E70DF107010020ECE7104867
:103640008FE7104B1049114817F4F87FA6F11002CC
:1036500018BF194614F085FB85E722F4FF7222F0AB
:103660000102CAE700ED00E063CD02008FCD020049
:10367000A7CD0200C9CD0200D8CD0200F8CD0200CE
:1036800015CE02004ACD020035CD02003ACE02002E
:10369000044B5A6942F010025A615A6922F008023A
:1036A0005A61704700ED00E0EFF30880EFF3098105
:1036B00001B57246FFF71CFF01BD00BF0B4880F348
:1036C000088810F0BBFB202080F3118808484FF4D5
:1036D0000461401880F30988EFF314800221084345
:1036E00080F31488BFF36F8F00F0B2F80048002019
:1036F000402E0020084B9B6883420BD1EFF30583DB
:1037000043B1064B5A6842F080525A605A6A22F41A
:1037100000425A6212F0CCBDC422002000ED00E04D
:1037200014498A684FF030001044EFF3098C80E8A8
:10373000F01F202080F31288BFF36F8F0E4F4FF0E1
:1037400000664A698A603E60506F0C4C2060906F42
:103750000023936780F3118804B5104600F014F934
:10376000BDE8044002F1300090E8F01F8CF30988B6
:1037700070470000C422002004ED00E0B00C0020DF
:103780001EF0040F0CBFEFF30880EFF3098081698E
:1037900011F8021C0229FFD001B5724614F040FC5A
:1037A00001BD00BF40B2002807DB044A41090123E4
:1037B00000F01F00834042F82130704700E100E034
:1037C00040B200280CDB4309064900F01F002033FB
:1037D0000122824041F82320BFF34F8FBFF36F8F48
:1037E000704700BF00E100E0054B420900F01F00F8
:1037F00053F82220012303FA00F01040704700BF65
:1038000000E100E040B20028A8BF00F1604001F1F3
:103810000101B8BF064B4FEA4111ACBF00F5614052
:1038200000F00F00C9B2B4BF195480F800137047FC
:1038300014ED00E0044B054A23F07F039360BFF3CF
:103840004F8FBFF36F8F70470000010000ED00E065
:1038500008B5FFF7EFFF0B4AD2F8883023F4700366
:10386000C2F88830EFF3148323F0040383F3148841
:10387000BFF36F8FFFF790FCFFF79AFC00F05AF848
:1038800011F092FD00ED00E042F8203C009B42F870
:103890001C3C0A49019B42F8183C029B42F8143C2C
:1038A00021F001014FF0807342F8043C42F8081CFB
:1038B0000023203A02658367704700BF3D2F010057
:1038C000094A0346906870B113F1160F406E05D097
:1038D000A0F140029A4205D8834203D2814228BF18
:1038E0000020704700207047C422002008B515460C
:1038F0000B4A0C4B9060426F1A600E4600F044F881
:103900002C4686F309880020034B98472046002167
:1039100000220023014C2047458002003D2F01007A
:10392000C4220020B00C0020014B10221A61704705
:1039300000ED00E0044800232021C2180133302BA1
:1039400082F80013F9D1704700E100E008B5EFF309
:103950000583064A103B02EBC30152F83300496865
:103960008847BDE80840FFF793BC00BF88BA020053
:10397000024B034A0348012100F076B800000420FE
:103980000000002090C00200426E054B403A1A60D1
:10399000044A4021C3E901121846012100F06EB823
:1039A000B40C002000000B15084AC2F898000B6800
:1039B00023F01F03034343F01003C2F89C308B68CD
:1039C00043F00103C2F8A030704700BF00ED00E0F3
:1039D0002DE9F043DFF8608085B00E461F460446AF
:1039E0004FF00009B14523DA6068D8B13FB1411EFC
:1039F00008421BD11F2819D92368194216D1236800
:103A0000019314F042FBA36803430393D8F890504A
:103A1000C5F30725D0B2013DA84207D801A9FFF799
:103A2000C3FF421C09F101090C34DBE76FF01502FA
:103A3000104605B0BDE8F08300ED00E0044B052220
:103A4000C3F89420BFF34F8FBFF36F8F704700BF51
:103A500000ED00E0BFF35F8F024B0022C3F894201B
:103A6000704700BF00ED00E010B5034C0123227841
:103A7000FFF7AEFF207010BD3123002008B50B4AC0
:103A800000231278FFF7A4FF10F1160F07D0084AA1
:103A90000021D2F89030C3F30723984200DB08BD21
:103AA000C2F89800C2F8A0100130F2E731230020DC
:103AB00000ED00E02DE9F043534B544CD3F8903027
:103AC0002568C3F307239D4285B000F29A80FFF773
:103AD000C1FF00200C2685421AD14D4C4D4F257058
:103AE0006846FFF753FBDFF82081DFF82C9106468C
:103AF0000025AE4213D1237843490020D1F890200D
:103B0000C2F30722934276DBFFF798FF002042E0E2
:103B1000616806FB0011FFF747FF0130DBE7009803
:103B200000EB05114FEA051CCB683B40B3F5000FD5
:103B300048D00AD8B3F5001F30D0B3F5800F36D087
:103B4000B3F5801F10D00135D3E7B3F1807F42D0A9
:103B5000B3F1007FF7D150F80C3088684A6814F050
:103B600094FA40F4802009E050F80C3088684A68E4
:103B700014F08BFA40F0885040F43020CDE9012356
:103B80000390D8F890302078C3F30723013B984284
:103B90002AD96FF0150005B0BDE8F08350F80C305D
:103BA00088684A6814F071FA40EA0900E6E750F8BC
:103BB0000C3088684A6814F068FA40F0C06040F43D
:103BC0000030DBE750F80C3088684A6814F05DFA82
:103BD00040F08270D2E750F80C3088684A6814F0E0
:103BE00054FA40F08870C9E701A9FFF7DDFE237899
:103BF00001332370A7E7C1F89830C1F8A000013362
:103C00007CE74FF0FF30C6E700ED00E09CC002000B
:103C1000312300200000F0FF0000081108B5024B1E
:103C20001B689847002008BDC00C0020034B044AC5
:103C30001860937843F0020393707047C00C002023
:103C4000A401002008B50649064821F00701C1F18A
:103C5000005202F5802214F045F8002008BD00BF94
:103C600065670020C40C002070B54169867A0B4D51
:103C7000044659B1437ADB0706D42C2303FB0653D1
:103C80005B6A1B689B689847002363612C20214670
:103C900006FB0050BDE8704017F0EAB8A40400200D
:103CA000024B2C2202FB0030704700BFA40400200E
:103CB000827A064B2C2101FB02339A6A1B7F1B334D
:103CC000801A23F00303B0FBF3F07047A404002034
:103CD00038B5074B827A2C2404FB02335B6AD3E9A4
:103CE00001240C601568FFF7E3FF04FB005038BDAA
:103CF000A40400202DE9F04385B0054668460391F1
:103D000090461C4617F0D9FADDE90067EFF31189F8
:103D1000202383F31288BFF36F8F6B8B002B41D06E
:103D20002A8B9A4225D900220023284611F0BCFC98
:103D30000446F0B189F31188BFF36F8F039B002B0A
:103D400041D032463B46684617F0DCFAA27A264B51
:103D50002C2101FB023320465B6A1B6803A91D6806
:103D6000DDE90023A847606170BB2046FFF77CFFB8
:103D700024E0698B4B1E6B8389F31188BFF36F8F2F
:103D80002B7F2A8BAC6A1B3323F00303521A02FBEE
:103D90000344154B154AEB1A9B105343A3722B7F18
:103DA000E372CBE789F31188BFF36F8F2346424656
:103DB000284611F079FC04460028BFD10024204693
:103DC00005B0BDE8F0836361012300252381039BD7
:103DD0006382E27A6560294604F1180017F05CFB03
:103DE00063692582E360EAE7A4040020A38B2EBA6E
:103DF00070B50D4C2C2500B970BD037A4668002BB8
:103E0000FAD0013BDBB20372002BF5D1C3604360F3
:103E1000837A05FB03431B6A13B198473046EAE7F0
:103E2000FFF722FFFAE700BFA4040020024B0122A3
:103E3000C3F840250020704700E0014020B1034B4B
:103E4000800143F001031847704700BF90BD020096
:103E500008B50B4816F094FE10B96FF0120008BDBB
:103E6000074816F08DFE0028F7D0064814F0E8F950
:103E70000028F4D1BDE80840034814F0E1B900BFC0
:103E800028B90200D0C00200C8C002000378012B8C
:103E900030B513D0022B27D07BB9194B0A4603F15A
:103EA000100453F8045B42F8045BA342F9D11B7879
:103EB000137043884B731B0A8B7330BD104B0A463B
:103EC00003F1100453F8045B42F8045BA342F9D1F8
:103ED0001B78137043684B73C3F307221B0CCB731F
:103EE0001B0A8A730B74E8E700F1100350F8042BE7
:103EF00041F8042B9842F9D103780B70DDE700BF3D
:103F000077CE020008B514F01DFA12F0B9F8044B90
:103F10001B680BB10A209847BDE8084012F0C4B8EE
:103F2000D00C002038B50446084814F0C9F80546FE
:103F300048B1631EDBB21F2B96BF054A0021D15C3E
:103F40000C3014F038F9284638BD00BF8005002039
:103F500088CE02000F2810B50CD80D280CD90A48BD
:103F600014F0AEF8044618B104210C3014F023F913
:103F7000204610BD1328F2D009B10448F0E7BDE88F
:103F800010400220FFF7CEBFD8050020FC0400201F
:103F900070B5C6683378B6F8014083B90F21204662
:103FA00001F092FCF378054650B90A4A118831B9FC
:103FB0006FEA04506FEA10501080074A137070BD0A
:103FC0004372012101F0ECFB2846BDE8704001F08E
:103FD000A1BB00BFF82200203223002010B5084CFE
:103FE0000146062294F86F0001F004FF38B994F8F6
:103FF0006F000449BDE81040052201F0FBBE10BD72
:10400000000000205DCE020010B5012104460C30F6
:1040100014F0F2F82146034A0078BDE8104000236E
:1040200014F051BAA4C1020010B5012104460C30AD
:1040300014F0E2F82146034A0078BDE81040062358
:1040400014F041BA74C1020010B5012104460C30CD
:1040500014F0D2F82146034A0078BDE8104002234C
:1040600014F031BA44C102002DE9F04788461646E3
:104070008246002872D0BFF35B8FDFF8E490002304
:1040800059E8004F49E80032002AF9D1BFF35B8FAD
:10409000002C63D02046FFF70BFE324D0C2303FBB0
:1040A000005027464388534511D0BFF35B8F59E832
:1040B000003F49E80072002AF9D1BFF35B8F002B63
:1040C0004CD01F463846BDE8F047FFF791BEA642E8
:1040D00008D0204613F0EFFF328AF16804F10C009B
:1040E00014F060F82046FFF7E3FD0C2606FB0050B5
:1040F0004368ABB1B8F1000F12D12046FFF7D8FDED
:1041000006FB005001214268D2E90003127A03F055
:104110001F06B1405B09DAB100EB830014F081F9AE
:104120002046FFF7C5FD0C2606FB00508368002BD8
:10413000C8D02046FFF7BCFD704305F8008020463C
:10414000FFF7B6FD06FB0055A86811F0DFFAB9E7E6
:10415000C94300EB830014F0CDF9E1E7BDE8F08737
:1041600048010020D40C00202DE9F8430C4611F042
:1041700087FFE368228A1978022964D0042905D0D0
:104180002046FFF735FE6FF0150405E0022A08D837
:104190002046FFF72DFE002411F086FF2046BDE8E3
:1041A000F88358783E2808D1032AF1D0DB78012B18
:1041B00001D00A2B47D1032604E014F020F906466B
:1041C000F0073ED504F10C05284614F02DF8012126
:1041D00007462846B4F8109014F006F80221284645
:1041E00014F00AF8804600783E2816D1E3681B7860
:1041F000012B31D00A2B2FD002251A4A1A491B480D
:1042000041F2F30313F0BAFD002383F31188BFF3E7
:104210006F8F0323184602DF04E014F0F0F8C107A3
:104220000546EAD5124A98F800000623214614F004
:104230004AF9AA0712D56369A4F8109013FA87F710
:10424000E760B307A7D521460A4813F03DFF0A49A6
:104250000A4816F0BAFE9EE70325E3E72046FFF77B
:10426000C7FDEEE7A8CE0200DCCE0200F5CE0200CC
:1042700014C102004C010020C401002008060020E7
:1042800070B5314813F035FF044600285AD000F1CC
:104290000C05284613F0B8FF022805D004282FD0BB
:1042A0002046FFF7A5FD21E0238A032BF8D904213E
:1042B000284613F0A1FFFF22438806882276228A2F
:1042C000C6F30B009A426083EAD10F2101F0FCFA99
:1042D00005460028E4D001F013FB320B207621467E
:1042E000284614F037FC284601F014FA174BD3F88F
:1042F0004C313BB3BDE870401549164816F065BE19
:104300002846022113F078FF054600783E2812D097
:1043100014F075F810F002060DD10F4A0F4910483D
:1043200040F6634313F02AFD86F31188BFF36F8FC5
:104330000323184602DF0B4A28780423214614F091
:10434000C2F8ADE770BD00BF4C01002000000020A6
:10435000C401002008060020A8CE020012CF0200EF
:10436000F5CE020054C10200094BBFF35B8F1A68FF
:10437000BFF35B8F02F00B02BFF35B8F53E8001FAC
:1043800043E800200028F9D1BFF35B8F704700BFDE
:10439000D400002010B5C1E900239DF808300B724D
:1043A0000C46FFF785FC034B0C2202FB00335C60DC
:1043B00010BD00BFD40C0020F8B502460B461048D3
:1043C00013F07EFE0446C0B104210C3013F0D9FE78
:1043D0002046FFF76DFC0B4D0C2707FB0050002615
:1043E00046802046FFF764FC07FB005086602046AD
:1043F000FFF75EFC07FB00556E602046F8BD00BF6E
:1044000054050020D40C0020034B0146D3F86C0166
:1044100082689268104700BF000000200148042114
:1044200013F0FFBFD40000200048704714CA0200F8
:10443000014811F05FBB00BFB401002070B5054614
:104440000C4659B94FF0FF304FF0FF31FFF7B4FF82
:10445000044618B96FF06805284670BD2046FFF77E
:1044600027FC164B0C2202FB0033A61830465D8059
:1044700013F0DAFE03280BD90321304613F0A3FE14
:104480000580238A033B83700121304613F0A3FE8D
:1044900040F635439D4208D12046FFF7B5FF05465B
:1044A00048B12046FFF7A4FCD6E70548214616F0A0
:1044B000D4FCFFF7BDFF0025CEE700BFD40C0020E1
:1044C0005401002038B502460B46244DD5F854114E
:1044D00009B9002038BD05F5987011F051F9002890
:1044E000F7D10022002305F5AA7011F0DDF804468B
:1044F00068B91B4A1B491C4840F6734313F03EFC45
:1045000084F31188BFF36F8F0323184602DFD5F8B9
:10451000480120B1FFF76CFC0023C5F84831204664
:1045200013F0FDFDC5F848012046FFF76DFF98B177
:104530000E4811F0EBF82046FFF7BAFB0C4B0C22AB
:1045400002FB00301F2140882246FFF78DFD2046E8
:10455000FFF74EFCFFF76CFF0120BBE700000020D7
:10456000A8CE020040CF0200F5CE020030010020AC
:10457000D40C00202DE9F04F064687B017460C46B4
:1045800069B94FF0FF304FF0FF31FFF715FF0446D8
:1045900060B96FF06805284607B0BDE8F08F887AEB
:1045A000FFF77EFB454B834240F0828001220021D1
:1045B000684616F06BFC2046FFF77AFBDFF800A197
:1045C0000C2303FB00A0C0F808D0204613F0A7FD81
:1045D00001463046FFF732FF054618B12046FFF787
:1045E00007FCD8E717F036F9364B1A58364B9A4283
:1045F00020D1DFF8D8B0364816F044FC00218146BF
:104600004FF4A020FFF75EFF804688B9314A324858
:104610004FF4F973594613F0B1FB3048314613F0AB
:10462000ADFB88F31188BFF36F8F0323184602DFB9
:104630004C45E0D14FF4A0220023684611F0A0F8C9
:10464000804698B14FF4FC73224A2549224813F062
:1046500095FB24484246314613F090FB002383F338
:104660001188BFF36F8F0323184602DF2046FFF740
:104670001FFB0C2358431AF80060AEB12046093ED8
:10468000FFF7B6FB092E0CD8DFE806F0150B0B0878
:10469000050B0B0B0B126FF00B057CE76FF00C0595
:1046A00079E76FF0040576E7002F97D03C6072E75A
:1046B0006FF015056FE76FF06E056CE7540500208D
:1046C000D40C002008000000700B002044CF020032
:1046D00054010020A8CE0200F5CE02004CCF02000B
:1046E0006CCF020075CF0200F7B50022114640F6EC
:1046F0000340FFF73FFF0446002853D1FFF734FE85
:10470000214601AA41F20300FFF734FF04460028C6
:1047100048D1019AB34DD168D1F80100D1F8051004
:1047200005F1780303C31046FFF762FB214601AA97
:1047300041F20100FFF71EFF044698BB0198C368D1
:104740005A7885F870205A88A5F872201A7985F869
:104750007120B3F80720A5F87420B3F80530A5F848
:104760007630FFF745FB214601AA41F20200FFF730
:1047700001FF0446B0B9019FFA6805F18006531C99
:10478000413218685968344603C4083393422646B8
:10479000F7D13846FFF72CFB95F87C30580604D447
:1047A0006FF01204204603B0F0BD01AA002142F2CE
:1047B0000300FFF7DFFE04460028F3D1019B8A4E79
:1047C000DA68D2F80100D2F8051003C61846FFF7E0
:1047D0000FFB214601AA42F20200FFF7CBFE04467E
:1047E0000028DFD1019CE368B3F8012091B249B100
:1047F000D97839B1A5F80421DA78114606F12800F4
:1048000016F044FB2046FFF7F3FA95F87C601F236F
:1048100016F02006A5F8203118D14FF0FF304FF0E8
:10482000FF31FFF7C9FD044600287DD002210C307E
:1048300013F0B2FC0123037046702146324640F665
:104840006D40FFF797FE04460028ABD195F89C30E9
:10485000190712D501AA002142F21C00FFF78AFEB7
:10486000044600289ED10198C368D3F80120D3F8EC
:104870000530C5E93823FFF7BBFA4FF0FF304FF0A2
:10488000FF31FFF799FD044600284DD008210C3078
:1048900013F082FC95F8D83095F8D92013F0020F68
:1048A00014BF2F230F2312F0090F18BF43F4006326
:1048B000002203701B0A43708270C2700271427141
:1048C0008271C271214642F20100FFF753FE044695
:1048D00000287FF467AF95F87C30B5F804119A068C
:1048E00025D4C9B901AA41F20500FFF743FE0446E9
:1048F00000287FF457AFB5F80431019C4BB9E36849
:10490000B3F80120A5F804219A883848114616F01A
:10491000BDFA2046FFF76CFA4FF0FF304FF0FF3141
:10492000FFF74AFD044638B96FF068043AE70029FA
:10493000F2D16FF0040435E708210C3013F02CFCA1
:10494000102303708823437002230022C3702023A6
:104950008270027142718271C371214640F601403A
:10496000FFF708FE044600287FF41CAF014601AAA9
:104970004FF60140FFF7FEFD044620BB0198FFF70C
:1049800037FA214601AA4FF60240FFF7F3FD04462D
:10499000C8B90198C368B3F80130A5F8C130FFF772
:1049A00027FA95F8C1305B070DD501AA21464FF6CD
:1049B0000340FFF7DFFD30B90198C3685B7885F8E5
:1049C000C030FFF715FA00F07FFB044600287FF4A3
:1049D000E9AE01F0E5FA044600287FF4E3AEFFF704
:1049E0001DFDDFE600000020D800002008010020A7
:1049F00010B5FFF779FE034B1B6813B1BDE81040FB
:104A0000184710BDEC0C002073B5254D0646D5F8AF
:104A10006C0116F0B5F800283BD06FF0020105F1EB
:104A2000D40013F067FD012113F0FBFC10EA010430
:104A300032D11C4B1E600A4605F5987016F026FA16
:104A400005F5AA7016F0CBF9174816F0E9FA1749E0
:104A5000154800946FF007034FF4966211F050F878
:104A60001349114816F007FBD5F86C01114983680A
:104A70001B689847044648B926B902B0BDE87040A3
:104A8000FFF732BE05F1C40011F034F8204602B041
:104A900070BD6FF01204F9E76FF07704F6E700BF1E
:104AA00000000020EC0C00200806002080230020DD
:104AB000BACF0200694101002DE9FF414D4BB0F82A
:104AC0000180198848F4704291424FF0000602BFFD
:104AD0001E80494B1E78C378012B08BF474B00F15D
:104AE0000404054620460CBF93F86F70002713F0AE
:104AF00025FC2146A8B102A813F015FCD5F8113009
:104B0000CDF80130B5F81530ADF805300127EB7858
:104B1000012B1CD01321404613F06DFE04B0BDE8FC
:104B2000F081384613F0E2FE0346006802909A884E
:104B30009B796868ADF80C208DF80E30A288A379B7
:104B40002F790090ADF804208DF80630DFE702A839
:104B5000FFF744FA04460028DCD00346B5F80120EC
:104B600023F8702B02989DF80E20BDF80C102067DA
:104B70009A719980B5F81730A4F88630B5F81930D5
:104B8000A4F88C30B5F81B30A4F88E30EB78E370C5
:104B90000022012B62721CD18DF80070BDF8042038
:104BA0009DF806300098A4F87B2084F87D30C4F886
:104BB000770000F045FB237A1049C3EBC3035A1872
:104BC000CB58C4F87E309388A4F88230937984F867
:104BD00084300721204600F0E3FD26B166720121F2
:104BE000204600F0DDFD204600F0BCFE204600F02F
:104BF00091FD93E7F82200203223002000000020DE
:104C000000B5C3681A7889B032B13C2A32D109B0F4
:104C10005DF804EB13F07ABC8DF80020B3F80120A6
:104C2000ADF80120DA788DF80320B3F80B20ADF849
:104C30001720B3F80D20ADF81920B3F80F20ADF808
:104C40001B205A7C8DF81D20586801901A899B7A88
:104C50008DF80A30094BADF8082068461A689B8821
:104C6000CDF80B20ADF80F30CDF81120ADF8153090
:104C7000FFF722FF09B05DF804FB00BF71CE020010
:104C800038B5032104460C3013F0B6FAE368057812
:104C9000B0F80100197840F6354398420AD0224610
:104CA000FFF7E2F935B1044810F030FDBDE83840B7
:104CB000FFF7BEBB38BD00BF3001002038B504216E
:104CC00004460C3013F098FA457801784088224663
:104CD000FFF7CAF935B1044810F018FDBDE83840B7
:104CE000FFF7A6BB38BD00BF3001002070B54FF004
:104CF000FF320D464FF0FF3300210646FFF72AF939
:104D0000044660B90A4A0B490B481A2313F036F8D7
:104D100084F31188BFF36F8F0323184602DF02214B
:104D200004F10C0013F038FA06704570204670BD8F
:104D3000C3CF020040CF0200F5CE0200F8B50A4D05
:104D4000EF7906460024E3B29F4202D86FF00100DB
:104D500007E02946304613F0C1FD0735631C08B152
:104D60002046F8BD1C46EEE70000002070B5144E4A
:104D700006223146044616F097FBE0B14FF0FF30B3
:104D80004FF0FF31FFF718FB0546B0B10622214670
:104D90000C3013F007FA0022294642F20500FFF713
:104DA000E9FB48B93346226843F86929A288B280F2
:104DB000012283F86820002070BD6FF06800FBE7D7
:104DC0006900002037B504460D4689B118492846C8
:104DD00013F084FD60B9174A2968C4EBC404A31812
:104DE0001151AA889A80AA799A71002003B030BD27
:104DF000684613F08AFA0028F8D16846FFF79EFF4C
:104E00000028F5DA0B4A00989DF80610C4EBC4049C
:104E1000A3181051BDF8040098809971002DE4D0BA
:104E200012592A609A88AA809B79AB71DDE700BF8E
:104E300064CE02000000002070B5044611B16FF08E
:104E4000150070BD80B11C4913F048FD60B92046C3
:104E5000FFF774FF002829DA2378012BEFD1A3791B
:104E600003F0C003C02BEAD1144DEB79012B20D005
:104E7000BFF35B8FD5F8D430BFF35B8FDB0707D46C
:104E8000002CDCD00C49204613F028FD0028D6D198
:104E9000EE792146731C3046EB71FFF793FF08B99A
:104EA0003046CEE7EB79013BEB71CAE76FF0770054
:104EB000C7E76FF00B00C4E764CE020000000020DB
:104EC0002DE9F3410446D8B101AA002141F20900BD
:104ED000FFF750FB054698B9019E1249D6F80C80A1
:104EE00008F101070622384616F0DEFA28B10E490D
:104EF0000622384616F0D8FA30B93046FEF778FF69
:104F0000002002B0BDE8F081D8F80130C4F80130CB
:104F1000BB88A4F8053030462570FEF769FF0120F4
:104F2000EFE700BF71CE02006BCE020007B5684606
:104F3000FFF7C6FF044BD87118B169460020FFF790
:104F400041FF03B05DF804FB00000020F0B5294DDF
:104F5000EE7989B0002E46D195F8C230DB0722D514
:104F60006A4631464FF60940FFF704FBD8B9DDF831
:104F700000C0DCF80C406378012B1E4628BF0126D8
:104F800073B1A31C02AA123418685968174603C7E4
:104F90000833A3423A46F7D1186838609B88BB8033
:104FA0006046FEF725FFEE71002416260127EB79F7
:104FB000E0B2834202D8B3B1002012E008AB06FB96
:104FC0000033694653F8182C33F8143CCDF801200F
:104FD000ADF805308DF80070FFF7F4FE01340028BD
:104FE000E5D009B0F0BD0021084609B0BDE8F040A9
:104FF000FFF722BF000000202DE9F0410D461746C3
:105000001C460646002856D0002B54D00A030378CD
:1050100008D56D074FD413F076FC002849D1012341
:1050200023700CE0A9072CD026480FB1AA0608D49B
:10503000C3EBC302825C012A12D002B922700020A5
:1050400037E090F8D820510638D5C3EBC302825C14
:10505000012A05D002B92270237843F00203DFE76A
:105060004FF00108072111FB03810144304613F082
:1050700042FCF0B984F80080002FE0D0AB06DED50A
:10508000EAE76A0711D50F49C3EBC3028E5C012E14
:1050900008D1072212FB0363194413F02CFC40B91A
:1050A0002670EBE7002EE9D1FAE713F02CFC012380
:1050B0002370BDE8F0816FF01500FAE76FF085000E
:1050C000F7E700BF0000002010B50A4CE3790BB1F0
:1050D000002010BDFFF72AFF0028FAD1E379002B4A
:1050E000F6D1FFF733FF0028F3D1601CBDE8104074
:1050F000FFF73CBE00000020F8B54568690506468C
:1051000035D4046914B115F0030330D0194F307849
:10511000FB7983422BD9C0EBC000174907223844E2
:1051200016F0C2F9A8B115F0030306D197F8702064
:10513000082A02D8B2689F2A19D915F0300F09D071
:10514000ACB1EA060AD405F46035B5F5603018BF95
:105150000120F8BDEB0601D4002CF4D1D6E90223DE
:105160009A4204D81F2A02D9B3F5804FEBD9002008
:10517000EFE700BF0000002064CE0200F7B5CDE9E4
:105180000001694642F208009DF8207016461D464F
:1051900013F0E9FB044668B97FB9BFF35B8F0C4B92
:1051A00053E8001F41F0040143E80012002AF7D140
:1051B000BFF35B8F204603B0F0BD694642F20900A1
:1051C000CDE9006513F0CFFB0028E6D00446F1E7F7
:1051D00028000020F8B50446164B14F8097B83F824
:1051E0006F7005460E4607221349204616F05CF9FB
:1051F00070B91249384600F0B9FD044610B96FF095
:105200000B00F8BD052100F0CBFA34600020F8E770
:105210002146384613F048FD40B92146287800F071
:10522000A5FD04460028EAD00621ECE76FF0150042
:10523000E7E700BF0000002064CE02005DCE020060
:1052400000487047180000202DE9F04F8B4ED0F831
:1052500010B089B09A460023BBEB030405463046E4
:1052600018BF0124039313F078FB0F4641079146C2
:1052700040F1E5802846FFF73FFF60B96FF0150465
:105280003846002340F20111994540F0E180204664
:1052900009B0BDE8F08F284613F04CFB804600288B
:1052A000ECD0A6F1AC0013F058FBC205C0F300230C
:1052B00000F1C880CDE90533CDF81B30AB686868D4
:1052C000ADF81030EB68ADF8123013F037FB8DF805
:1052D0001D00BFF35B8F56E8003F23F4807346E860
:1052E0000032002AF7D1BFF35B8F2A7806F8BC2C76
:1052F00006F8652C696822460DF11503A6F1BC007D
:10530000FFF77AFE04460028BAD1A6F1B303BBF139
:10531000000F11D02A69116846F8B31C9188998052
:1053200092799A716B689E0745D1980502D4BAF1BB
:10533000000F54D002230BE0514A116846F8B31C09
:105340009188927999809A716B689C07EDD05B4641
:105350008DF814304FF0FF304FF0FF31FFF72CF88D
:105360000446002871D00F2204A90C3012F01AFF55
:105370002146002242F20600FFF7FCF8044600280E
:105380007FF47EAFBBF1000F2DD06B68990736D14B
:105390003C48012113F05CFB039E0446002836D0F4
:1053A000002E3FF46DAF3046002100F0F9F9304691
:1053B00000F0B0F964E713F0100F0CBF01230423D1
:1053C0008DF814302B691A68CDF816209A88ADF83C
:1053D0001A209B798DF81C304FF00008BAE70323A0
:1053E0008DF81430F8E7129BCDF8008052464946FC
:1053F0003846FFF7C3FE04460028C6D040E72148E0
:1054000003A9FFF7E7FE04460028C1D038E716B12C
:10541000304600F07FF96A681B4812F0030218BF9B
:105420000122092113F0F9FA42460A2113F0F5FA94
:105430006A680C21C2F3800213F0EFFA20E76FF0E4
:105440000A041DE76FF077041AE76FF0680417E7A6
:1054500002888A4204D1426812B11278D20702D47B
:105460000133083010E70949094815F0DFFD4FF412
:1054700070220023064810F0E1FB08E7D40000206A
:1054800064CE02001800002028000020A38A020039
:105490003000002010B5184813F000FB174813F037
:1054A0005CFA0346DA05C0F3002023D5134813F055
:1054B00054FA830515D512491248072215F0F4FF56
:1054C00011490346087E93B91049052200F092FC69
:1054D000044630B10021417200F062F9204600F02C
:1054E00019F9BDE810400448002113F0B1BA0622B2
:1054F0002131EBE710BD00BF18000020280000207C
:1055000064CE020021000020000000205DCE0200D9
:1055100070B50C4B1C68054644B154F8143C143C5F
:1055200013B1697A284698476469F5E7064C074E37
:10553000B44200D370BD236813B1697A28469847F6
:105540001834F5E7240D002028BD020040BD0200FC
:1055500010B50446FEF7ACFB044901EB00112046F0
:1055600012F02DFFBDE81040FEF762BFF00C0020E6
:1055700070B5D1E9015600220446C1E9012206486E
:1055800015F06BFC3DB1314620462B466FF06D02A5
:10559000BDE87040184770BD8C04002070B505460A
:1055A0000F480022002310F0EBF8B8B90D4B1C682F
:1055B00034B154F80C3C143C03B198476469F7E7E4
:1055C000094C0A4EB44204D32846BDE8704010F09E
:1055D00091BAA36803B198471834F3E770BD00BFD0
:1055E00074040020240D002028BD020040BD0200EC
:1055F0002DE9F843DFF85480044620270025EFF317
:10560000118387F31288BFF36F8FE16929B983F3A0
:105610001188BFF36F8FBDE8F883206A0A68E261E2
:10562000814208BF226283F31188BFF36F8FD1E9F3
:1056300001694046C1E9015515F00FFC1EB1002279
:1056400049462046B047FEF7F3FED8E78C04002019
:105650000448B0F80431002B00F5847008BF002026
:10566000704700BF0000002030B5044616F0F2F885
:105670000D4A0D460D490858D2F8801088428BB06B
:1056800005D120460BB0BDE83040FFF7B1BF243450
:105690002146104615F099FC1DB16946204615F0CB
:1056A000A4FC0BB030BD00BF700B00200800000050
:1056B00038B5002204468A4202D10024204638BD73
:1056C00004F1C4030120BFF35B8F53E8005F002D9A
:1056D00004D143E8000CBCF1000FF6D1BFF35B8F9F
:1056E00002D0C8340244E6E7002CE6D0C4220021F0
:1056F000204615F0D1FE04F14000044915F096FC57
:10570000034904F1240015F044FCD7E7A55E01002D
:10571000078B020008B5C430BFF35B8F50E8003F31
:10572000013B40E80032002AF8D1BFF35B8F3BB960
:1057300004480FF0EBFFBDE80840034810F0DAB969
:1057400008BD00BF74040020E401002010B5044629
:1057500013F04EFA10F094FC104BD3F8241104F11E
:10576000B80249B9C4F8B810D3F8281189B9C3E907
:10577000492210F099FC06E08A4208D110F094FC0E
:105780002046FFF7C7FFBDE81040FEF751BE09688D
:10579000E7E70A60C3F82821EBE700BF000000201C
:1057A00070B5837A8B42044668D08172FBB913F0DE
:1057B0001FFAA37A012B1DD0072B5FD1304800219F
:1057C00010F0E4FF0023C4E90D33E378012B55D139
:1057D000A378012B04BF032384F8943004F1400024
:1057E0004FF42032BDE87040002310F0F3B9827A04
:1057F000012A08D1234D05F58476616961BBBDE8B6
:105800007040FEF715BE072AD8D0002A36D1013BDA
:10581000072B33D8DFE803F004171B1B1B173232AA
:1058200000F14005284615F00DFC20460121FFF748
:105830001BFF204613F085F928460022BDE8704082
:10584000002310F0FBB9437A0BB1FFF761FE20464D
:10585000BDE87040FFF75EBFA2690B6863619142CB
:1058600008BFA3612046FFF783FEB5F80431002B83
:1058700014BF304600200FF049FFBEE770BD00BFE7
:10588000F401002000000020F8B5074609480D4645
:10589000164613F0ADF9044650B183781F4203D188
:1058A000BDE8F840FFF736BF3146A8472046F7E786
:1058B000F8BD00BFA8060020024900220120FFF722
:1058C000E3BF00BFC78A020038B505460B480C4647
:1058D00013F08EF9034670B1827A012A02D0073A9A
:1058E000012A06D81A88AA4202D19A78144203D112
:1058F0001846FFF70FFF0023184638BDA806002002
:10590000034BC01A034BC0105843C0B2704700BFCE
:10591000A8060020295C8FC270B51C4614430546BA
:105920000E460AD015F096FF0B4908580B49D1F8DE
:105930008010884204BF002213460949002D14BF7D
:105940002846084612F0BCFB044618B1711D0C3005
:1059500012F017FC204670BD08000000700B0020FC
:10596000A404002010B50446054810F0C3F82046F2
:1059700000F0CEFB2046BDE81040FFF7C9BD00BFD8
:10598000D40100202DE9F04F87B000230393059345
:10599000AC4B5A8B32B1AC4DD5F8244134B907B079
:1059A000BDE8F08F1B68002BF5D1F8E754F8B83943
:1059B00003B1B83BA549002601E01C461346B5F8E3
:1059C0000421002A00F03B81D5F810214AB904F1E6
:1059D000B806002BE3D0D3F8B820002AEDD0B83AAF
:1059E000EBE70A68002AF2D0D4F8A420002AEED00F
:1059F000D4F8A820002AEAD0D4F8AC20002AE6D0B7
:105A0000A37A072B66D120469047002862D0BFF3C7
:105A10005B8FD4F8BC30BFF35B8F022B5ADC20467F
:105A200013F0E6F804460028B9D0A37A072B40F01B
:105A3000FD80D4F8A430B5F8041104AA2046984794
:105A40000746002800F0D280B5F80421049B9A4252
:105A500006D30146D4F8A86005AB03AA2046B04798
:105A6000059B01933B8ADDE9039A002B00F0E1805E
:105A7000384612F0BAFC8046002840F0DD80B5F8C8
:105A80000431DFF8CCB1002B14BF584600200022AF
:105A900000230FF075FE78B96C48002200230FF048
:105AA00003FE064600283BD1B5F80431002B18BF91
:105AB0005E4630460FF02AFE6FF00B053846FEF7C3
:105AC00097F9B9F1000F00F08D8001992A46204620
:105AD000C84787E0D4F8B83004F1B802C6B9D5F8A1
:105AE0002811C5F824318A4201D1C5F82831002394
:105AF000C4F8B8302046D4F8AC309847002894D089
:105B0000A37A072B40F092802046FFF71FFE8CE718
:105B10003360D5F828319A4208BFC5F82861E6E716
:105B2000019BC0F804908360B5F804B14548DA459C
:105B30004FF000024FF000034FF0000198BF1FFA32
:105B40008AFBFEF7D7F8814650B1FEF7B1F8414B1A
:105B50005A4603EB00133946484612F00BFC8146C7
:105B6000B5F8043194F8C0709A458CBF4FF0010825
:105B7000023784F8C08098BFFFB204F1BC08BFF3BD
:105B80005B8F58E8003F013348E80032002AF8D123
:105B9000BFF35B8F00233360A3695BBBC4E9056679
:105BA000A378012B29D0BFF35B8F58E8003F013B5E
:105BB00048E80032002AF8D1BFF35B8F314604F188
:105BC000140012F0A3FF4846FEF712F920463146B2
:105BD000FFF7CEFCB5F804311D48002B08BF0020AC
:105BE0000FF094FD1321204613F01EF82046FFF716
:105BF00091FDD4E61E60A661D2E709F10C0A0421EA
:105C0000504612F0E0FA238807F0FD0743EA073315
:105C10000380B9F81030043B43800221504612F053
:105C2000DAFA4846FEF7F0FB0028BCD1FEF700FC8C
:105C3000DCE76FF0790541E76FF004053EE7936814
:105C4000FFDE00BF28050020000000208C0400209B
:105C500008010020F00C0020F8B5BFF35B8F42680C
:105C6000BFF35B8F9204044600F1040319D5B0F82A
:105C70008620B0F88810914213D8B0F88A1091426B
:105C80000FD3D0E9231291420BD1BFF35B8F53E8BE
:105C9000001F21F4005143E80012002AF7D1BFF39E
:105CA0005B8F114B1D686DB155F8046C143D3EB10E
:105CB000B4F88E30B4F88C20B4F886102046B04783
:105CC0006D69F0E7094D0A4FBD4200D3F8BD2E695A
:105CD0003EB1B4F88E30B4F88C20B4F8861020466B
:105CE000B0471835F0E700BF240D002028BD0200A2
:105CF00040BD02002DE9F041074608460D4612F06E
:105D0000E5FC064618B900263046BDE8F081144B84
:105D10001C6884B154F8083C143C0BB96469F8E77A
:105D20002946384698470028EDD0284612F0CEFC88
:105D30000028F3D1E7E70B4CDFF82C804445E3D291
:105D4000E3680BB91834F9E7294638469847002824
:105D5000D9D0284612F0BAFC0028F3D1D3E700BF0F
:105D6000240D002028BD020040BD020038B50546C4
:105D70000C460E480121FFF79BFCB0B10572236869
:105D80000367A388A0F87430A37980F876300123E4
:105D90008370074BC0F8A430064BC0F8A830064B00
:105DA000C0F8AC30054BC0F8883038BDA8060020DC
:105DB00035600100B38A0200A78A0200180028009B
:105DC00070B505460A480E4612F012FF044620B18F
:105DD0008378012B04D0FFF79DFC0024204670BD82
:105DE0003246294612F040FF0028F7D12046F2E75C
:105DF000A8060020F8B505460E480E46174612F0D4
:105E0000F7FE044620B18378012B03D0FFF782FC14
:105E100000240DE036B13246294612F025FF08B9BC
:105E20002046F3E7A37ABB42FAD1237AAB42F7D1FB
:105E30002046F8BDA806002038B5044608460D46A1
:105E400012F044FC48B3164B93F8D830990707D4A6
:105E5000E37883B129462046BDE8384000F0AEB96A
:105E600094F895309A07F3D5BFF35B8F6368BFF35F
:105E70005B8F5B04ECD42946204612F023FF58B90F
:105E80002B88A4F888306B88A4F88A30AB88A4F8F3
:105E90009030EB88A4F8923038BD6FF01500FBE726
:105EA00000000020F7B510F8363C0446A0F140068B
:105EB0000BBB304612F059FF354B1D684DB155F8FC
:105EC000103C143D1BB114F8371C304698476D69DF
:105ED000F4E7304D304FBD4205D3304603B0BDE846
:105EE000F040FFF717BC6B681BB114F8371C304645
:105EF00098471835EFE710F83E3C012B30D1BFF33F
:105F00005B8FA0F13C0555E8003F23F4005245E8C3
:105F100000210029F7D1BFF35B8F9B0422D5A36C2E
:105F200000936946236D01933046FFF785FF58B90A
:105F3000BFF35B8F55E8003F23F4805345E8003200
:105F4000002AF7D1BFF35B8FBFF35B8F55E8003FAB
:105F500043F4006345E80032002AF7D1BFF35B8FBA
:105F600003B0F0BD0D4A106851686B4603C3694623
:105F70003046FFF761FF0028E6D1BFF35B8F55E89D
:105F8000003F43F4805345E80032002ADAD0F6E7B8
:105F9000240D002028BD020040BD020084BD020087
:105FA00010B50C4814F01BFF0B490A4814F055FFBC
:105FB0000A49084814F051FF0949064814F04DFFFA
:105FC00013F061FC13F01BFF044608B912F0D5FF73
:105FD000204610BD8C040020000D00200C0D002078
:105FE000180D0020044B186818B9044A5A600B6059
:105FF00070476FF00B0070472C0D0020E0C10200CD
:1060000070B5044652EA03000AD015F023FC074D90
:10601000074ED5F880503058854204BF0022134601
:1060200020460431BDE87040FFF776BC700B0020BD
:10603000080000002DE9F843D0F8B0400E46904625
:106040004CB1483C236B63B104F13009484614F06D
:1060500019FF054658B9FEF7EBF900252846BDE8BB
:10606000F8832068B03012F076FEA46CE8E712F0F6
:10607000BCF90028F1D1284612F051F8E36C05462E
:106080009BB9A38C078A403B9BB23F2B03D8238D3F
:106090009F4228BF1F46042105F10C0012F093F81F
:1060A0000780A38C43800437E764E36C2A8A9E420E
:1060B0000FD3934216D0A38C403B9BB23F2B21D9E8
:1060C0002068B03012F047FE236B13B1204612F067
:1060D00023FEE36CC8F800309E4234BF9E1B0026AE
:1060E000E664BBE70022002348460FF0DDFAFDF727
:1060F0007FFEA38CA3F140023F2AE1D8034AAA61A4
:10610000EB61DDE700221346F9E700BFA18E020034
:10611000F7B5284D284F04460026BD4201D303B0F1
:10612000F0BD2988204612F0B1FE6B68019001A9EC
:1061300020469847002838DB019B2A889A829A8457
:1061400003F11002BFF35B8F52E8001F42E80060CA
:106150000028F9D1BFF35B8F9E64DE649E60A16B63
:1061600003F1080219BBC4E90D221C60DE6003F1D3
:10617000300014F034FE019843681B6803B198475F
:10618000019BBFF35B8F103353E8001F41F0010107
:1061900043E80012002AF7D1BFF35B8F01984368F0
:1061A000DB6913B100F1100198470835B5E70A60C3
:1061B000A263DAE710BD020028BD020070B5124BE1
:1061C0000C4619780131C9B2012938BF01210546B1
:1061D00008221220197012F025FE064688B1082107
:1061E0000C3011F0D9FF2288028062884280A28898
:1061F0008280E288C28031462846BDE8704012F0B5
:106200005CBE6FF00B0070BD3323002023281FD825
:106210001A2804D8431E182B0ED906207047A0F167
:106220001B03082B1ED8DFE803F0051D1B231D19D7
:10623000251D0500032070470F4A012383401A40A3
:10624000C2B90E4A1A40002A14BF01200620704726
:1062500000F07F03522B05D10020704701207047CA
:106260000520704710F0400F0CBF0620002070473B
:106270000420704702207047AAAA8A02545545019B
:1062800070B50E46438D418B8B4202F1010228BF4F
:106290000B469A42054620D83046FFF7B7FF022842
:1062A00012D0042810D015F0D5FA154B1958154BFB
:1062B000D3F88030994213D0134B1B685A1A18BF79
:1062C0004FF0FF32134602E04FF4702200230F48D4
:1062D0000021FFF795FE044620B90024204670BD3A
:1062E0000022EFE7FDF7E4FC094B182202FB003324
:1062F000012104F10C009D6011F04EFF0670EDE7E6
:1063000008000000700B0020C40D0020D004002005
:106310007C0D0020011F014814F086BC28040020D9
:10632000F8B54FF47022074600230D480E4611F0D1
:10633000C7FE044690B100F10C050921284611F072
:1063400020FF2046FDF7B4FC064B182202FB003369
:10635000012128469F6011F01FFF06702046F8BDFE
:10636000D00400207C0D002010B500F1500304463D
:10637000BFF35B8F53E8001F41F0010143E80012B7
:10638000002AF7D1BFF35B8F201F12F05CFF04F1EE
:106390007400044914F04AFE2068BDE8104001F082
:1063A000FFBB00BFBF98020070B503788AB00446F7
:1063B0000E4607AD032B20D8DFE803F002191B1DA2
:1063C00011492846FAF730FD059563780493A378C0
:1063D0000393E37802932379019363790093A3797C
:1063E0000A4A1E21304610F029FA0AB070BD084949
:1063F000E7E70849E5E70849E3E7084A0A212846AC
:1064000010F01CFAE0E700BFF9CF020022D0020032
:1064100000D0020007D0020011D002001BD0020001
:106420002DE9FF4105460E464FF000084FF420537A
:10643000006817688DF8088002A91446ADF80A3084
:1064400011F015FFA0B142F6010328688DF80C8009
:1064500003A9ADF80E3011F00AFF48B123691BB152
:106460005A88B24200D25E80012004B0BDE8F081BB
:106470006168286811F0FBFE10B100232361F3E787
:10648000E368A0681A786AB1B7F82AC0798B038AE2
:106490008C4594BFC3EB0C03C3EB0103934201DAB9
:1064A0000020E2E704210C3011F076FE2061068026
:1064B00023695E80074B00930194A268002329465C
:1064C000384612F02BFF0028EADB2069003818BF9D
:1064D0000120CAE7AD9202002DE9F347176805468F
:1064E000894600685168D7F804A0144611F0BFFE31
:1064F000804600284BD195222946504613F06CFB6C
:106500000646207540B1E3681B780BB184F814800F
:10651000002002B0BDE8F0872946504613F044FC45
:1065200010B908232375F3E7A068267511F0FBFD69
:1065300002210C3011F030FE164B2061A0F80090C3
:1065400000930194A26833462946384612F0E6FECD
:10655000002807DA10F1FF0F26BF4042C0B20E201C
:106560002075D5E72369002BD2D0A06812F010FD6A
:106570007B8B7A8D9A4294BFC0EB0200C0EB030084
:10658000E3681B78984294BF00200120C1E70120F6
:10659000BFE700BFA18F0200F7B5144605460E46BF
:1065A0004FF495720146206813F016FB207430B941
:1065B0002068294613F0FAFB20B908232374002031
:1065C00003B0F0BD6B8A5B0612D501230193E3890A
:1065D0000093AF68A389A26820682946B84738B1FC
:1065E00010F1FF0F26BF4042C0B20E202074E6E734
:1065F0000A480022002311F063FD606008B90923F6
:10660000DCE70683E38943836068A289A1680C30D4
:1066100011F0C8FD002323740120D1E7AC05002050
:10662000F7B5002304460E462C48002269460EF0BA
:1066300045FF0546D0B915F00DF9294B009F1A58B2
:10664000284B29461A60381D302214F025FF3C6083
:10665000009C25480195C4E90155C4E90B55002269
:10666000002301A90EF02AFF054620B16FF00B05AB
:10667000284603B0F0BD019B0146B022184614F035
:106680000BFF1A4A82605C3014F0A9FB019BBFF338
:106690005B8F543353E8002F43E800510029F9D1B0
:1066A000BFF35B8F019B1C60E36A019F2BB904F170
:1066B0000C0014F094FBC4E90955E26AC7F8A8205D
:1066C000226B07F1A803E36202B92363019B17223F
:1066D0005A855A8304333360CAE700BF0C04002094
:1066E00008000000C40D0020280400201002002033
:1066F0002DE9F74F064608460C46FDF7D9FADFF8B4
:1067000098801823434308EB03020546D2F808A0FB
:10671000E068BFF35B8F716DBFF35B8FC90738D53E
:10672000E16809781171002248F803200378D22B20
:106730000ED133682146186813F05EFB40B101901A
:106740002046FDF755FB019B184603B0BDE8F08FCE
:1067500004F10C0011F068FD18235D4308EB0509F6
:1067600000231A4607462146301DB4F810B0C9F878
:10677000086012F06DFB03460028E5D06269A4F8BA
:1067800010B012FA87F7E76048F80500C9F808A0CA
:10679000DAE76FF01503D7E77C0D00202DE9F14F04
:1067A0000546FDF785FA3349182202FB00F3C818A5
:1067B00051F803A00779B0F80680D0F810900021B6
:1067C000D0E9024614F068FEA87AFDF769FA696913
:1067D000834651B16B7AD80705D4DBF824301B68A7
:1067E00028469B68984700236B612946584614F059
:1067F0003FFB002F31D084B3236873B31B6863B3AE
:10680000BAF1000F29D1201D12F04DFF3846FFF7D5
:10681000FDFC052821D8DFE800F016032016200330
:10682000BFF35B8F636DBFF35B8FDA0715D5A36D85
:106830009BB14FF47022002304F1780001B0BDE851
:10684000F04F0FF0FBB923681D68BFF35B8F636DDA
:10685000BFF35B8FDB0700D556B901B0BDE8F08F01
:1068600049462846B0470134A3B29845F8D8F4E722
:106870000024F9E77C0D0020F8B50B8A0768044670
:106880000D46002B39D0012105F10C0011F0B4FCAC
:10689000BB7A072B064630D154F8043C6BB3017821
:1068A0001748043C002310F833708F4200EBC302FA
:1068B00008D1298A53789778994213D2012F1CD195
:1068C000042317E001330E2BEDD10846FFF79EFCA1
:1068D00098B1052811D081B106230022204612F07C
:1068E00025FF0AE05368294620469847012F0346B2
:1068F00003D110B131780029EFD10020F8BD00BFDD
:1069000008C20200F0B51E4603680D46003987B084
:10691000044618BF01211868174613F042FA38B927
:1069200004F1540012F0EBFC002845D1122032E0B3
:10693000002E43D018220021684614F0ADFD67BB3D
:1069400023681F4A1B680093BDF83030ADF8123041
:106950000D9B0393BDF83830ADF8103001238DF84E
:10696000143031466B4630468DF8085012F061FB0A
:106970009DF81430DBB157B10198FDF739FA9DF855
:106980001430CDB132462946204612F0CFFE182DE4
:1069900012D19DF8140007B0F0BD00223946204600
:1069A000FFF76EFC01900028CAD11120F3E701998E
:1069B00011B1204612F0ACFE0020ECE70120EAE71E
:1069C000C18F02002DE9F04FCB684B4F1B7887B089
:1069D0000546049300242868436A2BB9002C76D01E
:1069E000002007B0BDE8F08F243011F082FB4FF09B
:1069F0000003B0F818A0028AC168BB800646BB68D5
:106A00003D483B6011F0CEFBD5F80080738BD8F881
:106A10002440059324B1D4F800904FF0000BD4B972
:106A2000049B012B51D1BB8802933B680193738B6C
:106A300000930022534618212846FFF763FF0446BF
:106A400028B10346328B1821284612F06FFE3046DB
:106A5000FDF7CEF9BFE7228B524532D1628B002A77
:106A6000DED0B988059B581882423CD1228AF8882A
:106A7000114481423EDCE168384611F093FB226804
:106A8000BBF1000F14D1D8F82810C8F824208C428C
:106A900001D1C8F82820002323602046FDF7A8F97B
:106AA000B9F1000F0FD0D9F800204C469146B6E757
:106AB000CBF80020D8F82820944208BFC8F828B0A6
:106AC000E9E7A346ECE74A46EFE70024BFE71921D0
:106AD0002846FFF725FC014618B1284612F018FE9B
:106AE0007EE70E207DE7072352461821284612F044
:106AF0001DFE75E70D23F7E7040200202DE9F041A4
:106B00000E8A043EF6B2022E04468CB0084601D02E
:106B1000102E64D104210C3011F06EFB0DF1080829
:106B200005884788011D3246404611F0CEFB0028FB
:106B300057D09DB3002687B3BD422FD84FF42053C2
:106B400001A940468DF80460ADF8063011F08FFBC6
:106B500040BB1422002107A814F09EFC11212046FE
:106B6000FFF7DEFB0990002837D001210C30CDE97A
:106B7000074811F011FB00230A901B4A03703946A5
:106B80000B93284607AB12F054FA0A9B1B78FBB90B
:106B90000998FDF72DF90A2301E03D4601232A4615
:106BA00010210EE042F6010307A940468DF81C6053
:106BB000ADF81E3011F05BFB0028CAD010232A4626
:106BC0001946204612F0B2FD00200CB0BDE8F0815D
:106BD0000999204612F09CFDF6E71120F5E7042004
:106BE000F3E70E20F1E700BF216401002DE9F04337
:106BF000036885B004460D461868012113F0D1F8EA
:106C000040B904F1540012F07AFBB0BB122005B079
:106C1000BDE8F08310220021684614F03DFC2121DC
:106C20002046FFF77DFB029048B3DFF858900094B0
:106C300005F10C074FF001082B8A012B04D80299AB
:106C4000204612F065FD18E0384611F0E5FA6B4673
:106C50004A46014606468DF80C8012F0EAF99DF886
:106C60000C30002BE8D00298FDF7C2F89DF80C30EC
:106C700032462021204612F059FD0020C7E711209E
:106C8000C5E700BFCB9402002DE9F043036885B04F
:106C900004460D461868012113F083F840B904F149
:106CA000540012F02CFBB0BB122005B0BDE8F083FD
:106CB00010220021684614F0EFFB0F212046FFF759
:106CC0002FFB029048B3DFF85890009405F10C07B1
:106CD0004FF001082B8A012B04D80299204612F0AC
:106CE00017FD18E0384611F097FA6B464A46014600
:106CF00006468DF80C8012F09CF99DF80C30002BA4
:106D0000E8D00298FDF774F89DF80C3032460E2159
:106D1000204612F00BFD0020C7E71120C5E700BF99
:106D20006B940200F0B51D46036885B004460E461C
:106D300018680121174613F034F838B904F15400EB
:106D400012F0DDFA48BB122005B0F0BD65B3102289
:106D50000021684614F0A0FB39462046FFF7E0FA10
:106D6000029018B3BDF82830ADF8043001238DF837
:106D70000C300F4A00946B462946284612F059F908
:106D80009DF80C305BB10298FDF732F89DF80C309D
:106D90002A463146204612F0C9FC0020D4E7029969
:106DA000204612F0B5FCF8E70120CDE71120CBE733
:106DB0006B9402002DE9F0410E8A043EF6B2022ED9
:106DC00004468CB0084601D0102E76D104210C3038
:106DD00011F012FA0DF1040805884788011D3246AA
:106DE000404611F072FA002869D085B377B3BD42EE
:106DF0002DD86068012112F0D4FF064678BB8DF8CB
:106E0000000042F6020369464046ADF8023011F038
:106E10002EFA20B342F6030306A940468DF8186007
:106E2000ADF81A3011F023FAC8B1012D03D14FF695
:106E3000FF739F4213D004F1540012F060FA00284F
:106E400014BF002012200CB0BDE8F0813D460123A4
:106E50002A460821204612F069FC0020F3E7182298
:106E600000210DEB020014F017FB09212046FFF76B
:106E700057FA0890F8B101210C30CDE9064811F01D
:106E80008BF90023099003700A238DF82C300D4AEA
:106E900006AB3946284612F0CCF89DF82C302BB1C1
:106EA0000898FCF7A5FF9DF82C30D1E708992046FB
:106EB00012F02EFCD1E71120C5E70420C3E70E2015
:106EC000C1E700BFD96401002DE9F0430F4687B048
:106ED0000446062107F10C0011F08EF90588B0F880
:106EE00002808288D7F80C90C5B10023B8F1000F5A
:106EF00013D0A84512D38DF800308DF8043001A9C5
:106F00004FF420536846ADF80220ADF8063011F07A
:106F1000AEF9064660B10A2301E0454601232A4640
:106F20000621204612F002FC002007B0BDE8F083E5
:106F30000146142201A83F7C14F0AEFA0721204636
:106F4000FFF7EEF90290D8B10A238DF815300D4AFB
:106F5000019401AB41462846CDE903698DF81470D0
:106F600012F067F89DF815302BB10298FCF740FF3E
:106F70009DF81530D3E70299204612F0C9FBD3E7FC
:106F80001120D2E7019102007FB5CB681D885E8891
:106F9000044685B176B1AE420DD310220021684679
:106FA00014F07AFA05212046FFF7BAF9019058B992
:106FB000112007E0354601232A460421204612F01D
:106FC000B5FB002004B070BD6B46094A0094314601
:106FD000284612F02EF8029B23B90198FCF708FF0F
:106FE0000A23E9E70199204612F092FBE9E700BF86
:106FF000499002002DE9F0470D4686B00446042171
:1070000005F10C0011F0F8F82368B0F80090B0F822
:1070100002801868EF682E8A01211FFA89FA12F09F
:10702000C0FE40B904F1540012F069F928BB1220E7
:1070300006B0BDE8F087BAF1000F43D0142200215A
:1070400001A814F029FA2368204A1B680193012340
:107050008DF81430F6B201AB51465046ADF81280AF
:107060000397ADF8106011F0E4FF9DF8143033B1D0
:1070700052461621204612F059FB0020D8E720681E
:107080000299243011F020F817212046FFF748F923
:107090000290C8B104210C3011F07EF8A0F80090E5
:1070A000A0F802800546029831460C3011F074F8C1
:1070B00039463246281D14F0C7F90299204612F0CD
:1070C00027FBDAE70120B3E71120B1E7996501005A
:1070D00007B50B460246002114F0BCFB01910F4995
:1070E00009580F480068884204D00E48D0F8800044
:1070F000884201D10022134601A90B480EF0DEF9A7
:10710000014648B9019B1022184614F0C5F9034600
:10711000184603B05DF804FB0023F9E708000000FF
:10712000C40D0020700B00204404002010B504465C
:10713000806818B1FCF75CFE0023A360214602487A
:10714000BDE8104013F070BD440400202DE9F34762
:10715000044678300E4617461D4613F073FFA06DA7
:1071600030B9204612F096FB002002B0BDE8F0874F
:10717000124B98424FF0000805D12068C4F858809F
:1071800012F04AFAF0E7D0F80490C0F80480A06D3D
:10719000D0F80CA0FFF7CAFF2068C4F8588012F09E
:1071A0003BFAB9F1000FDFD02068CDF800A00068ED
:1071B0003B4632462946C847D6E700BFC80D0020E7
:1071C000F7B550F8044C0546002C63D000F1A4013B
:1071D00004F12C0012F07AF82E1F05F15807002256
:1071E000002338460EF060FA0246B0BB6B6D2BB13F
:1071F00001466FF067033046FFF7A8FF002345F80C
:10720000043C05F15003BFF35B8F53E8001F21F0EE
:10721000010143E80012002AF7D1BFF35B8FE36A54
:10722000002B37D104F12406304610F062FFB8B9C4
:1072300004F10C060022002330460EF035FA90B916
:1072400066689EB914482660214613F0EDFC286854
:1072500003B0BDE8F04000F0C7BCFCF7C9FDBEE7D5
:10726000FCF7C6FDE0E7FCF7C3FDE3E7A26833687F
:107270006360964208BFA36077683FB1F3680093EC
:10728000002320681A466FF06701B8473046FFF7C1
:107290004DFFD5E703B0F0BD0C040020F8B51D4646
:1072A0000F461646FCF704FD044C182303FB004070
:1072B000C0E903760123C3800575F8BD7C0D00206D
:1072C00010B5074C2378834208D10722601C14F0C4
:1072D000EBF800280CBF2046002010BD0020FCE782
:1072E000FE2200201FB51046074A19464FF4281306
:1072F000CDE9022308230093BDF818206B4412F057
:1073000079FB05B05DF804FB180028002DE9F04179
:1073100080460F4616461D46FFF7D2FF044670B959
:107320000E49FFF7CDFF0446A8B1034603F8018BD1
:107330003A68C0F80120BA889A80BA799A7122898D
:1073400063891AB92BB92681658104E0964238BF5A
:1073500026819D42F8D8BDE8F08100BF64CE0200CE
:107360000C48BFF35B8F50E8003F23F0020340E876
:107370000032002AF7D1BFF35B8FBFF35B8F036846
:10738000BFF35B8FDB0704D50022002330380EF0FB
:1073900055BC7047C00700202DE9F041284B164628
:1073A00082689A42074602D1C46863897BBB012088
:1073B000BDE8F081FEF7AEF9E36800216181002BA2
:1073C000F5D038469847F2E706F17008307A414622
:1073D00011F09FF988B91B4B9C4202D1304612F044
:1073E00067FB194B1A68C4F801209A889B79AB7126
:1073F0000023AA8023702381DEE7336FC4F80130B5
:10740000B8F80430AB8098F80630AB71D4E7238924
:10741000002BD1D02546304615F8011B2A4611F025
:1074200023FC0028D0D120782946FEF7C9FC00288B
:10743000C2D0837A072BBDD1FEF76CF9B7E700BF46
:10744000797401004002002064CE020010B54B1C8C
:107450000C4630B109781A4611F006FC40B12046BE
:1074600010BD04490722184614F01EF80028F6D073
:107470000020F5E764CE02002DE9F8431E46BDF872
:107480002030D1F80C8081460F46002B49D1731E65
:10749000012B49D8012E4146157818BF1588FFF7F2
:1074A000D5FF0446B8B915B93046BDE8F883414662
:1074B000FFF7CCFF0446002839D0D9F87030C0F867
:1074C0000130B9F87430A0F8053099F87630C371FE
:1074D00099F808300370D8F81030B3B92581B8F89E
:1074E0000A30AB4203D04146384612F060FA002D14
:1074F000DAD1104B25701A68C4F801209A889B795C
:10750000A4F80520E3712581CEE72A46394648468E
:1075100098470028C9DB01380128DFD96FF00D003A
:10752000C3E76FF00600C0E76FF00C00BDE76FF037
:107530001000BAE764CE020010B4194ABFF35B8FA3
:1075400052E8003F43F0010142E800100028F7D163
:10755000BFF35B8FDB0721D4BFF35B8F52E8003FA3
:1075600043F0020142E800100028F7D1BFF35B8F1F
:1075700013F0020307D10B480B4902880B4CA142C0
:1075800006D303B102800A490A4810BC13F04EBD6D
:107590004B681A4492B208310123F0E710BC7047DF
:1075A000F00D00200A23002040BD020058BD02005B
:1075B00085780100900700202DE9F041034648B18D
:1075C000008A38B91249DFF84CE001244FF0140C5E
:1075D000714501D3BDE8F081D1E90076BB4204D307
:1075E0000CFB0672143A93420ED93444A2B208310D
:1075F0001446EDE70CFB0578434507D001356219C9
:10760000B54292B2F6D1F2E70025F8E71046E1E77D
:1076100040BD020058BD02002DE9F74FBDF83050C3
:10762000009199464FF6FF73002D08BF1D46244B6D
:107630001B888342074690463CD203B0BDE8F08FDA
:1076400073682344BB4232D29CB208361D4B9E4223
:10765000F6D3F2E789580193404610F008FE019BEB
:1076600090B101340AF1010AA4B273685345ECD910
:10767000009B9C42E1D8BC423168F2D30BFB0AF27A
:107680008B18B8F1000FE5D1B9F1000F0BD1013D16
:10769000ADB218460E9A0D9B21469847002DCCD0CE
:1076A0000028DED1C9E7DA689145DAD1EFE74FF07B
:1076B000000ADAE7044E01244FF0140BC6E700BFBE
:1076C0000A23002058BD020040BD020007B5002378
:1076D0000193FFF771FF411C89B20846034A01ABD1
:1076E00012F06FFA019803B05DF804FB7399020081
:1076F0002DE9F84389465168B1F8128018F09408D2
:10770000074615463CD1022212F084FA00283AD0EE
:107710004FF470200021AE8AFFF7DAFC02360446EF
:1077200060B11A4B4360C56032461D21384612F0E5
:1077300085F8064638B92046FFF7F8FC6FF00B05D0
:107740002846BDE8F883012342464146FFF7A6FDDF
:10775000A98A06F10C00023110F01EFD20F8029BF0
:10776000AA8A296913F070FEA6602146384612F0F5
:10777000E3F805460028E3D02046FFF7D7FCDFE713
:107780004FF0FF35DCE76FF01505D9E77999020076
:1077900030B5394BBFF35B8F1B68BFF35B8F5A0764
:1077A0008BB004460D4661D510B1837A072B60D1AA
:1077B00068680590FFF700FF2A68ADF818003AB333
:1077C00005A902912D4901910121002300914FF655
:1077D000FF710593FFF720FF059B1BB96FF00100B8
:1077E0000BB030BD6B60059B186800238DF810301E
:1077F00004A942F60303ADF8123010F038FD70B959
:107800000598C3689B799B0605D46FF01500E7E7E0
:107810000028E8D1E2E712F08DF9ADF81800BDF8C4
:1078200018003CB101230146AB752A462046FFF7FC
:107830005FFFD5E76FF07F0307930223ADF8203099
:1078400042F60213ADF8123005ABAC7502930C4B47
:1078500001930123009304AA23464FF6FF71099573
:107860008DF81040FFF7D8FE0798B9E76FF00A00CF
:10787000B6E76FF07F00B3E7D4000020A7990200BD
:10788000A17A010013B550F8082C01920346A0F12B
:10789000200100F13004BFF35B8F54E8002F22F089
:1078A000010244E800200028F7D1BFF35B8F114AA2
:1078B00043F81C2C104A43F8182C01AA002043F866
:1078C000102C042223F8080C23F8060C23F80C2CA7
:1078D000FFF75EFF58B9BFF35B8F54E8003F43F0FA
:1078E000020344E80032002AF7D1BFF35B8F02B0F5
:1078F00010BD00BFC8C202006173010070B5274B04
:10790000156882689A42044645D1C6683389002BBF
:1079100041D03246284612F8011B11F0A5F9002883
:1079200039D04FF495722146284612F055F90328B4
:1079300031D03146204612F03AF8194B9E422AD1F6
:10794000287A05F17001FFF7BBFC044618B30389E0
:107950000BB94389FBB12846FDF7D2FF114A2389B1
:1079600022F8203002EB8003618959800E490F4CC8
:10797000182303FB001300B202EB800200EB40006F
:107980005C601A610A4C9C60042201EBC00128462D
:107990009A82FFF7FDFE012070BD00BF79740100DF
:1079A00040020020FA220020D80D0020C8C20200A8
:1079B000DF99020030B5374BBFF35B8F1B68BFF315
:1079C0005B8F5A078BB004460D465DD510B1837AA4
:1079D000072B5CD168680590FFF7EEFD2A68ADF8CB
:1079E00018003AB305A902912B4901910121002306
:1079F00000914FF6FF710593FFF70EFE059B1BB933
:107A00006FF001000BB030BD6B60059B1868002360
:107A10008DF8103004A942F60303ADF8123010F0CF
:107A200026FC70B90598C3689B79DB0605D46FF016
:107A30001500E7E70028E8D1E2E712F07BF8ADF89F
:107A40001800BDF818002CB101462A46204612F055
:107A500073F9D7E742F60212ADF8122005AA6FF0CB
:107A60007F0302920D4A07930123CDE90032ADF85E
:107A7000203004AA23464FF6FF7109958DF8104077
:107A8000FFF7CAFD0798BDE76FF00A00BAE76FF08D
:107A90007F00B7E7D4000020A7990200A17A010077
:107AA000F8B53B4B144682689A42074601D0012044
:107AB000F8BDC668374B9E4250D03289A3899A429E
:107AC00006F10101F3D13078FEF77AF90546002876
:107AD000EDD0837A072B05D0FDF71CFEE7E7FDF715
:107AE00019FEEAE7736923B13946984708B9284671
:107AF000F2E77B8A13F09407F9D1A389022B14D102
:107B0000338913F0020604D12846FDF703FEA66070
:107B1000CDE72269A1882846FFF7EAFD0646A8B905
:107B20002269937D01339375EEE7012B04D028463B
:107B3000FDF7F0FDA760BAE7338913F00106E3D043
:107B40002269A188284612F0F7F806462846FDF774
:107B5000E1FD002EA660AADA0020A9E70E4D0F492C
:107B60000722284613F0A0FC0028A6D015F8010C27
:107B700007222946FEF73EF90028B0D1236915F8FF
:107B8000010C1A69294653881288FFF7BFFB94E756
:107B90007974010040020020FF22002064CE020020
:107BA00007B5064A00906B4601204FF6FF718DF82D
:107BB000040012F006F803B05DF804FBFD78010044
:107BC000F8B5084B1C6805460E4617464CB154F8EC
:107BD000043C043C1BB13A46314628469847646849
:107BE000F4E7F8BDF40D00200346034A4FF6FF7199
:107BF000012011F0E6BF00BF99730100044B186823
:107C000018B9044A5A600B6070476FF00B00704758
:107C1000FC0D00207CC3020000F1070C2CF0030CCB
:107C200010B4541E1860A4B2ACF80020023A93B20B
:107C300001FB04F24FF0000C40F802C074B103FBEA
:107C4000011403FB01F22044121B4FF6FF7C013BA1
:107C50009BB263458050A0EB0100F8D110BC704787
:107C60000346006810B102680AB91A60704700F153
:107C7000070C2CF0030CD11DBCF800C021F003014F
:107C80000CF1FF3CA1F800C0EFE700BF0B687BB12F
:107C9000073323F003031A88013292B20346D1F866
:107CA00000C043F807CB23F003031A800860704735
:107CB0000122F3E702FB0100704700BF401A90FB6E
:107CC000F2F080B2704700BF531E11449BB242B124
:107CD000DB430138CA1811F8013D00F8013F914219
:107CE000F9D17047014402E010F8013B1BB988420A
:107CF000FAD1002070470120704700BF1060086073
:107D0000704700BF0A6803460068904205BF002222
:107D10000A6000201A607047D2F800C0CCF800005A
:107D2000D2F800C0CCF8041010607047884203D02D
:107D30001AB1436813607047002070470B68834294
:107D400009D02AB1586810601A680A60184670474E
:107D5000002BF9D1FAE70023F8E700BF2DE9F04145
:107D6000DFF830800C4E0C2706F130044546221D0A
:107D7000214628460C3CFFF7C1FFA642A5F10805A5
:107D8000F5D1043F3B1DA8F12008A6F13006EBD148
:107D9000BDE8F081C80E0020540F002010B4034647
:107DA0008C469AB101EB4101144803EB43040901ED
:107DB00001EB84010144487A0C7AA04204BF0130EF
:107DC000087210BC614618460AF052BB01EB410232
:107DD0000A4C120100EB400302EB830323449C7A1C
:107DE000DA7AA24201D010BC704701329A72044B79
:107DF00001225A5410BC0AF06BBB00BFD00E002009
:107E00004C0E0020F8B506461C460D4602B32278FB
:107E10006378D21A12F003023AD1274F71004FEA69
:107E2000450C3144AC44890001EB0C1101330431A1
:107E3000DBB27A18606823702146FFF76DFF1F4B95
:107E40000122294630465A550AF042FB0020F8BD6F
:107E50000AF028FB0028DAD0294630460AF014FB45
:107E60000028D4D005EB450206EB4601124F63789B
:107E7000120102EB81023A447100907AD27A904268
:107E80004FEA450C0CD02078C01A10F00302C8D07D
:107E9000012A03D00133DBB22370D0E71046F8BDCE
:107EA0002278D21A920702D00233DBB22370D4E9CF
:107EB00002039847CAE700BFD00E00204C0E0020F6
:107EC0002DE9F04FDFF8649119F8003089B0002BEC
:107ED0005AD0DFF85CA13C2204234FF0000B00EBEA
:107EE000400712FB00330324CDE904BB09F800B0BE
:107EF0000AEB0717039302948346B8460023B96A36
:107F000058F8240F079307AAFFF710FF044607AAA3
:107F1000B4B1079D2E786978761A06F00306012E13
:107F200035D02B78591A01F003010129DBB23DD17C
:107F3000D7E90901FFF7FAFE044607AA002CE8D1A9
:107F400097F82E3097F82F209A4203D087F82F30D9
:107F50000123049397F82C3097F82D209A4203D0F0
:107F600087F82D3001230593029B5D1EEBB2FF2B9A
:107F70000293A7F10C07C0D1049AD846DDF814B0DB
:107F800012B1BBF1000F45D009B0BDE8F08F013947
:107F90006970079BD3E902039847079D2A7869789F
:107FA000D3B2521A02F00302012A21D0B86A019317
:107FB00000224146FFF7C2FE6C60019B6A786B703D
:107FC0002B789B1A03F00303012B08D0D7E9090192
:107FD00007AAFFF7ABFE012E044698D10EE0039BE3
:107FE0006A70294620460AEB0302FFF795FEEDE78B
:107FF000D7E9090107AAFFF799FE0446029B8BB156
:1080000001235946584609F80B300AF061FA09B0C5
:10801000BDE8F08F5A464146404609B0BDE8F04FF2
:108020000AF026BA002C8BD0EAE700BF4C0E0020E5
:10803000D00E00204B1EDBB271B1411E00EB030CD1
:10804000002011F8013F23B15A1E01301340C0B285
:10805000FAD16145F5D170470846704730B5037EC7
:108060000568FF2B14D003EB43028B4205EB021291
:1080700027D04FF0000C01E099420BD09E461378B8
:108080009468FF2B03EB4302A44405EB0212F3D1E7
:10809000002030BD714517D00FFA8EFE137890681E
:1080A0000EEB4E0E4FEA0E1EFF2B05F80E3006D0DB
:1080B00003EB430305EB03139A6802449A606044A0
:1080C00030BD9E464FF0000C13780376E4E700BF06
:1080D000A2EB010C1CF4000F10B4836844690AD1B0
:1080E0002CF07F4C6344A3420DD8E41A0023446172
:1080F000836010BC7047891A21F07F418B4208D9F8
:108100005B1AA342F1D91B1B00244461836010BC9D
:1081100070470C44E41AE9E72DE9F843284DBDF80F
:108120002C7004464FF02C0E0EFB045E084604EB48
:10813000840104EB4104DEF8041001EBC00605EBFA
:108140008405F47811F83080717804F1010C5FFA3D
:108150008CFCE04598BF4FF0000C61452DD0716854
:1081600004EB44044FEA041901EB04144FF0040833
:1081700001F809806360089BA360099BE3600A9B88
:1081800023610C9BA361119B63620D9BE3610E9BBA
:1081900023620F9BA362109BE36202236270A7829B
:1081A000A37086F803C0DEE9083698472B4641469F
:1081B0000022B047A078BDE8F8830120BDE8F8832D
:1081C000900F00202DE9F04F0346407AD3E9004597
:1081D00087B0002800F0FE80421ED2B205EBC2023A
:1081E0009A468B46039205952346039A5168567822
:1081F0000491BBF1FF0F66D00BEB4B044FEA041860
:10820000CDF804B013F808B003EB041400254FF0C8
:10821000FF0C84F800C0DAF800709AF8182007EB19
:1082200008096245D9F8081018BF02960ED1CBE0B4
:10823000091A06D1B9F81E80BEF81EE0F04500F21A
:10824000B680B85DFF2894466DD0024602EB420628
:1082500007EB061E3601DEF808008842E8D9029EC8
:10826000C9F80810BCF1FF0F89F8002064D00FFA9C
:108270008CFC0CEB4C0C4FEA0C1C019807F80C0022
:10828000FF2A06D002EB420207EB0217BA68521A25
:10829000BA60A27801326270002DAAD0AA6A4FF0AB
:1082A00000012970A97022B1E96A0193002090476A
:1082B000019B6268002A9CD1AA6A2262EA6A626211
:1082C000BBF1FF0F98D1039A049F9278994606EB71
:1082D0004601701CB2424FEA011CC6B207EB011501
:1082E00068D0039B17F80C101878B04208BF00261E
:1082F0000429ECD16A7802EB420809EB081401204A
:1083000094F801E0A1788E454FEA081818D04FF094
:10831000000307F80C30AA6AA8700AB1E96A90470E
:10832000039B9A78D3E70246BCF1FF0F029EC9F87F
:10833000081089F800209AD101988AF818009FE760
:108340000192AA8ADAF814104FF6FE7082424B4668
:1083500007D04FF6FF70121AB2FA82F2520984F86F
:108360002C206A6AA262EA6862602A69029300238A
:1083700063622262AA8A4FF6FD70824288BF1A4663
:10838000A283AA69A261EA69E2602A6A2261AA68F4
:10839000A26063616A682046FFF79AFEE2784FF0B8
:1083A000000342F00102E383E270029B2FE7029E8A
:1083B000014655E7039905984A7081424B46A1F161
:1083C000080207D0039210E707F80820019A8AF8FC
:1083D00018205EE707B0BDE8F08F00BF2DE9F04F31
:1083E000447E01238FB08376002C40F0B880037E5A
:1083F000FF2B814600F0B28009F022FCD9F814204E
:10840000D9F81C3099F81880D9F800A0801A20F00B
:108410007F45AB4294BF00230123B8F1FF0F0493C3
:10842000A3467AD0059408EB48080AEB08144FEAF3
:108430000818A368AB426FD8A0781AF80880ED1A24
:108440009B4463781B1ADBB2012B62D1A26AA36939
:108450000393002A00F0F2801668002E00F082805C
:10846000002B40F09280049B002B00F00C81042331
:108470000393137A590700F0FB80137A6FF302031A
:108480001372E78BE2786FF300027B1CE27094F8C2
:108490002C209BB2E383002A73D0A28B9A4270D225
:1084A000A26A002A00F04881137A03F00703012B27
:1084B00067D00126002051685060A36A1A7A60F3E1
:1084C00002021A72A078E7680138A0700FB36369DE
:1084D000D9F8142094F803C0ABEB0303134423F042
:1084E0007F40626A23690CF0010C002E40F0B780D7
:1084F000B4F81EE0CDE900C37346B847039BE6839A
:10850000002B049B18BF01230493E37866F3000358
:10851000E370B8F1FF0F86D1059C99F80B3099F8FC
:108520000A209A4208D10132D2B2022A1ABF144656
:108530002346002389F80B4009EB83030022C3F88C
:108540000CB0D9F8244089F81A204B4601220421A6
:108550000320A4460FB0BDE8F04F604784760FB00B
:10856000BDE8F08F039B002B66D0049B002B84D1C9
:10857000D9F81C305B4580D8B8F1FF0F11D1049EAB
:1085800098E7A378013BA370C3E7049B002B7FF41B
:1085900070AFD9F81C309B45FFF46BAFB8F1FF0FFB
:1085A00047D0039BE78B07939C46A38B6668DDF857
:1085B0001CE0BB429CBFFB1A99B208EB480388BF82
:1085C00039460AEB031301FB0661069199688E4553
:1085D0002DD3CDE90C70CDF82CC0DDF81CC0CDF842
:1085E0001C90DDF80C90CDF82880CDE9085B8E4614
:1085F000A346B0461446986A9A6910B100680028EC
:108600004FD1002A4DD11B78FF2B07D003EB43033A
:108610000AEB031399688E44E645ECD92246DDE95E
:108620000A8C5C46DDE9085B0D98DDF81C90CDF8FE
:108630000CC0002A00F0978000263BE7039BA3B103
:10864000049B002B7FF41DAFD9F81C309B45FFF431
:1086500018AFB8F1FF0FA4D104990E4633E7CDE966
:1086600000C34FF6FF73B84753E7039E00212AE784
:10867000A08BE18B88423FF600AF012161F302033A
:108680001372E78BFEE6D9F81C305B453FF6EFAE80
:10869000B8F1FF0F53D04FF0040CE78BCDF81CC09E
:1086A00083E7DD8B9F8B5E68BD422AD2002E41D1CD
:1086B000002CA8D0304626682EB1B9F1000F02D1A7
:1086C000724496423FD2BD429DD3DA789BF80310A4
:1086D00002F0010601F00105AE4204D84A40D50778
:1086E00091D400288FD02246DDE90A8C5C460C9F8D
:1086F000DDF81C90DDE9085B002A32D1CDF80CC012
:10870000C0E69EB1E81B80B2B8F1000F0AD000FBB2
:108710000660401A069981422CBF00200120002CDF
:10872000C9D1D0E74046002CC5D1CCE7002CC1D13F
:108730002046CAE72846E7E7A078012696E7042303
:10874000049E0393B6E62246DDE90A8C5C46DDE929
:10875000085BDDF81C90CDF80CC0002E3FF48DAE08
:1087600087E61668F7E716461146ACE6837E002BCF
:1087700040F042832DE9F04F467E8FB08246002EB6
:108780007CD1837AC27A012141769A42416908916B
:1087900000F05F830133DBB2022B12BF1A46324670
:1087A000334600EB82028372D268089B0692134420
:1087B00023F07F43436101230C939AF818300B9305
:1087C00009F03EFA9AF80920DAF800300193531EB6
:1087D000DAF804500590DBB2002A00F04B8405EB78
:1087E000C308FF2304930D96CDF80CA0D8F804B06D
:1087F0004FF0000A2F4698F8030098F802900FFAFD
:1088000089F404EB440409F1010348454FEA0416D6
:10881000DBB20BEB041400F00E8198F800209A42B2
:1088200008BF002388F802301BF806206178042A6C
:108830003AD9019801EB410300EB0315082A4FEAEE
:1088400003130293A8786B7822D81B1A13F0FF0346
:108850002CD1062A1CD1039BDB7E8B424FD00BF818
:1088600006A0A36A84F802A0002BC4D00020E16A0D
:10887000984798F8030098F80290C0E7446A0421EA
:10888000034601220420A4460FB0BDE8F04F604724
:108890000BF806A04FF00103A370A36A002BAAD027
:1088A000E16A01209847A6E79946A8E7052A1DD165
:1088B00062684AB9A2683AB9E2682AB922691AB963
:1088C000626932F07F42E3D0012B1AD0039B04216E
:1088D0005C6A3D4601220846A047454588F802905B
:1088E000A8F1080300F0AD8098467FE7012B00F067
:1088F0005F81062AEAD1039BDB7E8B42AFD16168A0
:1089000078E1DDF80C904846FFF7A8FBA860D9F89D
:108910001410059B069A5B1A23F07F431344984278
:1089200040F28081C01A6B68002B52D0A38A002BC2
:108930004FD0013B9AB2A282D5F804C0EB8B6045C0
:1089400023D90CF10109079709911AE06A6ADFF847
:1089500058E2964996448E4584BF02F1E87202F5CA
:10896000D4324F46296A94BF674602F5A572013B8F
:10897000C01B521A9BB260456A62EB8340F2D481FD
:10898000A28A9A42E2D3079F09999A4220D9CDE957
:1089900009710CF10102D5F820E007926A6ADFF84C
:1089A00008928249724491448945674606D8A2F1EB
:1089B000E872A2F5D432079FA2F5A57201339BB2EB
:1089C0006A62EB83A28A9A423844E7D8DDE90971EA
:1089D000AA8363680344AB60A2686B69A86A134406
:1089E0006B6128B103681BB1D4E901329B1A436063
:1089F000059A2846FFF76CFBE268AB691344AB614C
:108A0000226993428CBF9B1A0023AB61A37D1BB1EB
:108A1000EA7863F30002EA70E37D13B1013B85F865
:108A20002C30DDE90121049B53546B786278049269
:108A300001336B7013E73D464545A8F108037FF409
:108A400053AF0D9EDDF80CA00C9B9AF81850002B2C
:108A500000F07381059B089ADAF800409B1AFF2DFD
:108A600023F07F4700F03983DDF8188005964FF03A
:108A70000009AB4607950BEB4B0504EB051301937F
:108A80009B6843454FEA051500F2CF820198019E8D
:108A900081784278C08B521ADAF81C108B4234BFAE
:108AA000C91A0021A8EB0308A7EB0307994424BFC8
:108AB0004FF0FF338AF81B30CAF81C10B16AD2B2EB
:108AC000002900F026810B68B669002B00F00D81AB
:108AD000002E40F00D81022A00F0A28201990023AD
:108AE0008B60635D8AF818300B464968002940F0B6
:108AF000BE809B6A2BB11B7A03F00703012B00F0A9
:108B0000978042B1012A00D028B1019A136A13B1AB
:108B1000516A01209847019B019A9B7853709AF8FB
:108B200018B0BBF1FF0FA6D1059E079D0B9B5B45BF
:108B300003D1EB1A18BF01230C9350460499FFF799
:108B400041FBDAF80080019600275046027EFF2A9A
:108B500000F0938215464FF0FF0900E01D462BB24E
:108B600003EB430308EB03161B01B46A21463CB137
:108B700094F808C00CF0070CBCF1010F00F06F81F5
:108B800018F80330FF2BA946E8D18246019E104613
:108B9000002F40F0ED800B9B934240F0E9800C9B4E
:108BA000002B00F0D580E7E05A2B17FF592B177FD9
:108BB000062A3FF450AEDDF80C904846FFF74EFA17
:108BC000AB78A8606B7099F81B2063789A427FF4A9
:108BD00046AE1BF80630062B3FF491AE039AFF23F6
:108BE000D3761BF80630062B3FF489AE082B3FF4F2
:108BF00086AE0599039B5A698B1A1D0209D4069A01
:108C000023F07F4313440399CA699A4288BFCB611A
:108C100025E6069B521A22F07F4293428CBF9B1A94
:108C20000023F0E76A6913441B1A6B6100207AE69F
:108C3000019A9378C2F808805370089B0198DAF87B
:108C4000141003EB090222F07F42FFF741FA049B64
:108C500063554378019ACDF810B00133DBB25370FD
:108C60009AF818B0BBF1FF0F7FF405AF5CE7019BEA
:108C70009B6A23B11B7A03F00703012BD8D0019B19
:108C8000B3F81EC0BCF1000F52D1B3F81CC060464F
:108C9000019BCDE90245D3E90863002201F1010EF1
:108CA00004E00C4601382244441C10D0854C864D0B
:108CB00033441C19AC42F4D87446A3F1E87301386C
:108CC000A3F5D4332244441CA3F5A573EED1019837
:108CD000436290F82C00DDE90245002800F08D8009
:108CE000019B9A60A3F81EC0A7E7002E3FF4F6AEE2
:108CF000022A7FF4F3AE00287FF4F0AE0B7A03F083
:108D00000703012B3FF4EAAECAF81C608AF81BB0D7
:108D1000E4E6019B9E69002E3FF4E0AE022A7FF458
:108D2000DDAE0028F0D0D9E6079F0999A28A2CE68B
:108D3000019A937853700020AAE750460499FFF7F0
:108D400041FA9AF818000B9B83420ED19D420CD138
:108D500000238AF819309AF81A30002B49D0DAF833
:108D600024405346012203218CE5FF2800F08E8128
:108D70000B9BFF2B00F06D81DAF8003000EB400018
:108D800003EB0013D3F80880B8F1000F64D008F0AB
:108D900057FF0A270446DAF81430E21A22F07F421D
:108DA000904507F1FF3702F103011AD941452CBF65
:108DB0005B18434423F07F452846DAF8283098476B
:108DC00008F03EFF031B2D1B23F07F43033325F0E8
:108DD0007F45AB4206D90FB10446DCE700DE04460E
:108DE000D9E7012600238AF819309AF81A3033435C
:108DF000B5D10FB0BDE8F08F704797427FF670AFE6
:108E00000290481C0390DFF8C0E002980694029597
:108E1000039D05E00C4622440130974280B210D9F0
:108E2000284C33441C197445F4D82C46A3F1E8733C
:108E30002244A3F5D43301309742A3F5A57380B241
:108E4000EED80199069C029D4B6260441FFA80FC9B
:108E500046E70C960696B0E48AF819807FE7B26878
:108E6000002A40F03281D6F818B0BBF1000F06D1CD
:108E70000A68002A00F024810C464FF0040BC269F6
:108E800061680291043207922268914280F0D68094
:108E9000A2EB010E18F803200892FF2A00F0CE8002
:108EA000DE45C0F0CB800022AEEB0B01CDE9059092
:108EB000CDE9031599460798089BDA46944617466C
:108EC0003BE000BF5A2B17FF592B177F3D1F65440E
:108ED000754528BF75460BEB000296450CD35545EA
:108EE0000AD3B269002A4AD0227A120747D4B5EBD6
:108EF0000B0201D0824249D28A6A22B1127A02F070
:108F00000702012A31D08A697AB3496869B3043209
:108F1000BC4402EB0C00B269002A7FD0217A090719
:108F2000AEEB0B0200F1A38018F803300027FF2BF3
:108F30002CD00BEB0C0AD64528D303EB430308EBEC
:108F400003111B018D682F44042FBFD8B56985B16B
:108F5000257A15F00805BED088690399BC44043011
:108F60006044814228BF0246DEE718F80330002241
:108F7000DDE78A69BC44043262441046D4E7002825
:108F8000BAD0A5EB0B058542B6D302460299049DE3
:108F900006984B461144616018F80370DDF8149090
:108FA000FF2F00F09C804FF0FF0C9A4600E00F4628
:108FB00039B201EB410108EB011E0901DEF808306E
:108FC000934280F08E8018F80110FF29BC46A2EB76
:108FD0000302ECD15346FF2FB26015D0B9F1FF0F59
:108FE00018F8031066D00FFA89F202EB4202120160
:108FF00008F802103FB207EB47073A0118F80210D1
:1090000008F8031008F80250F38B013BF383237A2E
:10901000022262F302032372012797E5024683E7E7
:1090200000287FF45BAD042668E6019C059E079D41
:1090300042469B1AA3609AF818B077E5029A6260DC
:1090400018F80330FF2B08BF002248D00023B3607C
:10905000DAE708F0F5FD044608F0CEFD20B99AF8ED
:109060001800CAF8144087E69AF8180084E61146FA
:10907000002276E7FF230493E6E4824637B90B9B90
:10908000FF2B03D10C9B002B3FF462AE08F0C4FD14
:10909000044600287FF45CAECAF81C0008F0D0FD3E
:1090A0008AF81940CAF814009AF81A30002B3FF4D5
:1090B000A0AE54E601769DE7B16A00297FF4D8AEF0
:1090C00000DE4FF0040BB46AD9E600DED6F818B023
:1090D000BBF1000FF0D0B46AD1E6AB4626E5B26032
:1090E00092E751469A460B46AAEB0201CEF80810C9
:1090F000674670E7F8B5069E9DF81C50089CB8B905
:10910000144F3A605A1E39727B727E60D2B273B1CC
:1091100006EBC2025460114612F808398E4203EB86
:109120004300A5EB030304EB0014DDB2F2D10DB153
:109130000120F8BD099B3B620A9B7B62FF240B9BCD
:10914000BB623C7608F07CFD7D817861FC76FD6138
:109150002846F8BD900F002040B9064B1A7EFF2A22
:1091600001D1187270476FF00F0070476FF0150053
:10917000704700BF900F002010B40A4B2C2202FB56
:109180000032546A5CB100EB800200EB420003EB5A
:109190008003A446012210BC03210220604710BCBA
:1091A000704700BF900F002010B58AB00C9C00944F
:1091B0000D9C01940E9C0294BDF83C400394109CBD
:1091C0000494119C0594129C0694139C0794149C7F
:1091D000089400240994FEF79FFF0AB010BD00BF59
:1091E00010B4BDF81040049410BCFEF795BF00BF4A
:1091F0002DE9F84F294DBDF834609DF838800446BC
:1092000008462C2101FB045104EB840704EB4704BE
:1092100005EB84054C6804EBC00E14F830909EF802
:1092200003409EF8017004F1010C5FFA8CFCE145EB
:1092300098BF4FF0000C67459DF844902AD0DEF8A7
:10924000047004EB44044FEA041A07EB04144FF0D3
:10925000050B07F80AB063600A9BA3600B9BE360F1
:109260000C9B23610F9BA362109BE362022362703D
:10927000A68284F8168084F81790A3708EF803C035
:10928000D1E9083698472B4600220421B047A07840
:10929000BDE8F88F0120BDE8F88F00BF900F0020D7
:1092A00010B588B00A9C00940B9C01940C9C02940D
:1092B000BDF8344003949DF8384004940F9C059405
:1092C000109C069400240794FFF792FF08B010BD8D
:1092D0002DE9F0411E4D064608462C2101FB065E95
:1092E00006EB860406EB4404DEF8046005EB840715
:1092F00006EBC00516F83060EC78697804F1010CD3
:109300005FFA8CFC664598BF4FF0000C61451BD09E
:10931000696804EB4404260101EB04144FF00708CC
:1093200001F80680A362069BE36202236270A370C9
:1093300085F803C0DEE9083598473B460022042142
:10934000A847A078BDE8F0810120BDE8F08100BF0A
:10935000900F00202DE9F0411F4D064608462C21B4
:1093600001FB065E06EB860406EB4404DEF80460AF
:1093700005EB840706EBC00516F83060EC786978D9
:1093800004F1010C5FFA8CFC664598BF4FF0000CAD
:1093900061451DD0696804EB4404260101EB041407
:1093A0004FF0080801F806806360069BA362079BE4
:1093B000E36202236270A37085F803C0DEE908351A
:1093C00098473B4600220421A847A078BDE8F081D9
:1093D0000120BDE8F08100BF900F002008F030BCF4
:1093E000401A20F07F40704701480021704700BFBD
:1093F0001F410100022801D00120704738B5044602
:1094000008461D4602F018FE10B10020287038BD35
:10941000204638BD002303700B70704738B50546F1
:1094200000200C4602F0FCFB70B93DB9074B44B17B
:1094300020681860A2889A80002038BD044B002C58
:10944000F6D11C609C80F7E70C2038BDC40F0020CB
:10945000BC0F00200128034605D8044A0448002B0D
:1094600008BF104670470020704700BFC40F00209F
:10947000BC0F002001280AD8064A074B002818BF55
:109480001346186808609A888A8018467047002337
:1094900018467047BC0F0020C40F002010B50446CA
:1094A00007F068F950B907F0A1FC60B907F07EFF3A
:1094B00070B92046BDE810400CF028B900DE07F076
:1094C00095FC0028F2D000DE07F070FF0028F0D0F5
:1094D00000DE2046BDE810400CF018B908600148D5
:1094E0000CF014B9C41400200CF010B92DE9F84F99
:1094F00089462A4D99F8003095F84010072B88BF0F
:109500000B469A423ED05C1CE4B29246082C35F8D9
:1095100033200280834608BF002405EBC3030026E6
:1095200001274FF012081AE0012833D0C3F8048055
:1095300089F8004095F84030072C98BF23469A459B
:1095400021D01AB20133DCB235F83200BBF800107A
:10955000082C08BF0024884205EBC20313D15868C9
:1095600060B1FF28E0D9027902F00302013A012A32
:109570000CD912225A6002F077FDD9E701365F60FC
:10958000F6B2D5E700263046BDE8F88F0136F6B2D0
:109590000122EFE70136F6B2CAE700BFF00F002064
:1095A0002DE9F047374F3B8898425DD913F0FF050E
:1095B00028D0DFF8D4A0DFF8D4809AF81540DFF87F
:1095C000D0909AF814300134E4B2052C08BF00247E
:1095D000A342404618D0FEF743FB064648468EB1EC
:1095E000FEF73EFB002841D006609AF815304AF895
:1095F00023003B888AF81540013D013B15F0FF052B
:109600003B80DED1BDE8F0873B88002BFAD0DFF845
:1096100084A01E4D9AF809401D4E4FF000080134F9
:10962000E4B2022C9AF8083008BF0024A34228466E
:10963000E8D0FEF715FB81463046B9F1000FE1D0C6
:10964000FEF70EFBC0B1C9F80480C0F800909AF88C
:1096500009304AF823003B888AF80940013B9BB255
:109660003B80002BDBD1CDE70546A2E7304607491A
:10967000BDE8F047FEF70ABB48460449BDE8F0479D
:10968000FEF704BB54100020841200205810002064
:10969000A4100020381000202DE9F84F324B334F32
:1096A000DFF8CC90DFF8C0B0181D052224214FF060
:1096B0000008A7F81880FEF7AFFA2D4B0522082105
:1096C000181DFEF7A9FA97F818A07C7E052601342C
:1096D000E4B2062C08BF0024A245484613D0FEF78A
:1096E000BFFA0546584675B1FEF7BAFA002835D0DC
:1096F000C5F8048005607B7E47F82300013E16F024
:10970000FF067C76E3D11B4B0722181D4421FEF790
:1097100083FA194B0922181D0821FEF77DFA164815
:10972000FEF79EFAB0B1154A111FFEF7E7FA12488C
:10973000FEF796FA80B1124A111FFEF7DFFA114BBD
:109740000522FF201A80FFF72BFF06F0D1FC002036
:10975000BDE8F88F00DEE6E700DEECE704492846C6
:10976000FEF794FACFE700BFC81200208013002054
:109770009C120020A410002058100020501000203F
:1097800048100020541000202DE9F0417B4D7C4E04
:1097900086B004AA02A90DF1070003F031F80446CF
:1097A000D5E9000103AAFEF7C1FA074650B3039BAF
:1097B000002B6BD0187804AA02A903F039F80446EC
:1097C000002841D0DDE90313BDF808200F78ADF87B
:1097D0000A20059303F03EF82146059ABDF80A00D9
:1097E00003F06CF8204602F0FFFF05AA0DF10A0114
:1097F000384603F01DF804460028EBD130680BF022
:1098000085FFC6E7002C3ED0049B05939DF80770AA
:10981000BDF80830ADF80A3003F01CF82146059A6F
:10982000BDF80A0003F04AF8204602F0DDFF05AA61
:109830000DF10A01384602F0FBFF04460028EBD187
:1098400030680BF063FFA4E7039B05931B79013B92
:109850002C2B1ED8DFE803F01F32741D1D1D1D1DAB
:109860001D1D1D1D1D1D1D1D1D1D1D1D1D1D6A1FD9
:109870001D1D1D1D1D1D1D1D1D1D1D1D1D1D1D1D18
:109880001D1D1D1D1F0006B0BDE8F08100DE039BFD
:1098900090E700DE7DE7394968680022FEF74EFA5E
:1098A000384B059993F8413038460B70364AFEF72D
:1098B00033FA334B18680BF029FF6AE72F496868C1
:1098C0000022FEF73BFADDF81480D8F8084034B1E6
:1098D0002378002B50D02378013BDBB2237098F81B
:1098E0000C3013B1012B41D000DE284A002388F848
:1098F0000C30537E117E0133DBB2062B08BF0023F0
:10990000994237D0C8F80070517E42F821805376D2
:10991000002C3FF43EAF2378002B7FF43AAFA368CE
:10992000002B3FF436AFE068984732E71349686888
:109930000022FEF703FA0599384602F0E1FD28E718
:1099400005A9384602F0F8FD0C4968680022FEF7C8
:10995000F5F9059900293FF41CAF0B792E2B3FF444
:1099600018AF084B384693F841309EE74046F7F76A
:10997000ABFFBAE700DECBE700DEACE74C1000201F
:10998000C0140020F00F0020481000208013002099
:1099900010B5254B254C186086B008F01FF92378C8
:1099A000002B39D0224A234C23492448CDE90424F2
:1099B000234A0423CDE902214FF0020C0C21CDE90A
:1099C0000001204A0370037280F810C080F818C0AC
:1099D00019460020FFF78EFB18BB012200211A4810
:1099E00011F054FA06F052FE08B106B010BDFFF7B0
:1099F00053FE0028F9D107F0E1F90028F5D102F073
:109A0000C9F80028F1D107F0C5FC0028EDD106B057
:109A1000BDE8104002F022BDFEF7A0F9012323703B
:109A2000C0E700DED9E700BFC014002034230020C7
:109A300025250200C5250200052502001C1700206F
:109A4000DC1400203C170020C414002010B586B0A0
:109A500002F0B0F878BB02F003FD88BB1E481F4936
:109A60001F4A204B0024A0F84040A1F820419482D6
:109A70001C8101222146684611F008FA1A4B224641
:109A800021460320C3F808D0FEF7BCF9D0B94FF047
:109A9000FF324FF0FF3368460BF072FE02F090F891
:109AA00090B9FFF7F9FDA0B90021012006B0BDE88B
:109AB0001040FFF7B3BC00DE02F0D2FC0028CDD08E
:109AC00000DECBE700DEE2E700DEFFF7E5FD002881
:109AD000EAD000DEE8E700BFF00F00209C13002072
:109AE0008412002038100020A002002008B5FFF7E3
:109AF000ADFF06F001FE00B108BDBDE80840FFF76C
:109B00002BBB00BF2DE9F04F2B4C2C4EDFF8B0A043
:109B100083B00746884604F1400900233B6094F86F
:109B200041B0D6E9000101AAFEF700F9054690B35D
:109B3000019B49461A784046FFF7D8FC80BB94F851
:109B400040308DF8013094F8412083460DF1010139
:109B50000DF10200FFF7CAFC4BEA000212F0FF020F
:109B6000F1D1019B1979012920D131467068FEF7A6
:109B7000E5F851462846FEF789F8124A1388042B67
:109B800011D80198104901331380FEF77FF80120A6
:109B9000FFF706FDC1E70D495A464046FFF7A6FC10
:109BA00003B0BDE8F08F00DE1388EAE710463B60A3
:109BB00003B0BDE8F08F00BFF00F0020441000207C
:109BC0005810002054100020A41000203010002055
:109BD00030B5324983B000234868019301AAFEF7EB
:109BE000ADF8002851D02E49FEF750F8019A1379AC
:109BF0002D2B1DD8DFE803F01F1C1C1F1C1C1C1C78
:109C00001C1C1C1C1C1C1C1C1C1C1C1C1C1C1C1799
:109C10001F1F1F1F1F1F1C1C1C1C1C1C1C1C1C1C72
:109C20001C1C1C1C1C1F137F3C2B19D0537F33B9E9
:109C300000DE03B030BD002BFAD003B030BD936816
:109C40001C68A06D20B100231649A365FEF71EF81D
:109C500094F85E306FF3000384F85E3003B030BDDB
:109C60009368D3E9004595B100225A60EB6D93B932
:109C700005F1500105F14C00FEF744F8034640B1F0
:109C80002868EB6502F0BEF9E2E700DEABE700DE34
:109C9000EAE700DEF4E700DEEAE700BF4410002058
:109CA00058100020A41000202DE9F0410468064659
:109CB00014B3334D334F2046246803792D2B18D825
:109CC000DFE803F0271717271717171717171717A6
:109CD00017171717171717171717172133272727BE
:109CE00027271717171717171717171717171717E4
:109CF000172700DE002CDED100233360BDE8F041E1
:109D0000FF20FFF74DBC037F3C2B27D013B100DEB3
:109D1000037963B32B88042B26D8013339462B8073
:109D2000FDF7B4FF002CC6D1E6E7C0880028E1D1DA
:109D300002F076F98046E0B1D8F86C30DBB908F172
:109D4000600108F15C00FDF7DDFFB0B1C8F86C0000
:109D5000404602F057F9002CADD1CDE70949FDF797
:109D600095FF002CA7D1C7E700DE2B88D5E700DEE2
:109D7000D0E700DEE0E700DEE1E700DEE6E700BF77
:109D800054100020A41000200148FDF769BF00BF57
:109D9000581000200149FDF779BF00BF581000207E
:109DA0000148FDF75DBF00BFA41000200149FDF789
:109DB0006DBF00BFA4100020034B044A93F841304C
:109DC0000B70FDF7A9BF00BFF00F00204810002066
:109DD00008B5064B064A93F841300B70FDF79CFF1F
:109DE000044B1868BDE808400BF090BCF00F002051
:109DF00048100020C01400200B490A7A4B7A9A427E
:109E00000AD8A3EB020C5FFA8CFC604509D89A4291
:109E100007D051F82200704702339B1ADBB29842F8
:109E2000F7D90020704700BF38100020074A117A88
:109E3000537A8B4208D04B1CDBB2022B08BF0023A5
:109E400052F821001372704700207047381000202C
:109E500000B50D4A92F841C092F840E00CF10103C0
:109E6000DBB2082B08BF00239E4509D022F83C0036
:109E700002EBCC0CCCF8041082F841305DF804FB06
:109E800000DE00231B80FFDEF00F0020022810B54B
:109E90000C4602D00B68022B07D004484FF0FF326B
:109EA0004FF0FF330BF06CFC206810BDC414002091
:109EB00004490A680AB11046704702460860104615
:109EC000704700BFEC0F0020044A136823B198428A
:109ED00006BF00211160002318467047EC0F0020D8
:109EE000014B1868704700BFEC0F002004490A6856
:109EF0000AB110467047024608601046704700BF1E
:109F000034100020044A136823B1984206BF002190
:109F1000116000231846704734100020014B186868
:109F2000704700BF3410002030B505682B7887B02B
:109F3000EBB1044601220021684610F0A7FF0D4B4B
:109F4000C5F80CD0AB602B788BB10B4B00221146BF
:109F500003209C60FDF756FF38B94FF40042002300
:109F600068460BF00DFC07B030BD00DEF5E76FF082
:109F70007700F8E7E994010090020020F0B5254E43
:109F8000336885B00C461746002B36D0994215D160
:109F90000223039303AB0246009303211E4B0020D0
:109FA000FFF796F9022805460CD0039B022B09D136
:109FB00095B133680BB19C4221D014B36FF02D00E2
:109FC00005B0F0BD15484FF0FF324FF0FF330BF0F6
:109FD000D7FB039D002DECD13846FFF7A5FF336872
:109FE0000BB19C4211D0002CE8D10028E8D010F130
:109FF000780F08BF002005B0F0BD3160C8E700232E
:10A0000033606FF0770005B0F0BD35600028D7D021
:10A01000EDE700BFEC0F0020DD940100C414002028
:10A020000B490A7D4B7D9A420AD8A3EB020C5FFADA
:10A030008CFC604509D89A4207D051F8220070473D
:10A0400005339B1ADBB29842F7D90020704700BF56
:10A0500084120020074A117D537D8B4208D04B1C8F
:10A06000DBB2052B08BF002352F82100137570479F
:10A07000002070478412002038B50C46054602F0D7
:10A08000B9FB207021462846024ABDE83840FDF75A
:10A0900043BE00BF501000200122024B1146002099
:10A0A000FDF7B0BE8002002070B50C46054602F0F8
:10A0B000A1FB21462070064A2846FDF72DFE01220D
:10A0C000BDE87040034B11460020FDF79BBE00BF6A
:10A0D00050100020800200202DE9F0431A4D9DF819
:10A0E0001C8095F821C10CF1010E5FFA8EFEBEF1C5
:10A0F000090F994695F8203108BF4FF0000E7345BF
:10A100001DD0144605EB4C1CE36807460E4610684C
:10A110005168926864460FC49CF81C30CCF81860F3
:10A1200008F0010823F0030343EA0803CCE904978D
:10A130008CF81C3085F821E16046BDE8F0834FF0D3
:10A14000000C6046BDE8F0839C130020054890F8A1
:10A15000203190F821219A4214BF00EB43100020D7
:10A16000704700BF9C13002001460B480A7890F806
:10A170002131082A84BF90F820210A70934208D028
:10A18000531CDBB2092B08BF002300EB42100B70FD
:10A1900070470020704700BF9C1300202DE9F04F4E
:10A1A0003D4E96F8201196F8213187B08B420390EE
:10A1B00047D04FF0000906EB41110B24CDF8109069
:10A1C000CA46CB46CDF80890CDF814900D7FD1F853
:10A1D0000080CF68C5F3400205F00105002C4FD088
:10A1E000013CE4B282B396F8211196F820319942ED
:10A1F00027D00133DBB2092B08BF0023994286F830
:10A2000020311ED006EB43115B01C868002ADDD166
:10A2100035BBBBF1000F37D0BAF1000F029A08BF6F
:10A220004246029208BFBA460A7F9507CED4D207AB
:10A230001DD48345F3582BD08245C7D1029A9A4248
:10A24000C4D107B0BDE8F08F144B03989960114654
:10A250000192FDF7D7FD019A0028C4D000DEC2E7C5
:10A26000049A7AB1B9F1000F08BFB946DCE7BAF138
:10A27000000FABD1049B8342E3D04845A6D1E0E771
:10A2800000DEADE70497CFE7BB46CDF81480CBE7FF
:10A29000059A9A42D0D1D4E79C1300207002002086
:10A2A000054B1A7E597E914204D053F8220010B11A
:10A2B0000C307047002070478013002070B5134A9F
:10A2C000117E537E8B421ED04B1CDBB252F82140D4
:10A2D000062B08BF00231376ACB1022300252668A5
:10A2E00023712560A06002F085FA094A207021469A
:10A2F0003046FDF711FD0122064B11462846FDF7B9
:10A3000081FD204670BD0024FBE700BF80130020C4
:10A31000501000208002002010B582B0049B9C7A6F
:10A320006FF341049C720024CDE9004406F04EFB1B
:10A3300002B010BD10B50346007F1A699969012467
:10A3400082B02040CDE90004586906F03FFB08B90F
:10A3500002B010BD7730FBD000DEF9E710B4CB6857
:10A3600004691A78042A02D0236810BC18475B7865
:10A37000052BF9D1002010BC704700BF0B8A002BC1
:10A380003AD030B5054683B001F10C000C460DF013
:10A390003BFF012816D0022803D06FF0150003B050
:10A3A00030BD01A9204600F02FFE019911B12846C9
:10A3B000FFF7D4FF0028F2D12046F9F719FD00205D
:10A3C00003B030BD002301A92046019300F096FAA6
:10A3D00001460028F0D02846FFF7C0FF0028DED154
:10A3E000019D002DE8D0284601F0CEF86871019952
:10A3F000034810F032FDDFE76FF01500704700BF33
:10A400000018002010B50469FFF770FB40B905483B
:10A41000F9F770F90448F9F76DF90020206010BDD4
:10A4200000DEF4E7C8070020480800202DE9F043CB
:10A430003F4FD0F8108083B006464FF000094FF030
:10A44000FF324FF0FF3338460BF02EF90028F6D0DC
:10A4500043790190042B15D8002B43D100DE019BDA
:10A4600001A8C3F80090FFF71FFC4FF0FF324FF038
:10A47000FF3338460BF018F90028E0D043790190FB
:10A48000042BE9D9052BE9D14FF0FF334FF0FF3210
:10A490000820F9F747FD04462146019800F03AFEEE
:10A4A000019B01A8C3F80090FFF7FEFB002CC6D06B
:10A4B00020460DF034FE0546214600200DF055FEE5
:10A4C0002B8A012B04462946304607D9D8F800309C
:10A4D00098470BF025FE002CEAD1B0E72846F9F7A3
:10A4E00087FCF6E7022B13D04FF0FF324FF0FF331B
:10A4F0000220F9F717FD044601989CB1214600F0AF
:10A5000031FE019B01A8C3F80090FFF7CDFBCFE718
:10A510000022002301210020F9F71CFD04460198C8
:10A52000002CEBD1046001A8FFF7BEFB87E700BF5A
:10A53000001800202DE9F043344F354E83B0054616
:10A5400014E04FF0FF324FF0FF3300211320F9F7F2
:10A5500001FDBDF802102246044600F0FDFF214631
:10A560002846FFF7FBFE68BB0BF0DAFD0DF1020198
:10A5700001A8FFF7C7FA04460028E2D1019BCBB13E
:10A58000FFF726FBDDF80490484600F0FDFFDDF8FC
:10A59000048089F8050098F80530032B03D198F85A
:10A5A0000430182B10D04146304610F056FC019B69
:10A5B000002BDBD14FF0FF324FF0FF3338460BF06A
:10A5C000DFF8D3E700DECFE721464FF0FF324FF050
:10A5D000FF330520B8F80690F9F7BCFC494604465D
:10A5E000024608F11C0000F06DFD484600F08AFDAF
:10A5F0003CB121462846FFF7B1FE28B92046F9F7BD
:10A60000F7FBDDF80480CEE700DEF7E7181800203E
:10A6100000180020F0B50546076989B00E461F48AE
:10A6200010F0DDFB4FF0FF3200211D4810F02EFC32
:10A630001B48FFF7ADF9044660BB3E6000F0BAFF6F
:10A64000002600276FF00903CDE90334CDE9066742
:10A65000CDE90144134B144900954FF4E0721348BF
:10A660000BF03EFB1249114810F005FD6FF0070298
:10A67000CDE90324CDE90667CDE901440D4B0E4930
:10A6800000954FF460720D480BF02AFB0C490B4803
:10A6900010F0F1FC204609B0F0BD00BF001800200A
:10A6A0001818002035A5010080280020C8070020C8
:10A6B000A4C302002DA40100802A00204808002025
:10A6C000B4C3020010B50BF0DBFC054C204610F0C3
:10A6D00092FB204610F083FBBDE810400BF0E4BC79
:10A6E000001800202DE9F0411A4C6468A40004D53C
:10A6F0001646194A1268120701D4BDE8F08103F129
:10A700000C0405460F46204602210DF045FD40F69B
:10A710003E430380012120460DF03EFD0346042206
:10A7200020461A700B210DF037FD0570A0F801606E
:10A730003DB97B68BA68C0F80720C0F80330BDE8AF
:10A74000F0814FF00008C0F80380C0F80780BDE832
:10A75000F08100BF780100207001002070B5013841
:10A7600086B0144611280AD8DFE800F0233F5509C7
:10A77000096709799FB2090909090909090D6FF0EB
:10A78000150006B070BDCB68DA789978188805F0A6
:10A790009BFC584B0646012118880EF07BF80121DE
:10A7A00005460C300DF0F8FC06702560002006B060
:10A7B00070BD504B0D2118880EF06CF80D212060F3
:10A7C0000C300DF0E9FC4FF0021400234FF48061CF
:10A7D00003220370C0F80140A0F80510C271037293
:10A7E00043728372C3720373E0E7424B41211888BE
:10A7F0000EF050F8412120600C300DF0CDFC00210E
:10A8000004463E2200F8031B10F046FE40F2A73338
:10A81000A4F80130CAE7374B092118880EF03AF83E
:10A82000092120600C300DF0B7FC0346002203F82C
:10A83000012BC0F801205A60B8E7C9680020FEF774
:10A84000EDFD2C4B012118880EF024F8012105465E
:10A850000C300DF0A1FC002303702560A6E7264D07
:10A86000244E0FCDEC46ACE80F0095E803004CF801
:10A87000040B30888CF8001016210EF00BF816210E
:10A8800020600C300DF088FC054600236C4605F86E
:10A89000013B84460FCCCCF8010020686960217927
:10A8A000AA60EB602861297580E7124B182118888F
:10A8B0000DF0F0FF182120600C300DF06DFC00232E
:10A8C0000446012100F8023B07F00EF960706DE7C5
:10A8D000084B212118880DF0DDFF212120600C306C
:10A8E0000DF05AFC0146002301F8113B013007F03E
:10A8F0004BF95BE70C230020D4C302002DE9F041A3
:10A90000038A8AB00022022B05922DD90446032126
:10A910000C300DF071FC228A83789A4224D302888D
:10A92000D64EC2F38523082B328090B2C2F30905BC
:10A9300009D89BB1013B072B10D8DFE803F01A0FB1
:10A9400026490F0F0F613F2B08D105AA2146284643
:10A95000FFF704FF163040F04483308801210AB02D
:10A96000BDE8F0410DF0A8BF002420460AB0BDE8C4
:10A97000F081062D00F0EF821D2DEFD1E3681888DD
:10A9800001F084FC01463088E9E7632D00F00E8376
:10A9900000F2E680032D00F0E6822D2D40F0CC8001
:10A9A000E36804211E8893F802800DF073FF0421F0
:10A9B00004460C300DF0F0FBB7B20546C31C42460E
:10A9C00039460220FEF716FDA5F801602870CCE795
:10A9D0006A1E082AC2D801A353F822F027AC01004E
:10A9E000D7AB0100B3AB01005DA901005DA9010077
:10A9F0005DA901005DA901005DA9010095AB010001
:10AA00006A1E4A2AAAD801A353F822F06FAC0100AB
:10AA10004FAC010029AD01005DA901001FAD01008F
:10AA200003AD0100EBAC0100DFAC0100D3AC0100D1
:10AA3000B3AC01005DA901005DA901005DA90100A1
:10AA40005DA901005DA901005DA901005DA90100EA
:10AA50005DA9010091AC01005DA90100C3AE010038
:10AA6000B5AE01007BAE01005DAE01005DA9010045
:10AA700053AE010043AE010025AE01005DA9010007
:10AA80005DA901005DA9010005AE01003DAF010017
:10AA90005DA901005DA901005DA901005DA901009A
:10AAA0005DA901005DA901005DA901005DA901008A
:10AAB0005DA901005DA901005DA901005DA901007A
:10AAC0005DA901005DA90100E9AE0100E5AD01004D
:10AAD00091AD01005DA901005DA901005DA9010022
:10AAE0005DA901005DA901005DA901005DA901004A
:10AAF0005DA901005DA901005DA901005DA901003A
:10AB00005DA901005DA901005DA901005DA9010029
:10AB10005DA901005DA901005DA901005DA9010019
:10AB20005DA901005DA901005DA901005DA9010009
:10AB30005DA9010071AD0100012D7FF40FAFE26846
:10AB40004F4B1168526819605A6001210DF0A2FE46
:10AB5000012104460C300DF01FFB0023037004E7B5
:10AB60007B2D00F026827C2D7FF4F8AEE3681F88F1
:10AB70005988B8B201F040FC0546032130880DF039
:10AB800089FE032104460C300DF006FB0570A0F889
:10AB90000170EAE607210DF07DFE072104460C3026
:10ABA0000DF0FAFA0146002001F8010BFEF762FCF5
:10ABB000DBE609210DF06EFE092104460C300DF094
:10ABC000EBFA0346002203F8012B6021C0F80120B4
:10ABD0005A604171C9E641210DF05CFE41210446F5
:10ABE0000C300DF0D9FA002105463F2200F8021B77
:10ABF00010F052FCC0220423AA714FF40A72EB72C7
:10AC0000A5F80F20EB75202243F230031D496A702E
:10AC1000A5F8213070228023C5F81A1085F8242069
:10AC200085F82730A1E609210DF034FE09210446FC
:10AC30000C300DF0B1FA4FF450610023124A01803C
:10AC40000D218370C3700171C0F805208DE60421C9
:10AC50000DF020FE042104460C300DF09DFA002377
:10AC60001B210322037041708370C2707DE6E2688D
:10AC7000064B11685268196066E700BF0C2300207C
:10AC800078010020F703F40EF105FFFF70010020AA
:10AC9000E16800224B88088803920C890294CC88D2
:10ACA000019489880091114601F02EFA01463088FE
:10ACB00055E6E3681878F6F78FFB054601213088E2
:10ACC0000DF0E8FD012104460C300DF065FA057029
:10ACD0004BE6E16811F8010B01F07EF8EDE7E16861
:10ACE00011F8010B01F00AF8E7E702210DF0D2FD9F
:10ACF000022104460C300DF04FFA0023037043701C
:10AD000033E6E468A57BA3796279217920880295EE
:10AD1000657B01950734009400F062FECDE7E168A1
:10AD20000120FEF77BFBC8E709210DF0B3FD0921E7
:10AD300004460C300DF030FA0346002503F8015BA1
:10AD4000C0F801505D600646FEF74EFB2B4661F3EE
:10AD50000703C1F3072262F30F23090C61F31743C2
:10AD6000090A61F31F63C6F80100C6F80530FCE567
:10AD700003210DF08FFD032104460C300DF00CFA79
:10AD80000146002301F8023B0130FEF743FBECE5EE
:10AD9000E2689478D1781788B2F80550E30748BF85
:10ADA00041F00301137948BFD170A40744BF43F0B9
:10ADB0000303137143EA0102032A00F216814C07D0
:10ADC00000F011815A0700F00E8115F003021CBF3C
:10ADD00005F1FF3505F00102384601F0A3FA0146FE
:10ADE0003088BCE5E3681A78D10744BF0721597061
:10ADF00092074CBF07219978587848BF997001F0A5
:10AE000087FA5AE7E16800220F884B880392088985
:10AE10000290C888019089880091B8B2022101F09F
:10AE200073F9A9E609210DF035FD092104460C301E
:10AE30000DF0B2F96E496F4A01600023426003725F
:10AE400093E5E3681F8800220621B8B205F02AF9CD
:10AE500092E6E268002132F8027BF6E709210DF064
:10AE600019FD092104460C300DF096F9002300F875
:10AE7000013B082105F050FC77E5E068002306AAB5
:10AE800000F1100107F0F0FB308811210DF002FDF8
:10AE9000112104460C300DF07FF90646002306F818
:10AEA000013B06AD07460FCDC7F801007160B260E7
:10AEB000F3605AE5E368188801F0C6F90146308866
:10AEC0004DE5E36808211E880DF0E4FC08210446E6
:10AED0000C300DF061F90546E91CB0B201F058F9EB
:10AEE000A5F80160287040E5E36805211E880DF093
:10AEF000D1FC052104460C300DF04EF905462A1D03
:10AF0000B0B2E91C01F0E4F9EB782A792870002B43
:10AF100093FAA3F3B3FA83F308BF4FF0FF3301337F
:10AF2000EB70002A92FAA2F3B3FA83F308BF4FF052
:10AF3000FF330133A5F801602B7116E5E26817882D
:10AF400092780023CDE90233CDE900330221B8B273
:10AF500001F0DAF810E6E3689978188801F03CF916
:10AF600001463088FBE4244B244A4FF0FF3041F681
:10AF7000FF71C3E90001224B00200021C2E900015A
:10AF80001F200021C3E90001FEF760FD3088012188
:10AF90000DF080FC012104460C300DF0FDF800237B
:10AFA000184A03701360FFF78DFBDEE4E268134B71
:10AFB0005FE6E3681F8806A9B8B201F0E7F905214A
:10AFC000054630880DF066FC052104460C300DF076
:10AFD000E3F80570A0F80170BDF81830A0F8033050
:10AFE000C3E4059CC1E41221B9E41121B7E400BF18
:10AFF000008FCC30ECC0010078010020C808002090
:10B0000070010020301800202DE9F84300230B6068
:10B01000038A032B2ED9054688460C3004210DF0F7
:10B02000EBF82B8A4788B0F80090BB4222D31B2F45
:10B0300020D801F013F84FEA193633460446F8B128
:10B040009B0817D1D6B1012E14D12379677166F30D
:10B0500001032371E9683A46E01D10F0F5F9214635
:10B06000C9F30B0001F006F808B9BDE8F8832046E3
:10B0700000F0FAFF6FF01500BDE8F8830226E4E760
:10B080000F4B1B689B0117D54FF0FF324FF0FF337A
:10B090000220F8F747FF0221C8F800000C300DF03D
:10B0A0007BF84FF48D730380D8F8000001210C3039
:10B0B0000DF072F8012303706FF06800D5E700BF50
:10B0C00078010020F8B50E4B1B68DB0600D4F8BDF4
:10B0D00002F10C0406460D46204602210DF05CF8F4
:10B0E000034640F205421A80204604210DF054F830
:10B0F00000270770A0F801503278C270F8BD00BF79
:10B1000078010020024A1368013B1360704700BFBA
:10B110003018002070B5037FC68803F00303013B9D
:10B12000012B01D900DE70BD044601F10C05284653
:10B1300004210DF031F8237F03F00303022B0CBF31
:10B1400046F4005646F480560680637F4380617F54
:10B1500028460DF021F8627F04F11F01BDE8704020
:10B1600010F072B92DE9F04190F804C0C588BCF127
:10B17000030F84B0044600F11C060AD0ACF1170C92
:10B18000BCF1060F1AD8DFE80CF01D4C548198ACC6
:10B19000CD00C37F033B0E2B10D8DFE813F06A010C
:10B1A0000F000F000901FB000F0065010F000F00E9
:10B1B0000F0048010F0023010F00100000DE04B053
:10B1C000BDE8F081F00700F1C181C34B267F5B68C9
:10B1D0009A004FF00007F2D5C04B1B68DB07EED595
:10B1E00001F10C08002E00F07D81022140460CF098
:10B1F000D3FF41F23E330380012140460CF0CCFFE7
:10B2000001230370122140460CF0C6FFC0F8017004
:10B21000C0F80570C0F80970C0F80D70477406706A
:10B22000CDE70A463046294604B0BDE8F041FFF7B5
:10B2300049BFA94B5B689F00C1D5A84B1B68580745
:10B24000BDD501F10C07384602210CF0A5FF40F6F0
:10B250003E230380012138460CF09EFF0346032263
:10B26000092138461A700CF097FFF10700F1708140
:10B27000237F0370A0F80150E38BA0F80330238CE8
:10B28000A0F80530638CA0F8073098E7924B5B6814
:10B290001A044FF0000492D501F10C063046022149
:10B2A0000CF07AFF4FF44C730380032130460CF00E
:10B2B00073FF0470A0F8015081E7894B1B681B02E3
:10B2C0007FF57DAF01F10C04204602210CF064FFF4
:10B2D00040F257230380022120460CF05DFF0580D9
:10B2E0006DE77D4B5B689F007FF569AF7B4B1B680B
:10B2F0001E037FF564AF01F10C06304602210CF00D
:10B300004BFF40F23E430380012130460CF044FFE6
:10B3100014230370032130460CF03EFF0580237F89
:10B3200083704CE76C4B5B6898007FF548AF6B4BC4
:10B330001B681A057FF543AF01F10C063046022168
:10B340000CF02AFF40F23E630380012130460CF0EE
:10B3500023FF0C230370052130460CF01DFF237FD3
:10B360000370A0F80150627F002A92FAA2F3B3FAA8
:10B3700083F308BF4FF0FF330133C370A27F92FA0B
:10B38000A2F3002AB3FA83F308BF4FF0FF3301336F
:10B39000037114E790F820300E2B7FF410AF0B46AA
:10B3A0002A4600211A2004B0BDE8F041FFF79AB9FF
:10B3B000494B1B681E064FF000047FF500AF01F1FA
:10B3C0000C06304602210CF0E7FE4FF48163038047
:10B3D000042130460CF0E0FE01230470A0F8015077
:10B3E000C370ECE63C4B5B689A006AD53B4B1B682C
:10B3F0009B0666D501F10C06304602210CF0CCFE0E
:10B4000040F63E330380012130460CF0C5FE062392
:10B4100003700A2130460CF0BFFE0580238C438068
:10B42000638C8380A38CC380E38C0381C7E62A4BA3
:10B4300090F820401B6818067FF5C1AE01F10C069C
:10B44000304602210CF0A8FE4FF4816303800421F2
:10B4500030460CF0A1FE002C08BF1F24002304700E
:10B46000A0F80150C370AAE60B462A4631460020D8
:10B4700099E7194B5B689B007FF5A1AE174B1B68E2
:10B48000DF067FF59CAE01F10C06304602210CF080
:10B4900083FE40F63E530380012130460CF07CFED3
:10B4A000052303700C2130460CF076FE034623F88A
:10B4B000025B216A626AC0F802105A60238D4381E0
:10B4C0007DE60023CDE90233CDE900331A220221C3
:10B4D000284600F019FE72E6780100207001002075
:10B4E000C80800201B4A136802210133404613603C
:10B4F0000CF052FE41F23E330380012140460CF035
:10B500004BFE034601221A70404612210CF044FE05
:10B510000670A0F80150637FC370A37F03F001039E
:10B520000371D4F81F30C0F80530B4F82330A0F808
:10B530000930E38CA0F80B30238DA0F80D30638D1B
:10B54000A0F80F3094F82C30437438E600DE3CE667
:10B5500000DE8DE63018002070B500F10C040E46B8
:10B560002046022115460CF017FE40F213530380CB
:10B57000052120460CF010FE01230370A0F80160A5
:10B58000A0F8035070BD00BF0379032B09D0172B1F
:10B5900005D0183B052B8CBF0020032070470120ED
:10B5A0007047037F03F00303032B14BF052004201F
:10B5B000704700BF0B4B0C4A0C4930B44FF0FF34BE
:10B5C00041F6FF75C3E9004500240025C2E90045A6
:10B5D0001F240025C1E90045054B00221A6030BC3C
:10B5E000FFF770B878010020C80800207001002023
:10B5F0003018002000B583B00E4B05990E4ACB1AC7
:10B60000A2FB032313F47F5FC3F387120DD1023231
:10B6100000910A4BD2B201210020FDF759FE10F033
:10B62000FD0F04D103B05DF804FB00DEEFE700DEA0
:10B63000F8E700BF68180020ABAAAAAACDB601009F
:10B6400010B402680446506DB8B1916D0023536583
:10B65000D1B10023936517220A714FF6FF72CA8099
:10B6600001F11C02CB610B624B628B6213823C23A3
:10B670000B778C6010BCFEF7ABBB00DE916D506D9C
:10B68000002353650029E4D100DE916DE1E700BF9E
:10B6900038B50C460B49637F0B4A0978117004EBEF
:10B6A00083031B6A1D7800B938BDFEF719FC84427C
:10B6B000FAD015F00E0F02D16369002BF4D000DE32
:10B6C00038BD00BF362300203523002000B170476D
:10B6D000064B10B502460C46022001219C60FCF787
:10B6E00091FB00B910BD00DE10BD00BFD0020020EC
:10B6F000014610F8103B7BB110B50B4B98608A687F
:10B7000072B90A4C084B0022C1E9024011460120DF
:10B71000FCF778FB10B910BDFFF792BF00DE10BD3B
:10B7200000DE9868EDE700BFC002002041B60100CE
:10B730000E4B1A8B597F22F4437203EB810122F0E6
:10B740000202096A42F00E021A83062000224FF418
:10B75000006CA3F85CC00A70487093F8291003EBE2
:10B7600081030422DB6A1A70587070476818002041
:10B7700038B5134C6569EB6DB3B905F1500105F1AE
:10B780004C00FCF7BFFA0346C0B1EB65286800F037
:10B7900039FC0025A06D6561FEF708FB606DA565AD
:10B7A000FEF7F8FA656538BD00DE05F1500105F1D8
:10B7B0004C00FCF7A7FA03460028E6D100DEE4E7D8
:10B7C0006818002030B52E4C94F85E30D90785B04B
:10B7D00041D5636953B193F82C2042F0020283F8FB
:10B7E0002C20636993F82C30DA073CD42448FEF708
:10B7F0005FFB844239D1237EDB0703AD0CD50221E8
:10B800000391204B0095032101220020FDF760FDEC
:10B810002946FEF73BFB08BB02220321194B00958A
:10B8200000200392FDF754FD2946FEF72FFBA8B92F
:10B830001548FEF779FBE0B91148FEF745FB844255
:10B8400015D163690BB1FFF793FF94F85E306FF386
:10B85000000384F85E30002005B030BD0848FEF7D4
:10B8600033FB844209D10C20F6E700DEC3E700DE9B
:10B87000E7E77830E0D000DEDEE700DEF3E700BF88
:10B8800068180020DD9401007818002010B40478B6
:10B8900004F00F0402F1FF3C022C1FFA8CFC1FD0B5
:10B8A000012C0AD04B781033DB0084B1062C0ED06B
:10B8B00040F253204FF4F37203E040F2E33040F2E1
:10B8C000162212FB0CF3184480B210BC7047427869
:10B8D0001032D20002F21B31581802F5B372F0E7B1
:10B8E000417810BC0CEB8C03C3EB0310400001F15A
:10B8F000100300F23B10DB0003FB020290B2704722
:10B9000030B54FF6FF718BB08B429DF838500F9CCD
:10B9100019D021780131C9B2217000294CD02849B1
:10B92000C1E900028A7A0B8165F30002254B8A7215
:10B9300004F110000022C860996001201146FCF754
:10B9400061FA00283AD1207E10F0010505D11E4A87
:10B950001E4B11781B788B4201D00BB030BD0133E8
:10B96000042109A8137004F0F3FE099B184A0694F9
:10B97000A2FB0312991A02EB5102120A40F247117C
:10B9800001FB1233134A1449A21AA1FB02129209B5
:10B9900012490232CDE904510133CDE90255CDE916
:10B9A0000055D2B2012128460993FDF779FC10F029
:10B9B000FD0FD2D000DED0E700DEB0E700DEC2E748
:10B9C0003C180020B0020020362300203523002040
:10B9D00021F1D49068180020ABAAAAAA91B6010060
:10B9E0002DE9F043684C1F46684B94F85E6086462C
:10B9F0008C4693E8030083B016F001069DF82C8076
:10BA00009DF8303000908DF8041040F0A08015466D
:10BA100008F0070203F00303520042EA03220CF18C
:10BA20000803BCF1010F0DEB030C08BF4FF0000E33
:10BA30001CF8083CA4F85CE013F00E0F03F00F01B3
:10BA4000238B23F4437323F0020342EA0302637F50
:10BA5000228304EB830308BF0120D3F8208098F8E9
:10BA6000003023F01F0218BF00200A4360F3451284
:10BA700088F8002002F00F02012A03F00F032ED0F5
:10BA800098F80120F2B998F8003005F0010565F347
:10BA900086136FF3C71388F80030062388F8013047
:10BAA00094F82930246104EB8304AD01E36A5A78E9
:10BAB00045F004051D700AB906225A70304603B0DD
:10BAC000BDE8F083012B34D098F8003005F0010573
:10BAD00065F386136FF3C71388F80030E0E7012B96
:10BAE0000FD098F80120BABB84F8346098F8003081
:10BAF00003F00F03012B04D098F80130002BC2D0C3
:10BB0000E2E708F1080998F8003005F0010565F34F
:10BB1000861367F3C71388F800300A9B1B68C9F8BF
:10BB200000300A9B9B88A9F804300C2388F8013068
:10BB3000B6E794F8342004F1350108F108000FF05D
:10BB400083FC94F83430063388F80130BCE70C26C7
:10BB5000304603B0BDE8F083052A10D9063A08F153
:10BB60000809D2B20A4884F8342049460FF06CFC28
:10BB700098F8003003F00F03012BBDD1C3E700DEBE
:10BB800098F80120EAE700BF6818002074BD0200A1
:10BB90009D18002010B5064C204605F03FF904F131
:10BBA0000C0005F03BF9FFF7C3FD002010BD00BFFE
:10BBB0008418002008B5FFF705FE002008BD00BF6F
:10BBC00038B5094C04F10C05204605F037F9284634
:10BBD00005F034F9204605F021F9284605F01EF954
:10BBE000FFF7A6FD002038BD84180020034A044B4F
:10BBF000801AA3FB0030C0F38F1070476818002034
:10BC0000ABAAAAAA044A0068044B801AA3FB00301E
:10BC1000C0F38F10704700BF68180020ABAAAAAA13
:10BC200028B9044B93F85E0000F001007047002033
:10BC3000704700BF681800201F2955D82DE9F04132
:10BC4000437F00EB830382B01F6A3B7803F00F034E
:10BC5000012B0E460546904648D00DF107011C30D9
:10BC600005F036F93A78037802F00F0223F01F034B
:10BC7000134303703B780278C3F3401363F3451218
:10BC800002703B78D2B2C3F38013394663F3861255
:10BC9000027011F8023BD2B2DB0963F3C71204460B
:10BCA00000F8022B06220FF0DDFB3246414604F17C
:10BCB000080006360FF0C8FB667095F85E30DB07AB
:10BCC00006D49DF807306B77002002B0BDE8F08104
:10BCD00095F8293005EB83032146DA6A2846F5F703
:10BCE00017FD0028EDD0F0E71220704780F83410DF
:10BCF0000A46353041460FF0A7FBE5E703460A4602
:10BD000001481946FFF798BF681800201F295ED820
:10BD10002DE9F04190F8293000EB830382B0DE6A10
:10BD20000F460446904600F12805002E40D02846D4
:10BD30000DF1070105F0CCF8037823F03F033146FD
:10BD400043F00403037011F8022BDBB2C2F380123C
:10BD500003F03F0343EA82130370BB1D43700546A3
:10BD6000062202300FF07EFB3A46414605F10800FC
:10BD70000FF06AFB94F85E30DA0707D49DF80730BD
:10BD800084F82930002002B0BDE8F081627F04EB26
:10BD900082024123116A0A7802F00F02D340DB07C6
:10BDA000ECD52A462046F5F7B3FC0028E6D0EAE7B2
:10BDB000284605F033F8C0B258B994F8293004EB9E
:10BDC0008303DE6A0423337006237370AFE7122007
:10BDD00070470720D7E700BF03460A4601481946C7
:10BDE000FFF794BF6818002008B5054B0022986043
:10BDF00011460120FCF706F800B908BD00DE08BDB9
:10BE0000E002002083685A6892F82730DB09014677
:10BE100001D100DE70470831F6F786B82DE9F04110
:10BE20000768244982B005464FF4C0723846FBF7D4
:10BE300045FF05F14C06294605F0BAFA286D01AA1E
:10BE40003146FBF77BFF00B31B4C4FF6FF7894F8AD
:10BE5000412094F84010531CDBB2082B08BF00238C
:10BE6000994223D004EBC20124F83280019A4A603F
:10BE700012680260019A1060286D84F8413001AAAE
:10BE80003146FBF75BFF0028E1D1D7F8480107F501
:10BE9000A47138B10023C7F84831FEF705F902B0A4
:10BEA000BDE8F08100DED7F84801F3E700DE0023AB
:10BEB0001B80FFDED00800209819002010B50C462A
:10BEC00030B92046FEF71EF8844200D000DE10BDD7
:10BED00000DEF6E710B50C4630B92046FEF706F84E
:10BEE000844200D000DE10BD00DEF6E710B50C463F
:10BEF00040B9074B0246012102209C60FBF782FFFC
:10BF000020B910BDFDF7ECFF8442FAD000DE10BD71
:10BF10000003002000B9704710B50C46FDF7FEFF86
:10BF2000844200D110BDFDF7DBFF8442FAD000DE71
:10BF300010BD00BF10B5144C144B204601224FF425
:10BF4000C071FBF769FE00224FF4C0712046FBF779
:10BF5000B1FE0F4B01464FF6FF74181D8C8403226F
:10BF60002421FBF759FE0B4B0B4C181D072208210F
:10BF7000FBF752FE01F0BEFC0849094A03230020EA
:10BF800020600B70137010BDD0080020E81800204E
:10BF900028190020EC180020001A00203823002067
:10BFA0003723002010B5044614F8103B73B10F4B33
:10BFB0009C608268B2B90E490C4B0022C0E90214A1
:10BFC00011460120FBF71EFF50B910BD03F0FF0220
:10BFD000084B114601209C60FBF714FF0028F4D0A9
:10BFE00000DE10BD00DE9C68E5E700BFF002002027
:10BFF000E9BD0100E00200200148FBF731BE00BFAF
:10C00000E81800200149FBF741BE00BFE8180020F6
:10C0100002494FF4C072FBF751BE00BFD0080020A8
:10C02000024620B903484FF4C071FBF743BE00201D
:10C03000704700BFD008002060B908B502464FF431
:10C04000C0710548FBF736FE10B1838C03B908BDFB
:10C05000002008BD00207047D00800200148FBF7F1
:10C06000FFBD00BF281900200149FBF70FBE00BF2C
:10C070002819002000283DD138B502460D461F483A
:10C080004FF4C071FBF716FE0446F0B1828CE2B9A2
:10C090001B4890F821C090F820100CF10103DBB28E
:10C0A000042B08BF0023994221D020F83C2000EB4C
:10C0B000CC0CCCF8045080F82130237843B994F9A3
:10C0C0003730002B0EDB002038BD6FF0150038BD77
:10C0D0000C4B012103209C60FBF794FE94F9373050
:10C0E000002BF0DA0021204603F0B6FFEBE76FF0FB
:10C0F000680038BD6FF01500704700BFD008002001
:10C10000DC190020100300202DE9F04782B0BDF8B3
:10C110002870BDF82C80BDF8309098B90C461546B3
:10C120004FF4C071024619481E46FBF7C3FD824614
:10C1300040B1838C33B96CB1022C07D0012002B01E
:10C14000BDE8F087022002B0BDE8F087ADB901F08C
:10C15000F3FD0EE00D9B0193CDF8009043463A4667
:10C16000314601F07FFD0028EDD19AF93730002BE0
:10C1700007DB002002B0BDE8F087294601F0ECFDA6
:10C18000F7E70146504603F067FFF2E7D0080020CA
:10C19000E8B938B502460C460E484FF4C071FBF7BB
:10C1A00089FD054650B1838C43B901F00BFD38B1D0
:10C1B0000368236003792371002038BD022038BD55
:10C1C000D5F83230236095F836302371F4E7022039
:10C1D000704700BFD008002038B510B102242046B7
:10C1E00038BD02460C4616484FF4C071FBF762FD9D
:10C1F000054608B3838CFBB91A2C04D8042C16D836
:10C200001224204638BD292C01D03B2CF8D12146E0
:10C21000284601F0BDFC04460028E0D195F93730EE
:10C22000002BDCDA0146284603F016FFD7E7054B62
:10C23000E340DB07EBD4E3E70C24204638BD00BF26
:10C24000D00800202000380438B5A0B902464FF4C9
:10C25000C0710D48FBF72EFD054660B1838C53B9C4
:10C26000012101F043FC044618B995F93730002B41
:10C2700004DB204638BD0224204638BD014628464E
:10C2800003F0EAFE204638BDD008002038B598B942
:10C2900002464FF4C0710D48FBF70CFD054658B13E
:10C2A000838C4BB901F03AFC044618B995F9373044
:10C2B000002B04DB204638BD0224204638BD014651
:10C2C000284603F0C9FE204638BD00BFD008002034
:10C2D000C8B938B50D4614464FF4C07102460B4834
:10C2E000FBF7E8FC034660B1808C50B993F8582006
:10C2F000C2F302022A7093F85930C3F30203237089
:10C3000038BD022038BD0220704700BFD008002091
:10C31000024A034B10701970002070473823002028
:10C3200037230020F0B583B000BB0F4616464FF40C
:10C33000C071024614481D46FBF7BCFC0446A8B178
:10C34000838C9BB9D0F82031DB0513D52B46012512
:10C3500000953246394601F0F3FB054618B994F9C9
:10C360003730002B0ADB284603B0F0BD02252846F3
:10C3700003B0F0BD1A25284603B0F0BD01462046A3
:10C3800003F06AFEEFE700BFD008002068BB10B5DD
:10C3900002460C4616484FF4C071FBF78BFC10B3F5
:10C3A000838C03BBC38CB0F86C21052B0FD80133F1
:10C3B0009BB202FB03F30F494FF4FA7202FB03F343
:10C3C000A1FB0313C3F34F332380002010BD03FBF5
:10C3D00002F2084940F2E24303FB02F2A1FB02121F
:10C3E000C2F34F33F0E7022010BD0220704700BFB8
:10C3F000D00800205917B7D160BB10B502460C46D3
:10C4000015484FF4C071FBF755FC08B3838CFBB99A
:10C41000C38C42F2107202FB04F1052B01F1FF31D3
:10C420000DD801339BB24FF4FA7202FB03F31944A7
:10C43000B1FBF3F189B2A0F86C11002010BD40F2FD
:10C44000E24202FB03F31944B1FBF3F189B2F2E7D4
:10C45000022010BD02207047D0080020FFF76ABDFF
:10C4600038B51A4800224FF4C071FBF723FC04468C
:10C4700050B304F1100221460320FDF77FFD05466D
:10C4800010B110F1780F0AD11149124A0023E36666
:10C490000B84A2F84030BDE83840FFF74BBD40F2B6
:10C4A0004B730D490D480E4A0BF068FC0D482A46A7
:10C4B00000210BF063FC002383F31188BFF36F8F1F
:10C4C0000323184602DFDFE700DED2E7D0080020B2
:10C4D000DC190020981900202CC4020044C402007A
:10C4E000ECC3020064C40200014B1878704700BF1F
:10C4F00038230020014B1878704700BF37230020F5
:10C500000B46896818600A68107828B1916851B99B
:10C510000849C2E9021370474A6892F82710C9090E
:10C5200003D100DE704700DEF2E703F10801184690
:10C53000F5F7FABC05BE01000B68DA889ABB70B546
:10C540000C4606464FF4C0711848FBF7B3FB05468E
:10C5500028B3838C1BBB01F03BFC2268137F03F0E4
:10C560000303032B08D101231371226831462846A7
:10C57000BDE8704001F040BC53B995F842319B07CB
:10C5800003D53D2385F8443122680123137170BD22
:10C5900095F842319A07FAD53D2385F8443123684E
:10C5A00001221A7170BD01221A717047D008002053
:10C5B00010B5B0F824C004464FF6FF7084450CD087
:10C5C000A4F804312046C4E93F1201F021FA94F89E
:10C5D000423113F0010002D110BD00DEF0E76FF32D
:10C5E000000384F842316FF08B0010BDF8B51C4D8C
:10C5F0001C4F95F8212006461CE04FF4C0713846C8
:10C60000FBF758FB00B3838C6168F3B9C43000F0CA
:10C61000EBFF95F8212095F820309A4206D001339F
:10C62000DBB2042B08BF002385F82030013E16F052
:10C63000FF0613D095F8203093420FD035F8332001
:10C6400005EBC304002AD8D061680B796FF30103AE
:10C650000B714FF6FF70FDF7FBFBDAE7F8BD00BF8B
:10C66000DC190020D00800202DE9F041324A14687E
:10C67000A04205460B4604BF00211160808CA5F83E
:10C680004E01182282B0012185F84C2185F86431D1
:10C69000284601F0C7F905F1C406284601F0D6F98D
:10C6A000304600F089FF304600F0BEFF044638B344
:10C6B0000379DFF8888003F00303032B0CBF0346E4
:10C6C00000230360404605F16007FBF7C9FAA8B1F3
:10C6D00021463A46FBF720FB304600F0A5FF044612
:10C6E00070B1037903F00303032B0CBF034600234F
:10C6F00003604046FBF7B4FA0028E9D100DEE7E723
:10C70000AA8C0F4B00950332D2B201210020FCF716
:10C71000DFFD10F0FD0F08D14FF6FF73FF20AB8453
:10C7200002B0BDE8F041FFF761BFFDF7D9FB8542DC
:10C73000F2D000DEF0E700BF001A0020EC18002065
:10C74000EDBE010038B505460120FFF74FFF05F1AA
:10C75000C40000F069FFA8B1037903F003030446A5
:10C76000032B0CBF2346002307482360FBF778FA0E
:10C7700030B105F160022146BDE83840FBF7CCBA84
:10C7800000DEF6E738BD00BFEC18002041B32DE90C
:10C79000F0414D1EDFF84C80EDB200F1C40700F10E
:10C7A000600612E0237903F00303032B0CBF23463A
:10C7B00000232360FBF754FA80B1013D3246214645
:10C7C000EDB2FBF7A9FAFF2D06D0384600F02CFF9A
:10C7D00004464046002CE5D1BDE8F08100DEECE7E0
:10C7E000704700BFEC1800200149FBF74FBA00BFAB
:10C7F000EC180020014B93F8410070479819002075
:10C8000000B50A4B93F840C093F841E0F4450BD0D3
:10C8100080F800E033F83C00088003EBCC035B6851
:10C82000136018685DF804FB0020FBE798190020EE
:10C83000074B93F840C0844508D003EBCC0033F895
:10C840003C300B80436813601868704700207047C5
:10C8500098190020094A92F8401092F841308B4212
:10C8600009D04B1CDBB2082B08BF002352F8310063
:10C8700082F8403070470020704700BF98190020B0
:10C8800000B50D4A92F841C092F840E00CF1010366
:10C89000DBB2082B08BF00239E4509D022F83C00DC
:10C8A00002EBCC0CCCF8041082F841305DF804FBAC
:10C8B00000DE00231B80FFDE9819002070B553793D
:10C8C000144605460E46002B39D0237903F00302A7
:10C8D000032A0CD04FF6FF72954204BF6FF3010399
:10C8E000237121462846BDE87040FDF7B1BA4FF6E6
:10C8F000FF739D4206D133689C421AD0002BF0D0C2
:10C9000000DEEEE7EDB917482A464FF4C071FBF799
:10C91000D1F9E0B1214601F03DFA33689C42EDD1F6
:10C92000104800224FF4C071FBF7C4F908B1838CA2
:10C9300003B100202146BDE8704001F02DB800DEB3
:10C94000C3E700DE0020214601F024FAD3E700DE31
:10C95000214601F01FFA3368A342E1D0002BC0D07A
:10C96000CEE700BFD00800201B207047704700BFF3
:10C9700090F8423143F0020380F84231704700BF23
:10C9800090F842316FF3410380F84231704700BFA5
:10C99000B0F84031B0F80421981880B2704700BF59
:10C9A0000278038E12B1581E80B27047418DB0F8E4
:10C9B00004215818104480B2704700BF10B50B68AE
:10C9C000C0F83230044632300B7903710521FBF791
:10C9D00031FB94F8373060F3050384F8373010BD2D
:10C9E00008B50022D0E91701FBF7A0F9B0FA80F0F2
:10C9F000400908BDF8B506460C4600F0EBFE0546BA
:10CA000088B32F1D384602F0EDF8EB7963732946A1
:10CA1000304600F0F5FE304603F05AF8AB68EA689D
:10CA2000C4F84720C4F843302B69C6F89030A56994
:10CA30000023A361ADB103232F792B71B38CEB805D
:10CA400005F11C01204602F0B5F82E2F02D0042378
:10CA5000A372F8BD28682946FDF7BAF90423A3722A
:10CA6000F8BD00DEE7E700DECBE700BF70B50446A7
:10CA70000D4600F0A7FE10B90623AB7270BD04F19D
:10CA800073063346002205F13B0105F12B0005F04A
:10CA9000EBFDD4F87B10C4F89C10D4F88C10D4F8BB
:10CAA0007F20C4F8AD10D4F89010D4F87730C4F8D3
:10CAB000A020C4F8B11094F88B2094F8AC10C4F8FE
:10CAC00098300023D4F8730084F8833063F30001B6
:10CAD000C4E9293384F8843084F8853084F88630BA
:10CAE00084F8873084F8883084F8893084F88A3074
:10CAF00042F00103C4F8940084F8AC1084F88B3041
:10CB00002946204600F066FE0646A8B1301D02F018
:10CB100081F8F3796B733146204600F071FE2046B0
:10CB200002F0D6FF4FF4C1636B8194F8723043F08A
:10CB3000080384F8723070BD00DEE7E770B50C467C
:10CB4000897A82B005460D2900F22E81DFE801F0D6
:10CB50005F676A9B9F07070C1836393E5053002ABF
:10CB600000F0A78002B070BD002AFBD12146284604
:10CB700000F028FE002840F0F1800723A372F1E7BF
:10CB8000022AEFD1A0690023A361002800F02981C7
:10CB900003230371AB8CC380237A052B00F009813A
:10CBA000062B00F0038100DE2146284600F00AFE35
:10CBB000002840F0AA800923A372D3E7002AD1D12C
:10CBC000F2E7002ACED10B23A372CBE7072AC9D103
:10CBD0002846012100F018FE2846FFF7C9FE21462D
:10CBE000284600F0EFFD002871D10C23A372B9E7AD
:10CBF000002AB7D1F3E7082AB4D140F202336381A7
:10CC000095F872306FF3041385F87230AAE7002AA2
:10CC1000A8D1237A062BD6D00223A372A2E7002A3A
:10CC2000FAD09FE7012A9DD111462846019300F0D2
:10CC3000EBFD2846FFF79CFE284601F02DFD019BE9
:10CC40005A689968C4F82510C4F821201A7B84F822
:10CC500029205A7B84F82A20D3F80E20D3F812100A
:10CC6000C4F83F10C4F83B20D3F81630C5F88C3018
:10CC70002146284600F0A6FD10BB204600F0E4FD4A
:10CC80000323A3726EE7002A7FF46CAFF0E7032A58
:10CC90000CD0042A7FF466AF062140F2036207231A
:10CCA00084F82010A4F84D20A3725BE70523A3723B
:10CCB00058E72146284602B0BDE87040FFF7D6BECF
:10CCC0002146284602B0BDE87040FFF793BE2146DA
:10CCD000284600F07FFD0646002800F08480301DC5
:10CCE00001F0ACFFF37963733146284600F088FD0C
:10CCF000284602F0EDFE40F60D33638195F8723060
:10CD00006FF3C30385F872302CE72146284600F004
:10CD100061FD0646002868D0301D01F085FFF379DB
:10CD200063733146284600F06BFD284602F0D0FEC2
:10CD3000284603F055F80023A3720121284600F08D
:10CD400077FD2846FFF71CFE284601F0A9FC95F860
:10CD5000723043F0100385F8723003E7214628460D
:10CD600000F038FD0646002841D095F8103194F8BF
:10CD70004E10301D1BB1D5F820315B071DD401F0DA
:10CD800067FFF37963733146284600F039FD284682
:10CD900002F09EFE284603F023F894F82030062B7C
:10CDA00011D0242B3FF4DEAE00DEDBE61A23037144
:10CDB000FAE61C3001F038FFF6E60A4694F84D100A
:10CDC00001F052FFDDE70121A172284600F030FD9D
:10CDD0002846FFF7D5FD284602B0BDE8704001F0B7
:10CDE0005FBC00DED4E600DE79E700DE94E700DE1B
:10CDF000BBE700BF92F81FC0ACF1030C02F11C03AB
:10CE0000BCF1080F06D8DFE80CF01205050F050588
:10CE1000050C09003D2380F8443170470822FFF7D4
:10CE20008DBE0722FFF78ABE0222FFF787BE0122CE
:10CE3000FFF784BE8B7A042B04D002D9053B082B64
:10CE400003D8704705238B72704700DEF9E700BFF7
:10CE50008B7A042B04D002D9053B082B0AD87047E3
:10CE6000062040F20362072381F82000A1F84D203C
:10CE70008B72704700DEF2E7887AA0F10400B0FA06
:10CE800080F04009704700BF13460022FFF756BEEE
:10CE900070B591F8263091F82720042B0C4603D862
:10CEA000032B01D0042A0DD91343112113F00703DA
:10CEB00084F822104FF001050CD184F822300125AE
:10CEC000284670BD032A0DD0134313F007034FF01B
:10CED0000005F2D0A68CFFF763FD801B0304EFD49E
:10CEE0002823EAE7112381F822300125F2E700BF69
:10CEF00010B50C4689690023A36131B394F8213041
:10CF0000DB071DD50B792E2B1DD11D230B71838CB7
:10CF1000CB8094F822300B7790F85930C3F302039A
:10CF20008B7790F85830C3F302034B770868FCF70F
:10CF30004FFF94F821306FF3000384F8213010BDC7
:10CF400001230B71F2E700DEDFE700DED6E700BF6A
:10CF500070B505460C4601F097FB10B10123A37292
:10CF600070BD284602F0A2FD0028F7D121462846D0
:10CF700000F028FC0028F1D0284602F095FD072893
:10CF8000ECD00121284602F089FD0D21284602F04F
:10CF900089FD162363732146284600F01BFC0646D4
:10CFA000E061B0B3637B66610022162BE26109D0B9
:10CFB00000DE2846314600F023FC2846BDE87040DC
:10CFC00001F072BB94F8203095F87C21C3F3C203C2
:10CFD00063F3C50285F87C2194F8202095F87C3114
:10CFE00062F3020385F87C3194F8203095F85820DC
:10CFF000C3F3801363F3C302311D85F85820204624
:10D0000001F048FE0221284600F0FEFB0223A37235
:10D01000CFE700DEE669C5E770B505460C4602F0CD
:10D020004FFD10B10223A37270BD2146284600F0C7
:10D03000C9FB0028F6D0284602F036FD0728F1D0BB
:10D040000D21284602F02EFD172363732146284642
:10D0500000F0C0FB0646E061B8B1637B6661002268
:10D06000172BE26109D000DE2846314600F0C8FBEC
:10D070002846BDE8704002F02BBD311D284601F066
:10D080002DFE41F603036381EEE700DEE669E4E787
:10D0900070B50C46897A82B006461546092906D82D
:10D0A000DFE801F0080D474A05056F0590B000DE86
:10D0B00002B070BD002DFBD10123A372F8E7194621
:10D0C000204601F0FDFD94F8202096F87C31C2F353
:10D0D000C200C3F3C2010140C3F30203C2F3020062
:10D0E000034043EAC10322F03F02134384F8203097
:10D0F00096F93730002B0BDB94F8203013F0380F03
:10D1000040F0908094F8203023F03F0384F82030E2
:10D110000221304600F078FB012DC9D196F8373056
:10D12000DB09C4D02146304602B0BDE87040FFF7AD
:10D1300073BF002DBCD1F5E7022DB9D190F937307E
:10D14000002B80F29B80514B96F8582093E8030007
:10D1500094F82030134302AD03F0070305E9030000
:10D1600008336B44022113F8083C304663F306127F
:10D17000062386F85820A37202B0BDE8704000F084
:10D1800057BB032D94D11946204601F0BDFD214621
:10D190003046FFF77DFE0546204600F055FB002D8A
:10D1A0005FD094F82230282B01D186F8443196F8CC
:10D1B0005830C3F3020262F30613092286F858308E
:10D1C000A27275E7002D7FF473AFFFF7E1FBA38C2C
:10D1D000C01A03043FF56CAF84F8225096F937006B
:10D1E00096F8582094F8261094F82730002802F07A
:10D1F000070E1BDB2A4694F8213062F3000384F803
:10D200002130D4E7042D7FF453AF2146FFF770FEA1
:10D21000304602F0E5FD0021304602F043FC0023D9
:10D22000A37245E75A077FF473AF6BE796F859008E
:10D2300013F0030301F0030100F0070C17D063F3B0
:10D24000020286F85820D9B99E4518BF0122D2D1D2
:10D2500096F8592002F00705B5EB0C0218BF012221
:10D26000C9E7304602F03AFC0823A37220E7002900
:10D27000C0D061F3020086F85900E9E700DE62E7FA
:10D2800061F3020086F85900DEE700BF7CBD0200B2
:10D2900070B5D37F112B05460C4602F11C060BD04E
:10D2A000182B26D0072B13D0242380F8443101F00B
:10D2B000A1FA0023A37270BD8B7A062B45D003D848
:10D2C000022BF8D900DE70BD083B012BFAD870BDE7
:10D2D0008B7A062BF3D1002102F0E0FBD5F8203148
:10D2E0001A2223F48073C5F82031204684F82220C6
:10D2F00038E08B7A062BE2D190F93730002B65DAD3
:10D300000221284602F0CAFB3146204601F0FCFC0F
:10D3100021462846FFF7BCFD0646204600F094FA59
:10D32000C6BB94F827302BB195F8582063F306124A
:10D3300085F85820284601F0C1F90823A372284631
:10D340000221BDE8704000F073BA3146204601F07A
:10D3500099FC94F84E3084F822302846002102F0DF
:10D360009DFB204600F070FA94F8213043F0010351
:10D3700084F8213095F85830C3F3020262F30613A3
:10D38000092285F85830A27228460221BDE8704073
:10D3900000F04EBA0021284602F080FB94F82230BB
:10D3A0000BB185F8443194F8203094F82120DB0942
:10D3B00063F3000284F8212095F85830C3F3020289
:10D3C00062F3061385F858300923B7E700DE97E7C4
:10D3D00070B58B7A0C460546092B06D8DFE803F0BA
:10D3E00007070605050506050B0600DE70BDBDE84E
:10D3F0007040FFF7ADBDFFF7CBFAA38CC01A030452
:10D40000F4D495F937C095F8580095F8593094F848
:10D41000262094F82710BCF1000F00F0070603F057
:10D42000070E1ADB0021284602F038FB94F8203062
:10D43000002284F82220DB0994F8212063F3000203
:10D4400084F8212095F85830C3F3020262F30613E2
:10D45000092285F85830A27270BD11F0030115D071
:10D4600061F3020012F0030285F8580018D062F34D
:10D4700002038E4285F859300FD00021284602F071
:10D480000DFB002384F822300123D5E712F00302BC
:10D49000C8D062F3020385F859309645EDD1C1E753
:10D4A0008E42EAD1BEE700BF8A7A0B46092A0BD822
:10D4B000DFE802F00B0B050A0A0A0B0A0B0B90F8C7
:10D4C0003720D209844601D100DE704710B5104ADA
:10D4D00090F858E092E8030093F8202082B04EEADA
:10D4E000020202AC02F0070204E9030008326A44B7
:10D4F000022112F8082C604662F3061E41F606026D
:10D500008CF858E05A8102B0BDE8104000F090B9A4
:10D510007CBD020038B58B7A092B14D8DFE803F004
:10D520001212121313131213120505460C46FFF7BD
:10D53000DFFC284601F05EF90021284602F0B2FA2D
:10D540000023A37238BD00DE38BD00BF10B592F8CD
:10D550001FE0BEF1160F02F11C030BD0BEF1180F35
:10D560000DD024230C4680F8443102F039FC00230E
:10D57000A37210BDBDE810400122FFF789BDBDE8D0
:10D5800010400322FFF784BD13460022FFF780BD41
:10D5900013460222FFF77CBD00230422FFF778BD6B
:10D5A0000023037043608360C3600361704700BF62
:10D5B000037801330370704703785BB9C3687BB1AC
:10D5C00002691AB1816861B10B6082600023C36097
:10D5D00003617047013BDBB20370002BEED0704754
:10D5E00070474360F1E700BF03783BB100230C3084
:10D5F0000B60436843B119604160704700230430F9
:10D600000B604368002BF6D101604160704700BF9A
:10D6100000230B60836813B119608160704741601B
:10D6200081607047406870470346406828B1996838
:10D6300002685A60884208BF9A6070474078A0F13B
:10D640000C00B0FA80F04009704700BF4078A0F1AC
:10D650000800B0FA80F04009704700BF4078A0F1A0
:10D660000200B0FA80F04009704700BF4078A0F196
:10D670001700B0FA80F04009704700BF4078A0F171
:10D680000100B0FA80F04009704700BF4078A0F177
:10D690000900B0FA80F04009704700BF4078A0F15F
:10D6A0000600B0FA80F04009704700BF4078A0F152
:10D6B0001800B0FA80F04009704700BF4078A0F130
:10D6C0000300B0FA80F04009704700BF4078A0F135
:10D6D0000500B0FA80F04009704700BFF8B5064673
:10D6E00008460D46FAF7BCFA044680B100274560AB
:10D6F0000672476187612C22394620300DF0CCFE3E
:10D700004FF47F43FF2262726381A381A773204697
:10D71000F8BD00BF4078A0F10200B0FA80F04009E7
:10D72000704700BF4078A0F10200B0FA80F04009D5
:10D73000704700BF4078A0F10100B0FA80F04009C6
:10D74000704700BF4078A0F10200B0FA80F04009B5
:10D75000704700BF4078A0F11800B0FA80F040098F
:10D76000704700BF4078A0F10100B0FA80F0400996
:10D77000704700BF4078A0F10100B0FA80F0400986
:10D78000704700BF4078A0F10900B0FA80F040096E
:10D79000704700BF4078A0F10300B0FA80F0400964
:10D7A000704700BF4078A0F10300B0FA80F0400954
:10D7B000704700BF416809B1FAF768BA00DE4168F6
:10D7C000FAF764BA024B1868003818BF0120704796
:10D7D0003003002010B50448FAF742FA044604303A
:10D7E000FFF7C4F8204610BD3003002008B5012023
:10D7F000FCF702FB003818BF012008BDFCF716BB80
:10D80000C430FFF705BF00BF38B590F83631054684
:10D810000C461BB11C4385F8364138BDC430FFF7B8
:10D82000C7FE95F836311C4385F8364138BD00BF38
:10D8300090F8363123EA010180F8361101B17047C2
:10D84000C430FFF7B9BE00BF836943B11A792E2AED
:10D8500004D02E221A71836902691A60704700DEB3
:10D860008369F3E783694BB11A792E2A00D0704798
:10D8700001221A7181690868FCF7AABA00DE83697F
:10D88000F2E700BF8B6913B11A792E2A08D0CB6951
:10D890002BB1D0F83C211A60CB69C0F83C317047FD
:10D8A0001B68D0F838215A608B6901221A718B6984
:10D8B000C0F83831EBE700BFF8B50D4F05463846E4
:10D8C000FAF7CEF9044680B100264760057246613A
:10D8D00086612C22314620300DF0DEFD4FF47F436F
:10D8E000FF2262726381A381A6732046F8BD00BF48
:10D8F0002003002010B50A4B022258685021FAF785
:10D900008BF9084B012258685021FAF785F9064B2C
:10D91000BDE81040586804222C21FAF77DB900BFF9
:10D9200028030020200300203003002038B50446DF
:10D93000002500F033FF2046C4E9365584F8E45052
:10D9400002F030FAC4F80851C4E93A5584F8F650A8
:10D95000A4F8F450A4F8F850C4F80B51A4F82851D6
:10D96000C4F81051C4F81451C4F81851C4F81C512B
:10D97000C4F82051C4F82451FBF736FD94F87230F6
:10D9800084F83651C4E94801C4E94E5523F0180320
:10D9900084F87230258638BD08460149FAF776B911
:10D9A0003003002010B5B0F8E24082B0034624B145
:10D9B000A1420FD2641AA0F8E240B3F8F20020B1FD
:10D9C00081420FD2401AA3F8F200002318461370C8
:10D9D00002B010BD019200F00BFE019A58B1037A1B
:10D9E0000A2B03D022236FF07300F0E790F8203069
:10D9F0006FF07300EBE700DEF1E700BF034B0B4471
:10DA0000B3FBF1F3A0F8F830704700BFFF59620292
:10DA100010B5044602F0CEF92046BDE8104000F0F3
:10DA2000C5BE00BF10B5044611B1012907D010BD15
:10DA300002F0F6F92046BDE8104000F0FFBE02F00B
:10DA400003FA2046BDE8104000F006BF70B5D0F8DC
:10DA50003841064634B1206821464468FCF7ACF9E9
:10DA6000002CF8D1D6F83C410023C6F838313CB13F
:10DA7000054D204624682946FAF708F9002CF8D10C
:10DA80000023C6F83C3170BD3003002090F93730D8
:10DA9000002B14DA70B504460E46032009491546DA
:10DAA000FFF71CFE014640B180F8206080F821504D
:10DAB000204600F069FD002070BD0C2070BD0C20D8
:10DAC000704700BF2803002010B507490446012015
:10DAD000FFF704FE28B10146204600F055FD002066
:10DAE00010BD0C2010BD00BF2803002038B504462F
:10DAF0000D4602200849FFF7F1FD58B190F820309B
:10DB000065F30003014680F82030204600F03CFD1C
:10DB1000002038BD0C2038BD2803002010B507496F
:10DB200004460420FFF7DAFD28B10146204600F044
:10DB30002BFD002010BD0C2010BD00BF28030020CD
:10DB40002DE9F04105468846072010499DF81860E8
:10DB500017461C46FFF7C2FDA8B1E30008F007080E
:10DB600003F03803BF0143EA080307F040073B43D3
:10DB700043EAC613014680F82030284600F004FD31
:10DB80000020BDE8F0810C20BDE8F08128030020D2
:10DB900038B504460D4600F0A3FE204602F0E8F931
:10DBA00007490A20FFF79AFD38B1014680F8205056
:10DBB000204600F0E9FC002038BD0C2038BD00BF35
:10DBC0002803002008B590F93730002B08DB00F05F
:10DBD0000FFD20B1037A0B2B0CBF2230002008BDB3
:10DBE00001F06AFFF5E700BF70B506460D4601F08B
:10DBF00063FF20B1037A053B012B044601D90C20B9
:10DC000070BD01463046FFF737F90028F7D0296884
:10DC10006A68AB68ED68C4F837503046C4F82B101A
:10DC2000C4F82F20C4F833302146FFF703F9002051
:10DC300070BD00BF38B5054601F03EFF20B1037A44
:10DC4000053B012B044601D90C2038BD014628466E
:10DC5000FFF712F90028F7D028462146FFF7F8F819
:10DC6000002038BD2DE9F8430546D0F82001BDF865
:10DC700020801E4683070F46914617D495F937300A
:10DC8000002B1FDB2A490820FFF728FD0446002C43
:10DC900042D0237A082B0FD0092B16D000DE28465D
:10DCA000214600F071FC0020BDE8F88320490920DE
:10DCB000FFF714FD0446EAE7A4F828906685A4F867
:10DCC0002C80ECE71A20BDE8F883099BE784A4F8D0
:10DCD00028906685A4F82C8003B31B882387099BB2
:10DCE0005B886387099B9B88A387099BDB88E38705
:10DCF000099B1B89A4F84030099B5B89A4F842303A
:10DD000095F93730002BCADA2846FEF781F901462B
:10DD1000284602F0A1F9C2E70C20C5E7054A4FF0FA
:10DD2000FF33C4E90E23A4F840304FF6FF73E5E754
:10DD3000280300200000FFFF10B5044601F0BCFEE0
:10DD400010B1037A092B00D010BD01462046BDE872
:10DD5000104001F069BD00BF38B504460D4601F022
:10DD6000ABFE10B1037A092B00D038BD80F82050EB
:10DD700001462046BDE8384001F05ABD08B501F023
:10DD80009BFE28B1007AA0F10900B0FA80F04009AA
:10DD900008BD00BF38B505460C4600F029FC10B19F
:10DDA0004369A3420ED0284601F086FE10B14369B4
:10DDB000A34200D038BD224601462846BDE838407F
:10DDC00001F092BF01462246284600F0B1FCEAE786
:10DDD00010B5044600F00CFC18B10146204600F0D6
:10DDE000CBFC204601F068FE014620B12046BDE88C
:10DDF000104001F0A9BF10BD2DE9F041537F14463A
:10DE000005460E46002B3FD0D37F1E2B29D928462E
:10DE100000F0EEFB0746284601F04EFE0146002FBB
:10DE20005ED0FA7AE37F002848D09342C07A51D07E
:10DE30003A7B002A5DD098424ED00A7B002A4BD113
:10DE4000072B6DD0112B04D14A7B94F820309A42D5
:10DE500042D02346324639462846BDE8F04100F01C
:10DE600031BC444A52F8232022B104F11C009047EF
:10DE700060B1E37F022BCAD10123224631462846F6
:10DE8000BDE8F04101F0FCBFFF23D377284600F046
:10DE9000AFFB28B1E27FC37A9A420DD0037B5BB916
:10DEA000284601F009FE002850D0E27FC37A9A424A
:10DEB00002D0037B002BE0D0BDE8F0819342C8D0B4
:10DEC0003A7B002AC5D1072B4DD0112B4BD00D2BFF
:10DED000BFD0D1E798421CD11F2385F84431EBE72E
:10DEE0000028C9D0234632462846BDE8F04101F05B
:10DEF0008FBE072B2CD0112B18D0B3F10D0218BFF9
:10DF0000012298421FD00B7BEBB9002AA1D0242319
:10DF1000E3E70A7B002ADFD1072B95D0112B98D19C
:10DF20004B7B94F820209A42D6D092E77A7B94F8E3
:10DF30002030D21A18BF0122112804D0087B10B952
:10DF4000487B9842E1D1002ACCD1C5E7034694E74B
:10DF50007A7B94F82030D21A18BF01220728EDD11D
:10DF6000002ABFD1B8E77A7B94F820309A4283D157
:10DF70006FE700BF7CC40200F8B58D6900260C462F
:10DF800007468E612DB3012603232B71BB8CEB80DA
:10DF9000237A022B05F11C0112D0042B02D000DEE3
:10DFA00046B1F8BD637A0C2BF9D1384600F0DCFDA0
:10DFB000002EF6D128682946BDE8F840FBF708BFD7
:10DFC000637A072B0DD0092BE9D1384600F020FDEC
:10DFD000E6E7FFF713FC05460028D5D100DE007107
:10DFE000FFDE204600F0C0FCDAE700BF70B5064651
:10DFF0000C46FFF7EFFB054600284ED0237A013B85
:10E00000291D092B06D8DFE803F0141A202705057F
:10E010000505052D00DEEB79637329463046FFF7D1
:10E02000EFFB237A0A2B24D03046BDE8704000F085
:10E030003BBB084600F072FC1323E372EBE730466B
:10E0400000F0A0FC0923E372E5E7204600F058FD4C
:10E05000FF236561E372DEE7084600F073FD0C23E1
:10E06000E372D8E7204600F05DFDFF236561E372AF
:10E07000D1E7F38CB6F8721140F2E24202FB03F3EF
:10E0800042F2107202FB013101393046B1FBF3F16B
:10E09000BDE8704089B200F00DBB00DEAEE700BF06
:10E0A000F8B506460C4601F00BFD20B10323002510
:10E0B000A3722846F8BD21463046FFF783FB05468C
:10E0C0000028F3D021463046FFF784FB074660B3B3
:10E0D000237A022B07F1040020D0042B14D0012B4B
:10E0E00017D000DEFB79637339463046FFF788FBB3
:10E0F000304601F0EDFC0423A372304601F070FEBF
:10E100000023A3722846F8BD00F01CFDFF23E37234
:10E11000E8E700F00DFCFF23E372E3E70146304639
:10E1200000F054FCFF23E372DCE700DED0E700BF21
:10E1300038B50B7A042B0C46054612D006D8013BA5
:10E14000012B19D8BDE83840FFF7AABF0A2B13D11D
:10E1500001F046FE94F820300022A27285F8443186
:10E1600038BD90F808314BB9FFF79AFF0028F7D077
:10E17000012385F8083138BD00DE38BD01F030FEDE
:10E180000023A37238BD00BF38B50B7A013B0C46A3
:10E190000546092B14D8DFE803F005150D231313EA
:10E1A000131313324B7A072B04D0132B02D02423E2
:10E1B00085F84431284600F01DFB0023A37238BDCA
:10E1C00000DE38BD4B7A072B01D0092BEFD194F834
:10E1D0002030DB07EED521462846FFF7CDFEE9E7E4
:10E1E0004B7A0C2BE3D18B698BB121462846FFF784
:10E1F000C3FE284600F0FEFA0023A37238BD00F0EB
:10E20000F9FA00221623A27285F8443138BDFFF7CF
:10E21000EDFA0028E9D1284600F046FA0423A3725B
:10E2200038BD00BF70B50E7A731E0C460546092B2B
:10E2300006D8DFE803F0070E4D2205050505053F6A
:10E2400000DE70BD00F020FA00285DD00123A3722B
:10E2500070BD00F019FA0028F8D121462846FFF7D2
:10E26000B1FA0028F2D021462846FFF7BFFE6369C5
:10E27000002B08BF0326A67270BD90F80831002B52
:10E280003AD100F001FA0028E0D121462846FFF7F4
:10E2900099FA0028DAD021462846FFF7A7FE6269DE
:10E2A000002A4FF001030CBF03220222A27285F85C
:10E2B000083170BDFFF786FA0028C7D021462846EE
:10E2C000FFF794FE1622022384F82020A37270BD6B
:10E2D00000F0DAF90028B9D121462846FFF772FA92
:10E2E0000028B3D021462846FFF780FE6369002B43
:10E2F00018BF0226A67270BD0C2200234A728B61E1
:10E30000BDE87040FFF740BF21462846FFF75AFAA4
:10E3100000289BD021462846FFF768FE6369002B42
:10E320000CBF03230223A37270BD00BF8B7A022BA4
:10E3300004D002D9033B012B07D870470B7A032B7B
:10E3400001D00A2BF9D1FFF71FBF00DE704700BFD5
:10E3500038B58B7A032B05D001D9042B00D138BDF9
:10E3600000DE38BD0546D07F0C46831E02F11C013D
:10E370006072172B0DD8DFE803F00C0C0C0C0C1B93
:10E380000C170C0C130D0C0C0C1F0C0D0C0C0C0CA6
:10E390000C0D00DE21462846BDE83840FFF7F4BEEC
:10E3A000284600F0F7FBF5E7284600F07DFBF1E793
:10E3B000204600F0D5FAEDE7204600F063FCE9E7DF
:10E3C00038B58B7A032B05D8012B0AD8BDE8384025
:10E3D000FFF728BF042B03D10B7A042B0C4601D086
:10E3E00000DE38BD0546FFF701FA0028F9D02146C6
:10E3F0002846FFF7C1FD284600F0FCF90023A37270
:10E4000038BD00BF38B58B7A012B06D002D9023B4C
:10E41000022B00D838BD00DE38BD0546D07F0C4643
:10E42000831E02F11C016072102B17D8DFE803F085
:10E430000916161616161C16161618161616161681
:10E440001000204600F07AFB08212846FFF7DCF98F
:10E4500021462846BDE83840FFF76ABE00DEF7E7F0
:10E46000284600F097FBF3E7284600F0EFFAEFE7C5
:10E4700038B58B7A0C460546042B1AD8DFE803F032
:10E48000140F03100F000B7A0A2B10D1284601F04D
:10E49000A7FC94F820300022A27285F8443138BDE0
:10E4A000BDE83840FFF744BE01238B7238BD00DE63
:10E4B000ECE700DE38BD00BF70B5044604F01EF87E
:10E4C00068B1D4F8D85045B1D4F8DC202B68C4F832
:10E4D000D830954208BFC4F8DC30284670BD0546E8
:10E4E0000121032003F0D0FF2A4606460121032024
:10E4F000F9F754FCD4F8D85045B1D4F8DC202B6897
:10E50000C4F8D830954208BFC4F8DC30002EE4D0FF
:10E51000012211460320F9F741FC284670BD00BFD7
:10E52000F8B506460C4603F0E9FF68B1D6F8D850B6
:10E53000AC421FD1A3690BBB3046FFF7BDFF20469D
:10E54000BDE8F840FFF736B905460121032003F086
:10E550009BFF2A46074601210320F9F71FFCD6F846
:10E56000D850002FE4D0012211460320F9F716FC01
:10E57000AC42DFD000DEA369002BDDD01B792E2B4F
:10E58000DAD100DED8E700BFF8B505460C4603F047
:10E59000B5FF40B100232360D5F8DC30F3B11C6037
:10E5A000C5F8DC40F8BD06460121032003F06CFFEE
:10E5B0003246074601210320F9F7F0FB2660D5F823
:10E5C000DC3083B11C60C5F8DC40002FEAD00122AA
:10E5D000BDE8F84011460320F9F7E0BBC5F8D84084
:10E5E000C5F8DC40F8BDC5F8D840C5F8DC40ECE71C
:10E5F00070B5054603F082FF18B1D5F8D840204623
:10E6000070BD04460121032003F03EFF224606466A
:10E6100001210320F9F7C2FBD5F8D840002EEED037
:10E62000012211460320F9F7B9FB204670BD00BF57
:10E6300038B50546FFF7DCFF037A013B0446092B9A
:10E640001AD8DFE803F00505050519191B13130592
:10E65000014600222846FFF7B3FEA37B03B938BD6D
:10E6600021462846BDE83840FFF75ABF0146002240
:10E67000284601F0ABF8F0E700DEEEE701460022A5
:10E680002846FEF7A5FEE8E790F8E400A0F10100B7
:10E69000B0FA80F040097047012380F8E4307047F9
:10E6A000002380F8E4307047B0F8F830A0F8E2308A
:10E6B000704700BFA0F8E210704700BF0023A0F829
:10E6C000E230704738B50C468969054610461A464F
:10E6D000F1B1217A0139092922D8DFE801F00505D5
:10E6E00005052121231C1C0521462846FFF730FE85
:10E6F000A36923B11B792E2B1CBF0023A361A37B2D
:10E7000003B938BD21462846BDE83840FFF708BFA9
:10E71000A3612061DDE72146284601F001F8E7E723
:10E7200000DEE5E721462846FEF7B2FDE0E700BF40
:10E7300038B50B7A072B0C46054619D00A2B9446A0
:10E7400006D0032B04D0A37B0022626153B938BDED
:10E75000624621462846FFF7E9FDA37B002262615D
:10E76000002BF4D021462846BDE83840FFF7D8BE3C
:10E77000FEF79AFEE7E700BF38B50B7A072B0C4689
:10E78000054608D0A37B03B938BD21462846BDE81D
:10E790003840FFF7C5BEFEF7BDFEF3E702220023B7
:10E7A00080F8E020A0F8E230704700BF38B590F85C
:10E7B000E0300446032B1AD8DFE803F002100F10F4
:10E7C000FFF716FF48B1057A2046FFF731FF0A2D03
:10E7D00014BF0123032384F8E03038BDFFF708FF9E
:10E7E0000028FAD02046BDE83840FFF721BF00DE00
:10E7F00038BD00BF10B590F8E0300446032B1BD89D
:10E80000DFE803F00D020C02FFF7F2FE90B10023E7
:10E810000122A4F8E230827384F8E03010BDFFF7E3
:10E82000E7FE28B100220123A4F8E220837310BD83
:10E8300000DEF7E700DEEAE700DE10BD90F8E0302A
:10E84000022B03D001D9032B04D17047002380F899
:10E85000E030704700DE704738B590F8E03004468D
:10E86000032B3AD8DFE803F0092612132046294685
:10E87000FFF708F82846FEF79DFF2046FFF71CFE2D
:10E8800005460028F2D1022384F8E03038BDFFF7B6
:10E8900013FE05460028F6D029462046FEF7F2FF73
:10E8A0002846FEF787FF2046FFF706FE05460028AC
:10E8B000F2D1E8E7FFF700FE05460028E3D029463D
:10E8C0002046FEF7DFFF2846FEF774FF2046FFF7DD
:10E8D000F3FD05460028F2D1D5E700DE38BD00BFC4
:10E8E00038B50546FFF7E8FD68B1044621462846DD
:10E8F000FEF7C8FF2046FEF75DFF2846FFF7DCFD68
:10E9000004460028F2D10024A5F8E240214628461A
:10E9100001F0C4F885F8E04038BD00BF037801215C
:10E92000122243F0030303704170C270704700BFAE
:10E9300003780121132243F0030303704170C27076
:10E94000704700BF0B784FF0020C43F0030307221F
:10E950000B7081F801C0CA7090F84C300B71704791
:10E960000B7980F84C3070470B784FF0020C43F075
:10E97000030307220B7081F801C0CA7090F84C3075
:10E980000B71704710B50B780C460922082143F033
:10E990000303E1706270237090F93730002BACBF35
:10E9A0000B460E23E370FAF71FFD002261F3070206
:10E9B000C1F3072C0B0C6CF30F2263F317421B0AF5
:10E9C00063F31F626060A26010BD00BF38B50C46E3
:10E9D0000546FAF709FD237843F003032370092362
:10E9E0006370E370D5F82031217263F0FF031840A3
:10E9F000020C0B0CC0F307252071C1F30721100A8C
:10EA0000A2711A0AE07165716172A372E27238BD77
:10EA10000B78092243F003030B704A70CA70D0E9E7
:10EA20004623100CC2F3072C0A711A0C81F805C09A
:10EA300088714FEA102C0B72C3F30720130A81F878
:10EA400007C048728A72CB72704700BF2DE9F0414F
:10EA50004B68144F8E685A0F82EA137202F001025B
:10EA60001F400021931849419B18054641F10008B9
:10EA700087EA0374FAF7B8FC04EA0003C5F820310A
:10EA800063F0FF0306F0EF063B4046EA0878C5E96D
:10EA9000463608EA01010122C5F8241185F8102143
:10EAA000BDE8F0812FCF87F72DE9F0414A68134F79
:10EAB0008E68530F83EA127303F00103D91807EA33
:10EAC00002074FF000025241C918054642F1000406
:10EAD00087EA0178FAF788FC06F0EF0646EA047444
:10EAE000C5E9467608EA00000C400123C5F820017C
:10EAF000C5F8244185F81031BDE8F0812FCF87F7A4
:10EB00000B784FF0030C43F0030319220B7081F8CC
:10EB100001C0CA7090F820300B7190F821304B7111
:10EB2000704700BF0B78022243F003030B704A705A
:10EB3000CA7090F820300B71704700BF0B7980F8D5
:10EB4000203070470378074AC0F805204FF0060CC4
:10EB500043F0030340F60C51037080F801C0A0F8A5
:10EB600003107047F105FFFF0B784FF0060C43F0E0
:10EB700003030C220B7081F801C0CA7090F80A31AF
:10EB80000B71B0F80B31A1F80530B0F80D31A1F8D8
:10EB900007307047012380F809310B7980F80A317A
:10EBA000B1F80530A0F80B31B1F80730A0F80D31FD
:10EBB000704700BF0B78032243F003034FF0170C9C
:10EBC0000B7081F801C0CA70D0F82130D0F8252030
:10EBD0008A604B6090F829300B7390F82A304B73A1
:10EBE000704700BF10B503780D21042243F00303E2
:10EBF00041700370C270841803F080FC0C2120B1B6
:10EC00002046BDE8104001F091BD2046BDE810400F
:10EC100001F082BD03780121052243F00303037054
:10EC20004170C270704700BF03780121062243F093
:10EC3000030303704170C270704700BF0378012165
:10EC40000B2243F0030303704170C270704700BF92
:10EC5000037801714FF0020C43F003030D2203709F
:10EC600080F801C0C27070470378017143F003035C
:10EC70004FF0030C0370112380F801C0C370427180
:10EC8000704700BF0B7980F84D304B7980F84E30DB
:10EC9000704700BF0B784FF0030C43F003031622BC
:10ECA0000B7081F801C0CA7090F82030C3F3C20322
:10ECB0004B7190F82030C3F302030B71704700BF13
:10ECC0000A7990F8203062F3C50380F820304A7941
:10ECD00062F3020380F82030704700BF0B784FF0DA
:10ECE000030C43F0030317220B7081F801C0CA70B4
:10ECF00090F87C31C3F3C2034B7190F87C31C3F3BD
:10ED000002030B71704700BFCB8883840B7980F8B6
:10ED100026304B7980F82730704700BF0B784FF0D2
:10ED2000180C43F003030F220B7081F801C0CA7066
:10ED3000C38C8B80038DCB80438D0B81838D4B8166
:10ED400090F834300B73C38EA1F80D30038FA1F807
:10ED50000F30438FA1F81130838FA1F81330C38F88
:10ED6000A1F81530B0F84030A1F81730B0F84230B3
:10ED7000A1F81930704700BF0B784FF0180C43F022
:10ED8000030310220B7081F801C0CA70C38C8B8002
:10ED9000038DCB80438D0B81838D4B8190F8343074
:10EDA0000B73C38EA1F80D30038FA1F80F30438F82
:10EDB000A1F81130838FA1F81330C38FA1F815305B
:10EDC000B0F84030A1F81730B0F84230A1F819304F
:10EDD000704700BF8B88C384CB8803850B8943852C
:10EDE0004B8983850B7B80F83430B1F80D30C386B6
:10EDF000B1F80F300387B1F811304387B1F8133001
:10EE00008387B1F81530C387B1F81730A0F84030C8
:10EE1000B1F81930A0F84230704700BF0B780022DB
:10EE200043F003034FF00C0CCA700B7081F801C063
:10EE300090F823300B71036B094AA2FB03239B0A52
:10EE4000A1F80530438DA1F80930038DA1F80730F2
:10EE5000838DA1F80B30838CA1F80D30704700BF73
:10EE60005917B7D10B7980F82330B1F8053040F24B
:10EE7000E24202FB03F30363B1F809304385B1F8C2
:10EE800007300385B1F80B308385B1F80D308384EA
:10EE9000704700BFB1F8093003844B68C0F82230D6
:10EEA0000B7A80F8263070478B6900228A610BB399
:10EEB000192293F804C01A71828CDA8091F820200C
:10EEC0001A774AB90A8DDA834A8D1A848A8D5A8450
:10EED000BCF12E0F0AD07047C28CDA83028D1A84DF
:10EEE000B0F872215A84BCF12E0FF4D1186819467B
:10EEF000FAF76EBF00DEDBE730B5C38C0A8D4C8DB0
:10EF00008D8D934285B002D1038DA34214D001238D
:10EF100081F8223002950B6BCDE900240C7A91F830
:10EF20002320898C0391A4F10801B1FA81F14909E8
:10EF3000F2F7AAFE05B030BDB0F872315B1B18BF06
:10EF40000123E5E7F8B5CD6900230C4607461646D0
:10EF5000CB618DB3291D112E0AD8DFE806F02009F8
:10EF600009090909091C09090909090909092414D8
:10EF700000DEEB79637329463846FEF741FC237ABD
:10EF8000092B14D0F8BD084694F8202094F82110DD
:10EF9000FFF76AFEEDE72046FFF7D4FCE9E72046DD
:10EFA000FFF73CFFE5E72046FFF7E6FEE1E73846DE
:10EFB000BDE8F84000F08CBDFEF70CFC05460028CB
:10EFC000C8D100DEC6E700BF38B58B690C460546E0
:10EFD0007BBBFEF713FC2E23A061037194F8342051
:10EFE0000121002384F823102363218D4AB1B1FB52
:10EFF000F2F313FB02F3E28C9BB29A429CBF23858F
:10F000001946238F994204D340F2E24202FB03F3F4
:10F0100023632846FDF7C4FC2B8D06331844A084D7
:10F02000002221462846FFF78DFF4FF60B736381C0
:10F0300038BD00DECDE700BF38B504460D4600F010
:10F040003FFD20B929462046FEF7BCFB30B9102110
:10F050002046FEF7D9FB0923AB7238BD04F1C4008A
:10F06000FEF7E0FA0028F2D12046FDF7B9FC0028AF
:10F07000EDD029462046FEF7ADFBE861FEF7B6FB72
:10F0800010B90C23AB7238BD29462046FFF79CFF10
:10F0900020461021BDE83840FEF7CABB70B50646D1
:10F0A0000C4600F00DFD10B10623A37270BD05469D
:10F0B00021463046FEF786FB0028F5D01122214676
:10F0C0003046FFF73FFF304600F08AFE237A092BD7
:10F0D00004D1044B1A68964208BF1D600023A37236
:10F0E00070BD00BF001A0020F8B5294A1368064613
:10F0F0000C468BB183420FD002238B7200F0E0FCF0
:10F10000054620B921463046FEF75CFB68BB204629
:10F11000BDE8F840FEF798BB218DF38C166099424C
:10F12000628DA08D12D0A5690023A36175B303235E
:10F130002F792B71B38CEB8005F11C012046FFF772
:10F14000EDFD2E2F1DD00423A372F8BD338D934205
:10F15000E9D1B6F872318342E5D12046FEF782FB51
:10F1600000220523A261A372F8BD4FF47263214609
:10F1700023843046FFF792FF2046FEF773FBA5611C
:10F18000F8BD28682946FAF723FEDCE700DECEE763
:10F19000001A00202DE9F0412C4E336804460D463C
:10F1A0002BB1834203D00123AB72BDE8F08120462E
:10F1B000FFF76AFA0028F6D1204600F077FC0746F0
:10F1C0000028F0D129462046FEF7FCFA0028EAD0B4
:10F1D0002046FDF7E5FB01218046204600F05EFC5D
:10F1E000A5F83680D5F81C8085F834703460EF615E
:10F1F000B8F1000F1BD008F104012846FFF78EFD7F
:10F2000098F807306B7341462046FEF7F9FA2B7ADF
:10F21000092B08D094F83730DB0901D100DEC4E7B0
:10F2200004236B81C1E72046FFF73EFAF2E7294647
:10F230002046FEF7CFFA80460028DCD100DE04210C
:10F240002846FFF76BFD98F80730FFDE001A002014
:10F25000F0B50C46897A83B005460C2900F2FC8093
:10F26000DFE811F012001E004E00570063006E0030
:10F270007C00FA007F00F0008A00C9000D00002A1F
:10F2800000F0EF8003B0F0BD002AFBD1237A082BF9
:10F2900000F0F980092B40F0DF800123A372F1E731
:10F2A000012AEFD119462046FFF794FDE38C228D09
:10F2B000A08D618D94F83460052B17D9B2F5486F95
:10F2C00014D8934212D8B1F5FA7F0FD2A0F10A03F5
:10F2D0009BB240F67647BB4208D84B1C9BB202FB60
:10F2E00003F3B3EB800F01D2B2420BD240F61E7390
:10F2F00023842146284603B0BDE8F040FFF7CEBE88
:10F30000012ABFD82146284603B0BDE8F040FFF7E8
:10F31000EBBE002AB6D10192FEF768FA019A0028E6
:10F3200040F0CC800323A372ACE7032A00F0968060
:10F33000042AA7D10F22062384F82120A372A1E773
:10F34000002A9FD195F93730002B80F29A8094F8EB
:10F35000203043B10F2384F82130CAE7002A91D12D
:10F36000C7E7002A8ED1284600F0AAFB002800F04B
:10F370008D800823A37285E7022A83D195F8372070
:10F38000C2F3C011D20900F0908019462046FFF761
:10F3900069FD218D628DA68D8B1F9BB240F67A4050
:10F3A000834200F29E80B2F5FA7F80F09A80A6F147
:10F3B0000A039BB240F67640834200F29280531CCF
:10F3C0009BB201FB03F3B3EB860F80F08A802846E3
:10F3D000FDF7E6FAA38C1B1A47F6FE729BB2934226
:10F3E00040F2A480282385F84431284600F0F8FC38
:10F3F0000023A37246E7002A7FF444AF2846FDF7B6
:10F40000C7FAA38CC01A03043FF53CAF2146284637
:10F41000FFF772FD237A092B65D094F82260002E45
:10F420006BD12046FEF71EFAA661284600F0D8FCF4
:10F43000237A092BDCD1454B1A689542D8D100229A
:10F440001A60D5E7002A7FF41DAF2146284603B095
:10F45000BDE8F040FFF7F0BD00DE13E70523A3721F
:10F4600010E7FEF7C3F900283FF40CAF2146284609
:10F47000FFF7AAFD1021284603B0BDE8F040FEF7D3
:10F48000D7B9A261E1E70A23A372FBE62146284629
:10F49000FEF798F900283FF46CAF10222146284669
:10F4A000FFF750FD0A236381ECE684F84C102846F0
:10F4B00000F006FB48B30D23A372E3E6A669A26140
:10F4C000002E41D0032337793371AB8CF38006F1E2
:10F4D0001C012046FFF722FC2E2F22D00423A3720A
:10F4E000D0E61E237FE7284600F0F8FA237A092B9E
:10F4F00093D194F82030002B8FD0002384F8203053
:10F5000021462846FFF7D0FC8FE721462846FEF724
:10F5100059F90028CFD0072221462846FFF712FDCF
:10F5200083E730683146FAF753FCD7E72046FEF709
:10F530008BF90B23A3722846FDF732FAA38CC31A6A
:10F540001A043FF59FAE61E700DEBBE7001A00201A
:10F55000F8B50C46897A06461546062909D8DFE82B
:10F5600001F00430080838670A001DB9237A092B16
:10F5700029D000DEF8BD002DFCD1FDF709FAA38CDF
:10F58000C01A0304F6D42946304600F087FA214613
:10F590003046FFF7B1FC237A092B00F0998094F8EC
:10F5A0002250002D40F0A0802046FEF75BF9A561B7
:10F5B0003046FFF71FF9237A092B6BD00023A37283
:10F5C000F8BD002DD6D121463046BDE8F840FFF702
:10F5D000E1BD032D77D0042D67D0022DCAD1194685
:10F5E0002046FFF73FFC228D608DB4F82CC0931F9E
:10F5F0009BB240F67A418B4222D8B0F5FA7F1FD2F7
:10F60000ACF10A039BB240F676418B4218D8431CFA
:10F610009BB202FB03F3B3EB8C0F11D229463046A9
:10F6200000F03CFA2046FEF70FF90623A372F8BD5E
:10F63000002D9FD1FFF728F850B10523A372F8BD24
:10F640000021304600F02AFA1E2386F84431AFE745
:10F6500021463046FEF7B6F80028EED0294630465F
:10F6600000F01CFAE769E561002F45D094F82020EE
:10F6700094F82110381DFFF7F7FAFB7963733946C8
:10F680003046FEF7BDF8237A092B91D13046FFF7BB
:10F690000BF88DE796F93730002B27DB1F4B1A68E4
:10F6A00096428BD100221A6088E7D0F820311A22C6
:10F6B00023F00203C0F82031214684F82020304690
:10F6C000FFF7F2FB74E75B7984F820302146F6E718
:10F6D0003046FEF7F3FF237A092B7FF460AF94F8EE
:10F6E0002030002B3FF45BAF0023EDE73046FEF700
:10F6F00045FB0028D2D061E721463046FEF76AF884
:10F7000007460028B2D100DE042094F8202094F8A7
:10F710002110FFF7A9FAEB79FFDE00BF001A0020E5
:10F7200020B592F81FC082B0054602F11C03BCF15F
:10F73000110F0AD8DFE80CF02D090909090909267B
:10F7400009090909090909091E17242380F8443108
:10F750000191FFF74FF801990B7A092B20D0002374
:10F760008B7202B020BD0322284602B0BDE82040C3
:10F77000FFF7EEBE8B7A012BF3D9043B022BF0D9B5
:10F7800000DEEEE70422284602B0BDE82040FFF785
:10F79000DFBE0222284602B0BDE82040FFF7D8BEF7
:10F7A00095F93730002B06DB074B1A689542D6D106
:10F7B00000221A60D3E728460191FEF7DFFA01998B
:10F7C0000028F1D0CBE700BF001A0020134600222A
:10F7D000FFF7BEBE70B5D57F02F11C0335B10F2D0A
:10F7E00009D1BDE870400122FFF732BDBDE870408D
:10F7F0000222FFF72DBD24230E4680F84431044633
:10F8000000F0EEFA337A092B05D1044B1A689442C2
:10F8100004BF00221A600023B37270BD001A0020DA
:10F8200013460022FFF714BD00230322FFF710BD8B
:10F8300000230422FFF70CBDD37F012B70B50546D2
:10F840000C4607D0242380F8443100F0C9FA002385
:10F85000A37270BD8B7A012B04D013F0FD0FF8D08A
:10F8600000DE70BD02F11C012046FFF713FB2846A5
:10F87000268CFDF795F8361AB6B247F6FE739E420F
:10F8800002D80223A37270BD282385F8443128468C
:10F8900000F0A6FA0023A37270BD00BF38B58B7AC2
:10F8A000012B04D0022B0C4602D09BB100DE38BDE8
:10F8B0000546FDF76DF8238CC01A0304F7D404F154
:10F8C00022012846FDF77AF8284600F089FA00233D
:10F8D000A37238BD01238B7238BD00BF70B5D0F85C
:10F8E000E85004461DB394F8F430012B03D10223F1
:10F8F00084F8F03070BD29462046FDF763FF0028EC
:10F90000F5D029462046FDF765FF064688B1311D32
:10F910002846FFF717F8F3796B7331462046FDF759
:10F920006FFF0123AB73002384F8F03070BD00DE5D
:10F93000D9E700DEEBE700BF70B5D0F8E850044629
:10F94000A5B394F8F430012B03D1012384F8F030EF
:10F9500070BD29462046FDF735FF0028F5D0294621
:10F960002046FDF737FF064678B32046FEF740FEF7
:10F970002A7A037A934206F1040019D0082B19D091
:10F980002A2194F810311BB1D4F820315B0716D42A
:10F99000FFF75EF9F3796B7331462046FDF730FFD0
:10F9A0000123AB73002384F8F03070BD00DEC8E79C
:10F9B0002321E6E7092A14BF2A212321E1E70A4689
:10F9C00094F8F710FFF750F9E4E700DECDE700BF49
:10F9D0008B7B8BB1D0F8E83099420ED18A69A2B9FD
:10F9E000D0F8ECC01A68C0F8E8209C4508BFC0F801
:10F9F000EC200846FDF7DEBE704700DE8A6922B9BA
:10FA0000D0F8E830002BF4D0EAE713792E2BF7D1A9
:10FA100000DEF5E738B5D0F8E8502B7A013B044614
:10FA20000A2B39D8DFE803F0060606061A1A241056
:10FA300010062E0000222946FEF71AFD2946204610
:10FA4000BDE83840FFF7C4BF29460022FFF7E8FEB3
:10FA500029462046BDE83840FFF7BABF29460022B4
:10FA6000FDF712FA29462046BDE83840FFF7B0BF3F
:10FA700029460022FDF788FD29462046BDE838408A
:10FA8000FFF7A6BF29460022FFF708FF29462046B8
:10FA9000BDE83840FFF79CBF00DECFE780F8F610E6
:10FAA000704700BF704700BF0020704790F8F50016
:10FAB000003818BF01207047D0F8E800704700BF39
:10FAC00090F8F400A0F10100B0FA80F0400970470E
:10FAD000B0F8F830A0F8F230704700BF0023A0F86B
:10FAE000F230704738B5D0F8E840A4B10546D5F8F3
:10FAF000EC202368C5F8E8309442214608BFC5F8D9
:10FB0000EC302846FDF7BEFE2046FDF753FED5F843
:10FB1000E840002CEBD138BDF8B505460C4631B1B4
:10FB2000042903D1FFF7DEFF85F8F040F8BDD0F8D7
:10FB3000E860002EFAD0337A90F8F67090F837E04B
:10FB4000112B12D83149012000FA03FC0CEA010103
:10FB5000E9B10A2B14D05BB185F8F5402846FFF7D0
:10FB600059FF032385F8F030F8BD00DE337AF0E763
:10FB7000D37F86F84C302846BDE8F840FFF7AEBE8C
:10FB80002846FFF747FF052385F8F030F8BD1CF441
:10FB9000386FEAD00A2BF3D0002BE9D00FB9044616
:10FBA000DAE71EF0800F10D1012F20D0022FBDD137
:10FBB0002846FEF71DFD327A037A934221D0082BA6
:10FBC0001DD02A2385F84431F8BD012FEED12846F7
:10FBD000FEF70EFD08B1FF23C372012385F8F5304F
:10FBE0002846FFF717FF032385F8F030F8BDD37FD1
:10FBF00085F8F7302846BDE8F840FFF79DBE092A92
:10FC0000DFD1232385F84431F8BD00BF7FF4030022
:10FC100038B50C468969054610461A46237AD1B193
:10FC20000B2B5BD8DFE803F00C06060606363646DB
:10FC30003E3E064E21462846FEF7E4FBA16921B16F
:10FC40000B792E2B1CBF0023A36121462846BDE85B
:10FC50003840FFF7BDBEA26120610B2B3ED801A149
:10FC600051F823F0D5FC010035FC010035FC010002
:10FC700035FC010035FC010095FC010095FC0100FC
:10FC8000B5FC0100A5FC0100A5FC010035FC01004C
:10FC9000C5FC010021462846FDF7ACF8A169002902
:10FCA000CED1D2E721462846FFF794FDA16900296D
:10FCB000C6D1CAE721462846FDF748FCA1690029BC
:10FCC000BED1C2E721462846FFF7B6FDA16900294B
:10FCD000B6D1BAE711460029B2D1B6E700DEA16974
:10FCE0000029ADD1B1E700BF38B50B7A072B0C4620
:10FCF000054618D0A37B002262619BB1D5F8E8309D
:10FD00009C4213D1A269CAB9D5F8EC101A68C5F89B
:10FD1000E8208B4208BFC5F8EC202046BDE83840FB
:10FD2000FDF748BD38BDFDF733FCE3E700DEA2690F
:10FD300022B9D5F8E830002BEFD0E5E713792E2B68
:10FD4000F7D100DEF5E700BF38B50B7A072B0C467C
:10FD5000054616D0A37B9BB1D5F8E8309C4213D161
:10FD6000A269CAB9D5F8EC101A68C5F8E8208B4228
:10FD700008BFC5F8EC202046BDE83840FDF71ABDA5
:10FD800038BDFDF709FCE5E700DEA26922B9D5F828
:10FD9000E830002BEFD0E5E713792E2BF7D100DE0A
:10FDA000F5E700BF0422002380F8F020A0F8F2302D
:10FDB000704700BF90F8F030052B0ED8DFE803F055
:10FDC000060907030603D0F8E83023B97047FFF7A8
:10FDD00085BDFFF7B1BDFFF71DBE00DEF6E700BF32
:10FDE00090F8F030052B04D8DFE803F00415130574
:10FDF000040500DE7047D0F8E820002380F8F530D5
:10FE00005AB100230121A0F8F230917380F8F0304C
:10FE10007047FFF763BDFFF78FBD00DEF1E700BF5E
:10FE200090F8F030052B04D8DFE803F004090B0448
:10FE3000050400DE7047002380F8F0307047FFF7BC
:10FE40007BBDFFF74BBD00BF90F8F03010B5044606
:10FE5000052B12D8DFE803F0030D09030803FFF7B1
:10FE600041FE042384F8F03010BDBDE81040FFF7D8
:10FE700035BDBDE81040FFF75FBD00DE10BD00BF1F
:10FE8000F0B5044683B00E4615467BB1D37F1B2BDD
:10FE900036D8DFF8D8C090F837100CEB4307C90903
:10FEA0007F781AB201238B403B404AD11846FDF7B8
:10FEB00003FD074610B300230360D4F8EC300BB306
:10FEC0001860C4F8EC0094F8F030052B4CD8DFE84B
:10FED00003F01E2C030606062046FFF7FFFC3946FA
:10FEE0002046FFF775FDD4F8E81039B12B463246AD
:10FEF000204603B0BDE8F040FFF78ABE03B0F0BD76
:10FF00000023D3E7C4F8E800C4F8EC00DBE72A4696
:10FF100000212046FFF700FE39462046FFF758FD36
:10FF2000D4F8E8100029E1D1E8E72046FFF704FD06
:10FF300039462046FFF74CFDD4F8E8100029D5D10A
:10FF4000DCE71CF812300A2BB0D10193FFF7CAFD91
:10FF50000022A4F8F22084F8F52084F8F02020464E
:10FF6000FEF7BEFC019BA1E700DEB8E7F8C4020083
:10FF700010B50446FFF7B6FD0023A4F8F23084F86C
:10FF8000F53084F8F03010BD00B9704700DE7047DE
:10FF900030B991F8B8306FF3000381F8B83070478A
:10FFA00000DE91F8B8306FF3000381F8B830704785
:10FFB0002DE9F843099E9DF820800746B08C4FF646
:10FFC000FF7188422DD03946304691461C46FCF7D9
:10FFD000EFFA30BB33780133DBB233702BB3144DFF
:10FFE000B6F84001AA7A2C8168F30002013406F1C8
:10FFF000100104440F4BAA720022E960A6F84041A8
:020000022000DC
:1000000011460120C5E900799D60F7F7FBFE50B964
:10001000FF20FCF7EBFA3046FF21BDE8F843FCF780
:10002000B5BBBDE8F88300DEF2E700DED7E700BF2E
:10003000AC1B002038030020012800D0704700B519
:1000400083B00191F9F74CFF0199814202D103B0CD
:100050005DF804FB00DEFAE7C38D23B190F8B82009
:1000600012F0010300D0704710B542F0010288B0D1
:100070000B4C80F8B82003310122CDE90232069002
:10008000CAB2CDE90434CDE9003303211846F9F7AB
:1000900007F910F0FD0F01D108B010BD00DEFBE73D
:1000A00091FF010038B50C461546FBF7C5FF48B176
:1000B0001CB1BDE83840FDF7BDBD2946BDE838405C
:1000C000FDF792BD022038BD38B50C461546FBF74A
:1000D000B3FF58B190F93730002B05DA2A46214694
:1000E000BDE83840FDF7D2BC0C2038BD022038BD39
:1000F000054B064A10B41F204FF0FF3425211C6029
:100100001871117010BC7047BC1B002039230020EF
:1001100030B5044600789DF80C5002FB01111F4ACF
:10012000014482FB01020A44521102EBC20002EBBD
:1001300080028A1AD0B2C1082070595C02F007020E
:1001400041FA02F212F001021FD1B0FBF5F405FBF7
:100150001404E4B25D1E1046043300F1080E15F8D5
:10016000011F5FFA8EFE024611F0010F02F1010C31
:100170004FEA510102D04CB1013CE4B25FFA8CF27B
:100180007245F1D110469D42E7D130BDC11D891A9B
:10019000C9B207291046F6D830BD00BFA7C867DD31
:1001A0004288008850407047F0B5344D344C484088
:1001B0004FF0030C060A5FFA80FE0EEB8E2E06EB64
:1001C000862004EA401705EA400605EA4E0004EAE4
:1001D0004E1E3E4340EA0E0000EB002706EB062EC3
:1001E00006EB0E2600EB0720360CC0F3074040EA72
:1001F000062000EB00100CF1FF3C08441CF0FF0C43
:1002000080B2D7D141401F48A0FB01400C1A00EB3F
:100210005400400900EBC00400EB8400081AC0F34E
:10022000C40400F00705145D2C41E407C0B21CD4DF
:1002300001FB03F3561EC3F307430432604600F18B
:10024000080516F801CFEDB201461CF0010F01F1CF
:1002500001044FEA5C0C02D043B1013BDBB2E1B2D6
:10026000A942F2D108469642E9D1F0BD0730401AC2
:10027000C0B207280846F6D8F0BD00BF1021020022
:10028000408408004D91CFBA00F046BA684620F08D
:1002900007018D4601B501F0E1FCF2F7F9FFBDE879
:1002A00001408546704700BF08B50A4BD3F840218E
:1002B0003AB90120F7F704FEBDE808400220F7F73D
:1002C000FFBD0020C3F84001D3F84031F8F754FFD8
:1002D000EFE700BF00B000400020F7F7F1BD00BF1E
:1002E00090B90E4B0E4A197810788842CBB20DD1D6
:1002F0000C480D4990F800C0013313700B7863452A
:1003000007D003780B70704700DEEAE700DE137851
:10031000EEE700DE03780B70704700BF3A23002041
:100320003B2300203F2300203E2300200B4A0C4BA0
:10033000117893F800C08C450DD012781A70094AD4
:10034000094B18B911781878884202D012781A70BF
:10035000704700DEFAE700DEEFE700BF3D23002034
:100360003C2300203A2300203B23002001F076BDEF
:1003700008B50B480B4B027819788A420CD00A4B0F
:10038000017000220399996001201146F7F73AFDA8
:1003900000B908BD00DE08BD00DE1978EFE700BF38
:1003A0003A2300203B230020480300202DE9F041A0
:1003B000304A314D12782B789A428AB00E4605D1D8
:1003C0002E4B2F4A1B7812789A424BD03768DFF8B1
:1003D000B48007F12D0424F07F44D8F800102046A3
:1003E000F8F7FEFF10F4000002D10AB0BDE8F0817A
:1003F000254A264B11781A7891421CD03046244B5E
:10040000C168C8F800400022CDE90732214BCDE990
:100410000322CDE90531CDE901222D2300932C786B
:100420000134E4B23B46114610462C70F8F7BCFE8E
:100430000AB0BDE8F081114A114912780978914259
:10044000DCD01A780132D2B21A700022124B00921C
:1004500011461046F8F73CFF10F0FD0FCED000DE3D
:1004600000DECBE70768DFF81C8007F12D0424F0DD
:100470007F44C4E73E2300203F2300203A2300208E
:100480003B230020CC1B00203C2300203D230020E8
:10049000E1020200710302002D0302007A4A936810
:1004A000002B00F096802DE9F04F136889B081464B
:1004B000002B46D04FF0FF338DF80A300DF10A00C3
:1004C000F9F752FE044600283BD0037F9907F5D187
:1004D000857A15F00205F1D1C3684B4555D0066801
:1004E000A8462F460DF10A00F9F73EFE8346F0B10B
:1004F000027F9207F6D1827A9307F3D4C268B8F1EB
:10050000000F21D04A4558D0DBF800A031465046B4
:10051000F8F766FF00F4000000280DF10A001CBF88
:100520005F465646F9F720FE83460028E0D1002FAB
:1005300008BF274639463846FFF738FF30F0020338
:1005400039D109B0BDE8F08F4A458046DCD1237F20
:10055000E16843F0020323772046A3699847FF230D
:100560008DF80A300DF10A00F9F7FEFD0446002867
:10057000E7D0037F9F07F5D1837A9E07F2D4C36843
:100580004B4502D000DED4F80C903F4A4846D2E9F1
:10059000001303AA98470646002843D010F1100F15
:1005A00059D0394A002093681168984716F10B0F0B
:1005B00010D08C36C5D000DEC3E7227FE16842F060
:1005C000020222772046A2699047D8457FF472AF95
:1005D000C5E770472C4A0023D2F80890D2E90048BA
:1005E00002261360FF278DF80B700DF10B00F9F751
:1005F000BBFD90B1037F9A07F7D40DB9DB07F4D4A4
:10060000C368A342F1D1037F826943F002030377F9
:10061000214690478DF80B70E7E70125AE420AD0DE
:100620002E46E0E7237FA269E16843F002032377C7
:100630002046904785E70022CDE904220692039BDD
:1006400000964946404604AA0794F9F745FD00285C
:100650007FF477AFAFE7A37A43F00203A3720DF103
:100660000A00F9F781FD014600283FF46AAF037FD5
:100670009D07F4D1837A9C07F1D4FFF797FE30F001
:1006800002033FF45EAF96E7D01B002010B5174879
:100690000AF076FA30B3164B00249C6000F076FA2C
:1006A00000281EDB214601202246F3F7ABF8224644
:1006B0000B200121F3F7A6F8214622461820F3F774
:1006C000A1F80C4B1022C3F804230120F3F76AF8B9
:1006D0000B20F3F767F81820F3F764F801F0D8FA65
:1006E000204610BD6FF0120010BD00BF68B90200B7
:1006F000D01B00200010004008B500F057FA002879
:1007000009DB0120F3F75CF80B20F3F759F8182008
:10071000F3F756F8002008BD034603488AB219468D
:1007200083681B68184700BF68B9020030B4074DE2
:10073000AB685C6834B18AB2A446014600232846FF
:1007400030BC60476FF0850030BC704768B902006C
:1007500030B4074DAB685C6834B18AB2A446014638
:100760000023284630BC60476FF0850030BC7047DE
:1007700068B902000020704730B5044683B078B3F2
:100780001D4B1A68824225D0FF250DF107008DF818
:100790000750F9F7E9FC38B91AE0A1420AD00DF187
:1007A0000700F9F7E1FC98B1037F9B07F7D4C16814
:1007B000002CF2D1037F826943F002030377904754
:1007C0000DF107008DF80750F9F7CEFC0028EBD1AA
:1007D00003B030BD9B686BB1014600209847D3E75A
:1007E000054A9368002BCFD011680029CCD0002097
:1007F0009847C9E700DEC7E7D01B002000207047FC
:1008000010B50446F9F7A2FC8CB90D4B9A68AAB151
:100810001C6800229A601A6004B124680020F9F76D
:10082000BDFC2046F9F74AFD28B1002010BD002884
:10083000F3D100DEF1E700DE002010BD00DEE7E7C7
:10084000D01B00202D20704710B51446F8F7C6FDC8
:100850002146F8F7C5FD034610F4000004D1033328
:10086000092B88BF184610BD002010BD262810B5E2
:1008700004461DD0272813D0252809D00A281FD9BF
:10088000272822D900DE2046BDE8104001F052BAE8
:10089000022001F049FA2046BDE8104001F04ABAB2
:1008A000502001F041FA2046BDE8104001F042BA64
:1008B0001A2001F039FA2046BDE8104001F03ABA9A
:1008C0000230400001F030FAE5E70330400001F06B
:1008D0002BFAE0E701F08CBA01F092BA08B501F00A
:1008E000BDFABDE8084001F0FBBB00BF08B501F050
:1008F000B5FA01F0F5FBBDE8084001F0B9BB00BF57
:1009000008B501F0ABFA01F0EBFB01F0CFFBBDE85D
:10091000084001F0ADBB00BF08B50146114801F029
:10092000ADF901F0C7FA60B101F070FC01F0E6F931
:1009300000F080F900280EDBBDE808400020FFF73A
:100940005FBF01F06BFA01F061FC01F0D7F900F034
:1009500071F90028F0DA00DE0020BDE80840FFF75A
:100960004FBF00BF6D03020010B5044601F076FAD8
:1009700001F0B6FB01F09AFB01F07AFB2046BDE8DE
:100980001040FFF7C9BF00BF10B5044601F066FA7A
:100990000D48214601F072F901F08CFA40B100F0E7
:1009A00049F900280ADBBDE810400020FFF728BF06
:1009B00001F034FA00F03EF90028F4DA00DE0020FD
:1009C000BDE81040FFF71CBF6D0302002DE9F04F9A
:1009D00089B01F469DF848B0FF238046894692465D
:1009E0008DF81F300DF11F00F9F7BEFB002866D00F
:1009F000037F9D07F6D1837A9C07F3D405683E6890
:100A00009DF81F300593044629463046F8F7E8FC68
:100A1000BBF1000F4CD0BC4208BF002426460DF1AC
:100A20001F00F9F7A1FBD0B1027F9107F7D1827ABD
:100A30009207F4D402680490294610460392F8F70E
:100A4000CFFC039A049B00F4000000280DF11F0066
:100A50001CBF15461E46F9F787FB0028E4D1059B0D
:100A60008DF81F30314B9A687ABB76BB24B1BBF14D
:100A7000000F48D1BC4244D1FA681A60C3E9018929
:100A80003846D04704460DF11F00F9F76DFB0146CB
:100A900050B1037F9A07F6D1837A9B07F3D4FFF70F
:100AA00085FC30F002033FD1204609B0BDE8F08F4D
:100AB0000002B0D5FF23354605935C46AEE71B4BDD
:100AC0009A680446002AD7D026464946CDF800B099
:100AD000534640463A46F9F7FFFA014678B1BBF172
:100AE000000F09D1BB7A980706D4C6B13046FFF78C
:100AF0005DFC30F0020310D16FF07604D4E700DE25
:100B0000EDE700DEB8E7CDF800B053463A46494677
:100B10004046F9F7E1FA0028EED100DEECE7002CC0
:100B200014BF26460E46E1E700DEBDE7D01B0020DD
:100B300001F1100004F0EABD70B505468AB00C461C
:100B40000122002104A80AF0A1F90F4B019300260D
:100B50000323694628460396029307F099F9002873
:100B600010DB4FF40043314640F2E730E4FB030171
:100B70004FF47A720023F0F73DF902460B4604A8C1
:100B800004F0FEFD0AB070BD310B020010B501206B
:100B900001F09AFE0449002301244B608C60CB6075
:100BA000BDE8104007F074B9E01B002010B501202B
:100BB00001F08AFE0449044607F0E5F92046BDE845
:100BC000104007F0BCB900BFE01B00200C4B1A78A6
:100BD0000AB10020704710B50120187001F074FEB2
:100BE0004FF4FA710446FFF7A7FF38B9204607F023
:100BF000A6F902280CBF00206FF0040010BD00BF52
:100C00004023002008B50A4BBFF35B8F53E8002F49
:100C1000511C43E800100028F8D1BFF35B8F002A75
:100C200001DD002008BD01F057FE002008BD00BF17
:100C3000DC1B002008B50E4BBFF35B8F1A68BFF3B7
:100C40005B8F002A11DDBFF35B8F53E8002F511E2D
:100C500043E800100028F8D1BFF35B8F012A01DDC3
:100C6000002008BD01F04EFEFAE76FF0770008BDE6
:100C7000DC1B002032207047014B33F81000704716
:100C800030C5020010B50446FFF73AFE01F004FA41
:100C90002046BDE81040FFF73FBE00BF38B5044610
:100CA00001F006F9FFF71AFE962001F029FA002359
:100CB00018461A46194601F06DF90120F9F7B0F906
:100CC000F0B11C3001F088F801F0DEF800BB2146DD
:100CD000104800F0D3FF01F0EDFA00210446084669
:100CE00001F090F800210546084601F087F82C44F1
:100CF000CB34201A01F096FABDE8384001F0CCBAA6
:100D000000DE1C3001F068F801F0BEF80028DED0EB
:100D100000DEDCE75911020010B50446FFF7F0FDD4
:100D200001F0BAF92046FFF7F7FD054B002101223B
:100D300008469C60F7F766F800B910BD00DE10BDEC
:100D400058030020814208B50ED00B7ADB0702D48D
:100D50006FF08B0008BD0C4B1360FFF753FF0028AA
:100D60000FDB6FF00A0008BD0B7B01EB83010B6901
:100D70001B7803F00F03012B14BF6FF08B000020D2
:100D800008BD00DEEDE700BF8510020010B548B1D8
:100D90000C46FFF74FFF00280BDB2046BDE8104054
:100DA000FFF72EBD044800F069FFBDE8104001F0D8
:100DB00035B800DEF1E700BF850C0200084B0422C5
:100DC00010B598182821F6F727FF064B00249C81C0
:100DD0000222214604480AF059F8204610BD00BFFF
:100DE000201C0020101C0020F81B0020084B0422AF
:100DF00010B598182821F6F70FFF064B00249C81A8
:100E00000222214604480AF041F8204610BD00BFE6
:100E1000201C0020101C0020F81B002010B50446E8
:100E20000548F6F71DFF20B10346002058706360A7
:100E300010BD6FF00B0010BD201C002003460020E9
:100E4000187058709860704738B51E4D2B7B6A7BC0
:100E50009A4202D055F8234034B91B48F6F700FFF8
:100E6000044680B1204638BD184804F0AFFC2B7B07
:100E70006A7B9A42F6D00133DBB2032B08BF002312
:100E80002B73204638BD11484FF42032002304F064
:100E900077FCA0B90D4804F099FC2A7B6B7B934248
:100EA0000BD0531CDBB255F82220032B08BF0023C4
:100EB0002B7312B11446204638BD00DED2E700DEA7
:100EC000E8E700BF101C0020201C0020F81B0020B9
:100ED00010B5027843789A4214D0D4B244700278A4
:100EE000944204D05A1C4370D3B2022B0ED01A463F
:100EF00000EB82040B70606800B110BDFFF7A4FF27
:100F0000606010BD0133DBB2022BF0D1002213462A
:100F1000EEE700BFF8B5027843789342044625D047
:100F2000D5B2154A00EB8507507B92F80CC0431CE4
:100F3000DBB2032B08BF00239C450E46796806D020
:100F400042F8201053730D4804F0E0FB00216B1CA5
:100F5000DBB2022B0ABF00221A46134679602370C7
:100F6000012104EB820431706068F8BD1A4604EB7D
:100F700082046068F8BD00BF101C0020F81B002030
:100F800030B5037AC3F302130446002B93FAA3F09F
:100F9000B0FA80F008BF4FF0FF3083B000F10100DD
:100FA0003AD0217A5A1E134063F30611243021727D
:100FB000FFF75CFC00230DF1070104F10C008DF834
:100FC0000730FFF7A7FF054620B3284600F00AFFC9
:100FD0002B7803F00F03022B13D00DF1070104F15E
:100FE0001800FFF797FFE0B121460F4800F046FEDA
:100FF000962001F085F8002003B0BDE8304000F0F5
:1010000081BF0A48214600F039FE03B0BDE83040F8
:1010100001F020B800DED8E700DE237AC3F3021324
:10102000BFE700DEE0E700BF9D0C020031100200C8
:1010300010B5044600F03CFFFFF762FC237A03F092
:101040007102012A05D1C3F3420262F3061323722F
:10105000DBB213F0700F05D0636853B193F82C30F6
:101060009B0706D501F018F82046BDE81040FFF7B1
:1010700053BC2046FFF784FF00F0CAFEBDE81040D5
:1010800001F00AB970B5C36804461E68F8F7A6F9FE
:1010900005463046FFF7D6FB00232D1AC4E900535E
:1010A00023812046BDE87040F1F73AB910B582B00F
:1010B0000446FFF7A7FD002809DB084A084909484C
:1010C00000940023F9F728F918B902B010BD00DE2A
:1010D000F3E77730F9D000DEF7E700BF2123010006
:1010E0008D0D0200450D0200F8B5079D9DF81870A2
:1010F0009DF820400E462DB10C78B2EBD41F16D0CF
:101100000020F8BD417A01F00301012901D9002C2A
:10111000F6D03178B2EBD11FF2D1062206F10801E8
:1011200018460AF0C1F9B0FA80F04009F8BD184637
:10113000062208310AF0B8F90028E1D1C4F380147E
:10114000BC42DED10622B11C28460AF0ADF9B0FA45
:1011500080F04009F8BD00BFF0B587B0044600F04C
:101160009DFEC0B250B9FFF7CBFB5E48214600F0B0
:1011700085FD07B0BDE8F04000F050BE00F0B0FEC5
:10118000054600F09DFFEDB2064600F0A3FF00F01B
:1011900079FFFFF7B5FB002DE7D0FF2301208DF885
:1011A0001730F8F73DFF0546002800F09580237BB7
:1011B00095F81CE004EB830305F11C011869034654
:1011C00013F802CB0CF00F07012F08BF00F108073E
:1011D000CCF38012F0B24FEADC160EF00F0C18BF01
:1011E0000027BCF1030F4CD0BCF1050FBDD16D7FC2
:1011F000222DBAD16568002DB7D095F82C50AD07D7
:10120000B3D40DF11705CDE9017000962046039582
:10121000FFF76AFF0028A8D00420F8F701FF002894
:10122000A3D03148214600F029FD00F0F7FD00F081
:101230002BFE002852D1626892F82C3043F0010353
:1012400082F82C30F8F706FF17224FF6FF73027171
:10125000C3808460054600F0D3FF286101F024F8C4
:1012600000210446084600F0CDFD241A6C61F8F711
:10127000F1FEE8602868294607B0BDE8F040F8F7BD
:1012800013BF697F0C297FF470AF002F7FF46DAF1F
:10129000617ACE0702D500283FF467AFB2EBDE1FBC
:1012A0007FF463AF062205F1240118460AF0FCF82A
:1012B00000287FF45AAF0B48214600F0DFFC00F015
:1012C000C9FE237E04EB8303D86900F08BFD00F098
:1012D000DBFD28B907B0F0BD00DE68E700DEAAE755
:1012E00000DEF7E731100200190D0200F8B50546DF
:1012F000FFF706FBF8F7D4FF044600283FD0214B48
:10130000214A1B781178A27920485B0001F0010185
:1013100003F002030B4322F0030213431C4A01882B
:101320001278A18001202070A371227219B195F961
:101330002730002B04DB2846BDE8F840FFF7ECBA65
:1013400095F82C30C3F30213022B16D0042B0CBFDC
:101350004FF4BC77282700F093FF064600F096FF75
:10136000361AE660EA6BC4E904270023EB636B647A
:101370002846BDE8F840FFF7CFBA1827EBE700DEB4
:10138000BDE700BF43230020442300200E2300209C
:101390004123002008B500F0ADFD0278034601218D
:1013A00061F301021A70002008BD00BF00207047E1
:1013B000704700BF30B40849084A094D094C0A4833
:1013C00000230B8013700949094A2B802370037096
:1013D0000B70137030BC70470E2300204523002093
:1013E0001023002044230020432300204223002018
:1013F00041230020814207D091F82C305B070BD5A8
:101400000B4B188840B97047094A0A4B1288197863
:101410001AB941B100DE03E0064B1B78002BF9D16D
:101420006FF08B00704701221A706FF00F00704749
:10143000102300204223002038B50D4678B304461F
:10144000FFF7F8FB002847DBE2682389518B938381
:1014500001330B4492F927105383002913DBF8F76B
:101460001FFF002836D0837923F00303002243F0C6
:101470000203012101708280837102722846BDE857
:101480003840FFF7BDB92089136B916B00FB033324
:101490000B44516B8B4228BF0B469363DFE791F9F6
:1014A0002730002B0ADB0D48294600F0E7FB00F04F
:1014B000B5FC95F862301B0708D438BD084B1B8873
:1014C000002BF0D1074B01221A70ECE7BDE8384041
:1014D00000F0C4BF00DEC6E700DEB5E7ED12020093
:1014E000102300204323002070B506460120F8F7A2
:1014F00097FD40B30021417796F8495005F0070564
:1015000000F11C04284600F0FBFB96F86230AA00AC
:101510001B0742F001020DD51F21082000F032FC0C
:101520002246294606F1630000F0CAFEBDE870407D
:1015300000F052BC08201B2100F024FC2046BDE82E
:10154000704000F049BC00DED4E700BF38B5044667
:10155000FFF7C4F9244AA08913880133138000F0EF
:10156000CFFD94F8482094F84900C2F3C00300F07E
:10157000070002F00702002100F00CFD2046FFF7F3
:10158000B3FF00F081FC60BB00F094FE258A0346A7
:1015900094F849000D35012100F007001D4400F0CA
:1015A00031FC94F8493003F00703022B054416D0B0
:1015B000042B0CBF4FF4BC73282394F84800C0F3ED
:1015C000C00100F007001D4400F018FC281A00F0CC
:1015D00029FE21460548BDE8384000F04FBB1823DE
:1015E000EBE700DED0E700BF102300200117020068
:1015F00070B590F84830054603F007040E462046C3
:10160000C3F3C00100F07CFB95F86230A200DB065A
:1016100042F001020CD508201F2100F0B3FB314637
:1016200005F1840000F0A4FEBDE8704000F0DABBD4
:1016300008201B2100F0A6FB3046BDE8704000F0FA
:10164000D1BB00BFF0B5054683B001AAC06C0F4600
:10165000296DF6F76BFB95F862305A07064638D4C9
:1016600048B3019C95F8613095F8602004341C441F
:1016700012B9627885F8602033B12378012262F3D1
:101680000103237095F8613095F86020D31A6370D8
:101690002846FBF769F9637883422AD960700121F3
:1016A000237803F00F03002243EA01132370A27092
:1016B0003C6003B0F0BD43F0040385F8623000F0F5
:1016C00019FC044623786FF3041323703C6003B0C5
:1016D000F0BD43F0040385F8623000F00BFC0446D3
:1016E000002EEFD0037843F0100303703C6003B08A
:1016F000F0BD32682B6D9A42D1D10021D0E700BFF6
:101700002DE9F04182B0044600F0C8FBC0B250B9E8
:10171000FFF7ECF8AA48214600F0B0FA02B0BDE8A5
:10172000F04100F07BBB00F0DBFBC5B200F0AAFC8F
:10173000FFF7DCF8A34A1388012003441380F8F76D
:101740006FFC8046002800F0E9802DBB9E4B1F787F
:10175000002F6AD1012201A920461A70FFF772FFFB
:1017600094F92730002BC0F2958100273D46974B16
:101770001B78002B62D1E08900F0C2FC94F849008C
:1017800000F0070000F0BEFB9148214600F076FA19
:1017900000F082FD019E58E094F8623098F81C2019
:1017A00003F00101C2F38000884200F0938094F9B5
:1017B000272081F0010161F30003002A84F86230E0
:1017C00005DA94F82C3043F0080384F82C3094F8B0
:1017D00062305D0700F1A780D4E9130101AAF6F792
:1017E000A5FA0546002800F0A48094F86120019B2A
:1017F0001344597971B194F86230D8060AD5D4F8F7
:1018000094300133C4F89430D4F8983043F1000395
:10181000C4F8983094F860300A44D2B29A42C0F0CA
:10182000948000F0B98000DE83E0013FFFB201A99F
:1018300020461F70FFF706FF002F91D1019E6048E0
:10184000214600F01BFA00F005FC94F86220337882
:1018500062F3C303337094F862303278C3F3400309
:1018600063F38202327031462046FFF7C1FE00F07A
:101870000BFB002867D100F003FD78B1A5B1A08A69
:101880004FF6FF73984200F084802946FAF7F8FF7C
:1018900077B902B0BDE8F041F8F7FEBB00F0E4FC18
:1018A00000F0E8FC002DEAD117B902B0BDE8F081E4
:1018B000F8F7D0FB032388F80430A38AD8F8000097
:1018C000A8F806304146F8F7D7FB02B0BDE8F04172
:1018D000F8F7E2BB0025C2F3C002C3F340039A420B
:1018E00036D00027384A3B4B002111702046012298
:1018F00001A91A70FFF7A6FE94F92730002B1EDB12
:1019000098F81C30DA063FF532AF019E3378DB06DB
:101910003FF52DAF7378002B91D028E700DE002D26
:101920003FF414AF38E76FF3820384F8623000F0BD
:10193000E1FA94F8623098F81C200025CBE7636C3C
:10194000002BDDD07AE700DE95E784F86120F0E730
:101950000320F8F765FB0028C3D094F8623083F0C9
:10196000020384F8623098F81D30002BB9D094F847
:101970006230190730D40127B4E700F075FC00F09D
:1019800079FC002D91D0A08A4FF6FF7398424FD179
:10199000002700DEA08A78E70022A4F86020206DEE
:1019A00004F14C01F6F7CAF9019B1B682B60019BFF
:1019B0001D60019D94F8623098F81C208BE700BFF1
:1019C000ED1202000E2300204523002042230020B8
:1019D0004D1502004423002000F00EFD002857D0D2
:1019E00000F032FD002840D1D4F87330D4F87720CD
:1019F000134305D198F81C3003F00303032B1DD0CB
:101A0000284B2948022221461A7000F037F900F0CD
:101A100005FA00F039FA78B900F032FC0028ACD0B1
:101A2000002D3FF442AFA08A4FF6FF7398422CD0AE
:101A30002946FAF725FF2CE700DEEDE700F05EFA15
:101A40004378272B0146DBD80333DAB208F11C00B8
:101A500009F0FAFCD4F87330D4F87720013BC4F8CD
:101A6000733042F1FF33C4F87730D4F873300D4A45
:101A70000133C4F87330D4F8773004F1730143F1C3
:101A800000034B600123137075E700DEA08ACFE7E7
:101A900000DEA5E7676C0FB93D4668E600273D46C6
:101AA000CCE600BF41230020ED12020010B582B049
:101AB0000446FFF7A7F8002809DB084A0849094847
:101AC00000940023F8F728FC18B902B010BD00DE1E
:101AD000F3E77730F9D000DEF7E700BF51240100CB
:101AE00039140200F51302004FF080530246D3F878
:101AF000A410013107D04FF08051D1F8A00010F0B0
:101B0000010009D17047D3F8A8304FF6FF719BB29E
:101B10008B42F0D100207047D1F8A4301360D1F887
:101B2000A8301371C3F3072363F03F035371D1F857
:101B3000903001331CD0D1F89430013318D0D1F853
:101B40009830013314D0D1F89C30013310D0D1F843
:101B50009030C2F80630D1F89430C2F80A30D1F88B
:101B60009830C2F80E30D1F89C30C2F8123008E03C
:101B70000023C2F80630C2F80A30C2F80E30C2F8AC
:101B800012300120704700BF00234FF080520360E5
:101B900043608360C360D2F88030013318D0D2F83C
:101BA0008430013314D0D2F88830013310D0D2F809
:101BB0008C3001330CD0D2F880300B60D2F88430F6
:101BC0004B60D2F888308B60D2F88C30CB60704795
:101BD00000230B604B608B60CB607047054B4FF46C
:101BE00080320021C3F80815C3F84423C3F8042346
:101BF000704700BF00B00040054B1878421C1A70B7
:101C000018B9044B01221A6070470120704700BFC9
:101C10004623002000B00040074B187848B1013837
:101C2000C0B2187018B9054B01225A6070470120E4
:101C3000704700DE1878F2E74623002000B000402D
:101C4000014BD3F80405704700B00040024B00F58B
:101C5000A87043F82010704700B00040044BD3F840
:101C6000103123B1034A044B10681B6818477047B2
:101C700000100040D81F0020DC1F0020024A034B48
:101C800011601860704700BFD81F0020DC1F0020C3
:101C90004FF080434FF0FF320021C3F8002EC3F80D
:101CA000042EC3F8081EC3F80C2EC3F8101EC3F888
:101CB000142EC3F8182EC3F81C2EC3F8202EC3F818
:101CC000242EC3F8282EC3F82C2EC3F8302EC3F8C8
:101CD000342E7047074B084810B44FF4905100243D
:101CE0004FF41052C0F81845C3F80018C3F8042880
:101CF00010BC704700F0014000100040704700BF6A
:101D0000054B02280CBF0421032140F20122C3F835
:101D10001015C3F85026704700100040014BC3F85F
:101D20000C05704700100040014BC3F808057047D0
:101D300000100040084B00F07F00C3F85405D3F8B2
:101D4000182522F00072C3F81825D3F8182542F0A0
:101D50000072C3F81825704700100040084A00219F
:101D60000123C2F82C15C2F83035C378C2F82435E7
:101D70008178038843EA01431B02C2F81C3570478F
:101D800000100040C2F38203A3F1020302F0030239
:101D9000B3FA83F3013A5B091B06022A98BF43F4A6
:101DA000801300F00F000A4A184340F48070C2F814
:101DB0001405D2F81805074B0340C2F81835D2F8BD
:101DC0001835194341F44031C2F81815704700BF67
:101DD000001000400000F8FE014BC3F804057047F6
:101DE00000100040014BC3F804057047001000408C
:101DF00002280CBF28202920704700BF012070470F
:101E00002920704702280CBF05200A20704700BF18
:101E1000014B01221A607047001000400B4B0C4828
:101E20000C4910B44FF41064C3F8084501224FF474
:101E300080245A60DA60C0F84843074CC3F808456C
:101E40000020C1F800020A6110BC704700F0014098
:101E500000B0004000100040C001700E094B00228D
:101E6000C3F80021D3F80011C3F80421D3F80411FA
:101E7000C3F80C21D3F80C11C3F81021D3F810319A
:101E8000704700BF00100040034BD3F8000100383A
:101E900018BF0120704700BF00100040034BD3F86B
:101EA0000C01003818BF0120704700BF001000402F
:101EB00001207047034BD3F85005B0FA80F0400979
:101EC000704700BF00100040044B40F20312C3F8FB
:101ED0003425C3F83805C3F83C157047001000409E
:101EE000034BD3F80004003818BF0120704700BF2F
:101EF0000010004000487047D81E0020004870477E
:101F0000D41D0020F0B41D4B1D4D1E4E1E4C1F4F06
:101F10000322C3F800222A78C6F8687502F10C0380
:101F2000DBB2D000DB00910003F1804300F1804080
:101F300003F5F83300F5F83001F18041C6F86C057F
:101F400001F5104104EB82041148C3F81045C3F8B1
:101F50001405D1F840352D2B8ABFD1F84035012327
:101F60002D3BC1F840350132064B4FF4106102F0B1
:101F70000102C3F804152A70F0BC7047001000403D
:101F80004723002000F00140409100400C11004028
:101F9000041000402DE9F041284E294C294FDFF86C
:101FA000A8E0DFF8A8800323C6F800322178CEF835
:101FB000688501F10C03DBB2DB00CD0003F1804347
:101FC00003F5F83305F1804507EB810705F5F83592
:101FD000CEF86C554FEA810CC3F8107549F634659C
:101FE000C3F814654AF2B813022A18BF1D460CF153
:101FF000804C42F2B84241F28833022818BF13469F
:102000000CF5104C124A2B44A2FB0323DCF84025AC
:10201000B2EB931F85BF9809DCF8403501231B1AEA
:10202000CCF840350131084B4FF4106201F001014A
:10203000C3F804252170BDE8F08100BF0010004006
:10204000472300204091004000F001400C11004067
:10205000D34D62100449054B03204FF41062C1F8C0
:102060000002C3F8082570470010004000F001404E
:10207000034B0022C3F81C21D3F81C31704700BF6A
:1020800000100040034BD3F81C01003818BF01209A
:10209000704700BF00100040034AD2F8403623F0DA
:1020A000FF03C2F84036704700100040034B002287
:1020B000C3F81421D3F81431704700BF001000405A
:1020C000034BD3F81401003818BF0120704700BF3C
:1020D00000100040014BD3F810047047001000407E
:1020E0000449054B054A4FF48020C1F84803C3F862
:1020F0000825704700B0004000F00140C001700E9C
:10210000034B044A1B7803F5A87342F82300704779
:102110004723002000900040F0B4A2F574232F4D17
:10212000A3F51073AB42044606D902F1E87202F53A
:10213000D432013902F5A572294B2A482A4D2B4E7B
:102140000127DF600027C3F80475A0FB0202042703
:10215000C3F81075900C0227C3F80875244AC3F819
:102160004005C5F848154FF48021C5F844134021B7
:10217000C2F84065C2F84435C2F804154CB34FF4B8
:102180008013C2F804351B4A012100240423D160C6
:10219000C2F80445C2F81035154BC2F80845116065
:1021A0001549C3F850150C32C3F8542502F5AF3267
:1021B000124CC3F8584502F5FC7201F50041C3F812
:1021C0005C2538310832C3F86015C3F86425F0BCCB
:1021D00070474FF40013C2F80435D4E7BFBDF07F59
:1021E0000080004083DE1B4300B0004048B1004047
:1021F00000F00140009000400C1100404091004070
:10220000014BD3F84805704700B000400349044A29
:1022100001234B600B6153601361704700800040E5
:10222000009000400449054BC1F844054FF0886216
:10223000C3F80425704700BF0080004000F0014053
:10224000054B06480649074AC3F84805C3F84C152C
:10225000C3F80425704700BF00F0014000110040A2
:102260004080004080000004014BD3F844057047D3
:1022700000800040014B1860704700BFD01D002057
:10228000014B1868704700BFD01D0020014BD3F8E8
:102290004005704700800040024B4FF00062C3F8D9
:1022A0000425704700F00140014BD3F84805704702
:1022B00000800040014BD3F8480570470080004083
:1022C000244B30B40024C3F800450224A142C3F8D3
:1022D0000045054634D003F580334FF000711E4CA5
:1022E000C3F804151B491D4BC1F80445D3F8183534
:1022F000DBB21F2B03D9FF2B29D0191F00E01B21B4
:10230000144B1748C3F8181500241649C3F808558C
:10231000C3F80C05C3F81025C3F81415C3F8004220
:10232000C3F80041D3F80021C3F80441D3F80421D5
:10233000C3F808410122D3F808111A6030BC704775
:10234000094B0A4C4FF00071C3F80415CAE7FB2192
:10235000D6E700BF00F0004001000001001000407F
:10236000D41D0020C41C002000F001400100010128
:1023700030B41C4B1C4C1D4A0025C3F800550546C3
:102380000220C3F80005C3F80445D2F81835DBB2C3
:102390001F2B03D9FF2B22D01A1F00E01B22114B49
:1023A0001348C3F818250024C3F808550122114D1D
:1023B000C3F80C15C3F81005C3F81455C3F8002270
:1023C000C3F80041D3F80011C3F80441D3F8041155
:1023D000C3F80841D3F808111A6030BC7047FB22DB
:1023E000DDE700BF00F000400000010100100040E8
:1023F000D41D0020C41C002038B5114C0223C4F8A1
:102400000433D4F8043163B92025EFF3118085F348
:102410001288BFF36F8F05F029FED4F80431002B2A
:10242000F3D0074B074A02204FF40041C3F80803DA
:10243000C2F88011D3F80801B0FA80F0400938BD25
:1024400000F0004000E100E0034BD3F80004003846
:1024500018BF0120704700BF00F00040034B01216E
:1024600000229960C3F80025704700BF00F00040CB
:102470000139012905D80B200AB1F1F793B9F1F719
:102480009FB900DE704700BF29B10139012905D885
:102490000B20F1F7A9B91820F1F7A6B900DE00204A
:1024A000704700BF88420FD0012807D002280DD105
:1024B000A1F10100B0FA80F040097047A1F10200DB
:1024C000B0FA80F040097047012070470020704743
:1024D000012904D0022902D039B100DE7047064B31
:1024E0004FF40062C3F800217047034B4FF0807235
:1024F000C3F80021704700BF00E100E008B508F014
:10250000B4FD08BD032803D8054B185C28B17047FB
:1025100000DE034B185C0028F9D100DE704700BFD5
:1025200028C60200013810B41C46042806D8DFE88B
:1025300000F008111A23030004292FD000DE10BC7C
:1025400070470429FAD1194B9C6010BC022100206D
:10255000F5F758BC0329F1D1154B01219C6010BC43
:102560000846F5F74FBC0429E8D1124B9C6010BC1B
:1025700002210120F5F746BC032908D00429DDD14A
:102580000D4B02219C6010BC0846F5F73BBC0B4B81
:102590009C6010BC01210220F5F734BC084B9C6004
:1025A00010BC02210320F5F72DBC00BFB8030020AA
:1025B000A80300209803002078030020880300204F
:1025C0006803002001460020FFF740BB124B30B4E7
:1025D0000121044600205960C3F80445C3F80001F6
:1025E000C3F80401196005E0D3F8042132B9D3F827
:1025F00004251AB1D3F80021002AF5D05960D3F888
:102600000421002AE7D1D3F80455002DE3D0C3F804
:10261000042530BC704700BF00E0004070B5114C8D
:102620000126D4F8045566600E20F1F7C9F8D4F8F5
:10263000040140B10021C4F80411D5E90E3230463E
:10264000BDE870401847D4F8003143B1C4F8000128
:10265000D5E90E3205F12001BDE87040184700DED3
:1026600070BD00BF00E0004070B58CB00E4615464E
:102670000146102268461C46F5F726FB10220DEB9A
:1026800002003146F5F720FB6846FFF79FFF25B1B2
:10269000102208A92846F5F717FB2CB108AD0FCD7D
:1026A00020606160A260E3600CB070BD084B70B543
:1026B000C31A0D4607499B10044659430648402259
:1026C00007F0A8FB2B4601462046BDE8704018479E
:1026D00024200020B76DDBB608B9020073B50C4C9E
:1026E0000C4A4023041B00930D460B460A49A410D4
:1026F00061430646094807F0B9FB011E05DA30467A
:102700002B4602B0BDE87040184702B070BD00BF54
:1027100024200020D79E0200B76DDBB608B9020066
:10272000002270B5012104461046F1F76BF80F48FE
:1027300001F008FD0E4B984215D101F013FD2669FA
:102740000C49304605F091FB00280BDB0125356470
:102750002469084904F11C0005F087FB002801DB0F
:10276000E564002070BD6FF00400FBE7AD280200B7
:102770000000AD0B2CC602007FB500220123CDE97D
:10278000022304ABCDE90433094ACDF800D06B46EF
:10279000CDF804D007F098FB002805DB4FF4804209
:1027A0000023684602F0ECFF07B05DF804FB00BFB1
:1027B000F59E020010B5EFF31184202383F31288F5
:1027C000BFF36F8F074A136823F00201DB07116024
:1027D00002D4012008F0ABF884F31188BFF36F8FA7
:1027E00010BD00BF7420002030B4104B0C2202FB3F
:1027F000003301460020D3E90E529863EFF31180B5
:10280000202484F31288BFF36F8F1C6C04F0C00483
:1028100044F002041C6480F31188BFF36F8F1DB174
:102820002B46034830BC184730BC7047242000209A
:1028300008B9020010B4EFF31182202383F3128849
:10284000BFF36F8F1748016841F002040460C807A6
:1028500007D482F31188BFF36F8F012010BC01F001
:1028600093BC4FF08041D1F80C04D1F80C14C90787
:10287000EFD5EFF3118083F31288BFF36F8F0A490E
:102880000B6C03F0C00343F002030B6480F3118868
:10289000BFF36F8F82F31188BFF36F8F002010BCDE
:1028A000FFF7A2BF742000202420002010B10128CF
:1028B00004D07047034B1B6C5B0701D1FFF794BF3B
:1028C000704700BF24200020024AC3B21C2003FB33
:1028D0000020704724200020094BBFF35B8F53E892
:1028E000002F42F0010143E800100028F7D1BFF3A8
:1028F0005B8F930702D4012001F046BC704700BFF4
:102900007420002010B5EFF31184202383F3128884
:10291000BFF36F8F074A136823F001019B07116013
:1029200002D4012008F003F884F31188BFF36F8FFD
:1029300010BD00BF742000202DE9F0413849BFF3DD
:102940005B8F0746012251E8003F41E80020002844
:10295000F9D1BFF35B8F33B9324933484B60CB6059
:102960008A6005F095FA7B1E012B2BD8012F07D129
:102970004FF08043D3F81C3403F00303012B21D024
:1029800008F073FB0546F8B9284B1B78E3B14FF00C
:1029900080430222C3F808230646DFF894804FF0F4
:1029A0008044D4F81824D4F81834D20315D503F091
:1029B0000303012B01D0012F0FD155B386F31188EA
:1029C000BFF36F8FBDE8F081EFF31186202383F30F
:1029D0001288BFF36F8F0125DFE7ADB1304605F0F8
:1029E00045FBD4F81835002BDBD1D4F80421002A9C
:1029F000D7D0C4F80431D4F804310123C4F8183511
:102A0000C8F88031A360CCE70021212008F0CDFB7D
:102A1000E7E74FF080430222C3F80423D2E700BF68
:102A200020200020102000204020002068230020CB
:102A300000E100E008B5074808F0A2F838B1064800
:102A4000F1F7F4F80448F0F75BFA002008BD6FF0E6
:102A50001200FBE788B902005D2A02000A2838B597
:102A6000074D044604D1AB680D215B6828469847A2
:102A7000AB6803485B68E1B29847204638BD00BFA9
:102A800088B90200EFF31182202383F31288BFF389
:102A90006F8F0A4BD3F8001161B10021D3F80805FC
:102AA000C3F80011D3F80031C0B282F31188BFF32C
:102AB0006F8F70476FF00A00F7E700BF00D000404B
:102AC000F0B5034610469C7893F803C0EFF31182EB
:102AD000202585F31288BFF36F8F1F7893F801E0EC
:102AE000E41B04EA0C04A04288BFA0B23E180CEA22
:102AF00006063D461E7082F31188BFF36F8F0A18D9
:102B00008A4216D177450CD1EFF31182202181F34F
:102B10001288BFF36F8F1978597082F31188BFF351
:102B20006F8F1B79241AA34222BF064B01221A6021
:102B3000F0BD5E190135767901F8016B05EA0C05E7
:102B4000DEE700BF00D00040DB432DE9F04713F083
:102B500001050E46144604D02248FFF7B1FFBDE838
:102B6000F0879AB3EFF31188202383F31288BFF321
:102B70006F8F0D20F0F738FE07460D20F0F720FE8E
:102B800088F31188BFF36F8FDFF85CA0DFF85C80FB
:102B9000CAF80051DAF800314FF400590123CAF89D
:102BA00000302546C8F88091DAF8003183B1FFF78C
:102BB00069FF031EC8F88091F6DB013DADB2735585
:102BC000002DF1D117B10D20F0F7ECFD2046C6E73E
:102BD000EFF31180202383F31288BFF36F8F05F08A
:102BE00045FAE1E7A820002000D0004000E100E025
:102BF0002DE9F041124F0D46144607F1450814B96E
:102C00002046BDE8F0814FF0FF334FF0FF323846E9
:102C100002F0B6FD224629464046FFF751FF064620
:102C2000384602F073FD3EB94FF0FF324FF0FF33EC
:102C3000044802F0A5FDE6E7A41BA4B23544DEE794
:102C4000782000209020002038B5194C0122114630
:102C5000204608F01BF90122002104F1180008F0B9
:102C600015F940F20743A4F848304FF0706323632E
:102C70000C2384F8343000250E4B84F84550A4F81A
:102C80004650D3F8042542F00102C3F8042501217F
:102C9000C3F80051D3F80021C3F804132A46196081
:102CA0000D20F0F7AFFD0D20F0F77CFD284638BD74
:102CB0007820002000D0004010B5FFF7E3FE002888
:102CC00020DB174B93F8322093F8314093F8331000
:102CD000141B31EA0404C0B20DD193F8472093F8D5
:102CE000464093F84810141B31EA04040BD10D4BF5
:102CF00001225A600EE09C180132114084F8350020
:102D000083F8321010BD9C180132114084F84A003B
:102D100083F847100448BDE8104002F0F7BC00BF3C
:102D20007820002000D0004090200020F0B516460A
:102D30004268107B01F01F0444EA4014106987B018
:102D4000002872D0B6F5001F02F1100506D1214609
:102D5000284607F06CFE002007B0F0BD01A8002750
:102D6000B6F5800F0197476039D1B3F1007F14BFEA
:102D7000052304238DF804300023CDE904030393D5
:102D8000936823FA01F111F001010DF103073ED11F
:102D9000B6F1A07F3BD104F01F03620903F5E07395
:102DA00028D0012A47D1254A52F82330DB072ED4F8
:102DB0003A462146284601F0D1FC214B98421CD0CE
:102DC000029703AA2146284601F088FB1D4B984232
:102DD0002ED101222146284601F018FDBBE7B3F1B0
:102DE000C06F05D0B3F1007F14BF01230223C1E7F8
:102DF0000323BFE74FF0A042D6E73946284601F04B
:102E0000FDFC104B9842DBD06FF00B00A4E73A4674
:102E10002146284601F0A2FC0A4B9842D1D19DF8E8
:102E20000310284601F0E2FCCBE76FF0850093E742
:102E30006FF0150090E751F82330FFDE00030050DB
:102E40000400AD0B0000AD0B420970B5034602D083
:102E5000012A17D070BD0D4E326951680029F9D092
:102E600003F01F0301250C689D400029F2D08A68F9
:102E70002A4002D04B68304698472CB1236821463F
:102E80001C46F2E7024EE7E72346F8E748B902009E
:102E900028B9020038B545682B69B3B1103528460A
:102EA00001F09AFC044680B90146284601F070FC06
:102EB000084B98420BD108492246284601F048FCAD
:102EC000224605210620F0F79DFC002038BD6FF05A
:102ED0000400FBE70000AD0B492E02002DE9F04392
:102EE000466840F20635D006337B87B002EA050516
:102EF00054BFC2F34010032001F01F07B5F5837FD4
:102F0000144647EA43178DF8030045D00FD8062D25
:102F100018D007D8B5B1022D40D06FF0150007B01A
:102F2000BDE8F083B5F5807FF7D101250AE040F2D6
:102F30000222954234D0B5F5407F33D0B5F5007FFD
:102F4000EBD102250123220303FA01F12CD573688A
:102F5000C3F80815326982BB07F01F037F0929D027
:102F6000012F77D13E4A02EB830284F48033D2F8FA
:102F70000017C3F30043C4F3404444EA430421F47C
:102F8000E16144EA800421F0070144EA05230B4390
:102F9000C2F800370020C2E70725D3E70425D1E7B0
:102FA0000525CFE70325CDE7630344BF7368C3F866
:102FB0000C15CFE74FF0A042D5E710360DF1020215
:102FC0003946304601F0CAFB14F4403F80460CD12C
:102FD0003946304607F029FD224B9845DAD19DF855
:102FE0000210304601F002FCD4E701AB4FF00009BB
:102FF00003AA39463046CDE90439CDE90199CDF827
:103000000C9001F06BFA174B984286D114F4003300
:1030100015D09DF803308DF80E3084F48034C4F35D
:1030200000444B4603AA394630468DF80C508DF8C3
:103030000D4001F00FFB0B4B9842CDD06DE7CDE971
:10304000043303AA0DF1030339463046039301F01C
:1030500045FAF0E703F5E07352F82330FFDE00BFD6
:10306000000300500000AD0B02780B69012A08D064
:10307000022A08D04AB9064A1A6303F1180002F07E
:1030800045BB044AF8E7044AF6E7044AF4E700BF00
:103090000000AD0B0100AE0B0200AE0B0100AD0B4A
:1030A0002DE9F04F87B0D0F810B004934368D3F8FF
:1030B00028809B8B039317464FF0FF334FF0FF326E
:1030C00005460C4606F08DFF0BF118030293002312
:1030D00000220BF11800002602F052FB3346BE42DC
:1030E00001D300234DE0207A010776D40136BE4299
:1030F00021680BD2820709D4227D80EA020C0CF0F1
:10310000010C02F004025CEA020C08D023B901F0C1
:103110006042B2F1005F1AD04FF0000901E04FF0B9
:1031200001096268DDF80CE003EB020CF44557D8A6
:10313000C00705D408EB0300059308F085F9059B4B
:1031400062681A4493B2B9F1000F2FD113BBD4F8BF
:1031500000A0A3884FF00009049A217A0092284623
:10316000524600F063F8031E0BDB4FF480420298D6
:10317000002302F005FB80B1284600F037F86FF01D
:1031800004032846029306F02FFF029B184607B05F
:10319000BDE8F08F9946C246DEE7DBF83030124AD0
:1031A0009342ECD1237ADB0702D400230C3496E758
:1031B000C245FAD1A24609E0A9EB02011FFA81F942
:1031C000DAF80C0018FA81F108F03EF9DAF8042078
:1031D0009145AAF10C0AEFD2E7E76FF08503D0E73B
:1031E0006FF01B03CDE700BF0000AD0B70B5446866
:1031F0002368D3F80855D3F80C65204601F074FD18
:103200003146284601F09AFF00210546606A06F023
:10321000EEFE204601F058FD034B9D4214BF6FF0B7
:103220000F00002070BD00BF0000AD0BF0B587B0EF
:1032300047680C461646002112220DF106001D4675
:1032400008F02AF904F001038DF80430BDF830309D
:103250008DF80530BB8D0295AB42049614D384F0F3
:103260000202C2F34002520101A9384601F09EFD5C
:10327000084B98420BD00B33984214BF6FF00400F8
:103280006FF00F0007B0F0BD6FF01B00FAE70020F1
:10329000F8E700BF0000AD0B38B545682B6A04465F
:1032A0009847686A012106F0A2FE2346AA6905F143
:1032B0000801284601F0CEFC054B984204D1204677
:1032C00006F0BBFE002038BD6FF00400FBE700BF36
:1032D0000000AD0B036803F01F025B09026004D01D
:1032E000012B034818BF002070474FF0A0407047E3
:1032F000000300502DE9F04FDFF88491DFF884A13E
:1033000085B01546834600EB810140F2FF18594510
:1033100003D1002005B0BDE8F08FDBF800305E047B
:10332000C3F3C322C3F3080400F1A380444519F892
:1033300002704FEA136312D0192B1ED94E2B40F0A6
:103340009B80C5F8144503A80394FFF7C3FF039BB4
:10335000012606FA03F3C0F8083532464EE0192B71
:1033600009D94E2B40F088804FF0FF33C5F8143553
:103370000BF1040BCBE74FF0FF34192B7CD8DFE8BF
:1033800003F00D1218311B21317B7B7B7B34617B79
:103390007B7B7B7B7B7B7B7B646F7275C5F80C458D
:1033A000601CD0D1E4E7C5F81445661CE0D00026C7
:1033B000D3E7C5F80845F3E7621CC5F80845D7D040
:1033C000002604E0631CC5F80C45D1D0012603A8F3
:1033D0000394FFF77FFF039B012202FA03F3C0F877
:1033E0000C350BE0C5F81045DFE7C5F80845002FA0
:1033F000DBD1601CBCD0002632460627DBF800304B
:10340000019303F40040002818BF002203A8009293
:1034100018BF01260394FFF75DFF039C019B009AF0
:1034200000EB8400C3F3412CD0F800473B0243EA91
:103430008C03134304EA0A04234343EA4603C0F817
:10344000003795E7C5F80C45D1E7C5F86045621C23
:10345000DBF800308CD0C3F30043002BB6D072E70A
:10346000C5F86445F3E7C5F86845F0E7C5F86C456D
:10347000EDE76FF015004DE76FF085004AE700BFFC
:103480009AD00200F0F8FCFF38B570B1074C084A3A
:103490004FF400450021E0FB054100232046EDF7F5
:1034A000A9FCBDE8384007F080BE38BD3F420F00A0
:1034B00040420F0070B50839006903293CD8DFE8A5
:1034C00001F002131517836A4FF4C86193FBF1F101
:1034D000116040F271214B43194993FBF1F001FB5C
:1034E00010335360002070BDC36AEDE7036BEBE758
:1034F000836A4FF4C86440F2712593FBF4F11160C4
:103500000F496B4393FBF1F601FB16335360C36A1B
:1035100093FBF4F66B43966093FBF1F601FB1633D5
:10352000D360036B93FBF4F46B4393FBF1F001FB6B
:10353000103314615361D5E76FF08500D3E700BF06
:1035400040420F0073B50446406883681B68984783
:1035500000280BDB01212046266907F08DF938B1E0
:103560000021204607F088F96FF0040002B070BD1A
:103570000021632007F019FE82234B211A462046C2
:1035800007F05DF901460028EAD1204607F074F9FA
:103590000028E5D10021212007F007FE0121204667
:1035A00007F06AF905460028DAD10021632007F008
:1035B000FCFD606801230DF10702402107F0F1F8DE
:1035C0000028CDDB9DF80730322BC9D1274B284688
:1035D00053F83010092903EBC00243DD1379DB00F7
:1035E00003F0F80338224C21204607F028F9002880
:1035F000B6DB60680422512107F0D0F80028AFDB69
:1036000060680722522107F0C9F80028A8DB0023D0
:1036100006224C21204607F012F960681523324635
:103620005D2107F0BEF800289ADB00252946C6E98F
:103630000655C6E90855C6E90A553563204607F020
:103640001BF90121204607F017F90021632007F03C
:10365000ACFD2B4606224C21204607F0F0F86FF017
:10366000850083E701300828B2D179E7A0C70200BE
:10367000014B01221A60704700C000400C29036909
:103680000BD1DB6A064907484B4393FBF0F100FB83
:10369000113311605360002070476FF08500704750
:1036A00090D0030040420F00044B00690022C3F891
:1036B0000021D3F8003102F029B800BF00C000405B
:1036C0007FB505692B6B63B3422901D00C292BD13F
:1036D00005F118064FF0FF324FF0FF33304601F08E
:1036E0001BFF134B0193286B0323002469460394AB
:1036F000029304F0CDFB4FF0FF324FF0FF3328462A
:1037000002F03EF8286B04F01AFC0A4BD3F80825A7
:10371000EA6201225A60304601F076FF204604B08A
:1037200070BD6FF00A00FAE76FF08500F7E700BFA1
:103730007136020000C0004010B504690020FFF798
:10374000C3F820634FF0FF320021204607F09EFBB4
:1037500004F1180007F0B2FA002201210C20F0F762
:1037600051F80C20F0F71EF8024B0122C3F8042395
:10377000002010BD00C00040074BD3F8082142B123
:103780000020C3F80801D3F80821D3F818350B70CE
:1037900070474FF0FF30704700200040024BD3F8D5
:1037A0008004C3F88004704700200040F8B50E463E
:1037B00007F05BFC1A4D78BB64240127BFF35B8FD5
:1037C00055E8003F002B03D145E80072002AF7D1ED
:1037D000BFF35B8F07D021200021013C07F0E5FCFF
:1037E00014F0FF04EAD10F4C0023C4F81C31D4F8C4
:1037F0001C310123A360C4F81C6542F21076D4F892
:103800001C3123B9012007F090F8013EF7D10123C4
:10381000E36000232B60F8BD01232B60E3E700BFCA
:10382000CC21002000200040F7B55C4A43680569C0
:103830000024C2F800451F68064601AA2146384602
:1038400006F01AFC00280FDB019B3A68197918680A
:10385000FFF750FD002807DB6B793669012B06D096
:10386000032B03D06FF0850003B0F0BD1024AB79BB
:10387000032BF7D1EB79002BF4D1297911B102296F
:10388000F0D10E212B68B3F5164F68D02BD8B3F5C5
:10389000165F66D014D8B3F5966F64D008D8B3F528
:1038A000967F63D0B3F5167FDCD14FF41C3341E033
:1038B000B3F5166F5DD0B3F5965FD3D1384B39E0D1
:1038C000B3F5E14F58D007D8B3F5615F56D0B3F5E3
:1038D000964FC7D1334B2DE047F612229342C1D108
:1038E0004FF4000326E0B3F5613F4AD011D8B3F599
:1038F000963F48D008D84DF6C022934245D0B3F544
:10390000614FAFD1284B15E0B3F5E13FAAD1274B6A
:1039100010E0B3F5612F3BD007D8254A934239D048
:10392000B3F5E12F9ED1234B04E0234A934299D172
:103930004FF08053194A0C43C2F82435C2F86C4545
:1039400095E8030086E8030004230020C2F8003550
:10395000C2F80801D2F808310123136084E7174B3D
:10396000E8E7174BE6E74FF49E23E3E74FF4A03375
:10397000E0E74FF41D23DDE7124BDBE74FF46C1358
:10398000D8E7114BD6E7114BD4E74FF46503D1E7E5
:103990000F4BCFE74FF08063CCE700BF0020004023
:1039A00000B0130000A04E0000F0EB0000E0D701D3
:1039B00090D0030000705F0740420F0000509D0050
:1039C0000050270000F0750000B0AF0300903A01EE
:1039D00000D0BE0E70B5012383400E4ABFF35B8F4B
:1039E000DC4352E8001F01EA040542E80056002EBD
:1039F000F7D1BFF35B8F4FF4803282400648C0F8A6
:103A00000823BFF35F8FBFF36F8F0B4214BF0120FA
:103A1000002070BDD42100200010014070B40E4978
:103A2000D1E90034D01AC31844F1000422F07F46D3
:103A3000C1E90034A6F50013B3F5400F09D2074BD6
:103A40001B681A0A1B069C19054B42F10005C3E9C5
:103A5000004570BC02F022BE600A0020D821002080
:103A6000680A002011B3BFF35B8F0123104A834023
:103A700052E800CF4CEA030C42E800C10029F7D11C
:103A8000BFF35B8F0B4A4FF480338340C2F804339B
:103A9000094BBFF35B8F1B68BFF35B8FC340DB0732
:103AA00042BF064B4FF40032C3F80021704700BFFD
:103AB000D421002000100140D021002000E100E0CE
:103AC0000D4B1868010A0006BFF35F8F0B4BD3F84C
:103AD0000435181841F10001B3F5801F0AD2084BD4
:103AE000D3E90023904271EB030303D210F18070FD
:103AF00041F10001704700BFD821002000100140B3
:103B0000680A00202DE9F04F85B016461F469DF843
:103B100040A00446FFF75EFF0190FFF7D1FFB042DF
:103B200071EB070354D23E4B301A67EB0101984208
:103B300071F100014FD23B4B03EB0413D3E9022395
:103B40009F4208BF96425ED037494FF4803804F157
:103B5000500508FA04F8AD00C1F848832046ADB21C
:103B600006F0D6FE26F07F4B05F1804504F5A873DC
:103B700005F58835DC464FF003090293029A2CF0D4
:103B80007F4341F82230C1F84483D1F80435274AF5
:103B90006FF00200C01A604420F07F40904232D99A
:103BA000286868B1D1F804350393A3EB0B0020F02B
:103BB0007F40B0F5000F26D9204606F0A9FE039BF2
:103BC000BAF1000F07D109EB030C09F10109D5E7A0
:103BD000BAF1000F09D06FF0150520460199FFF7E3
:103BE00041FF284605B0BDE8F08F0123104ABFF31E
:103BF0005B8FA34052E8000F184342E80001002900
:103C0000F8D1BFF35B8F07490E98230101EB041233
:103C1000C8500F9B5360C2E902670025DDE700BF73
:103C200001008000500A002000100140FDFF7F00CD
:103C3000D02100207FB51C4C1C4BC4F80833C4F8BD
:103C400048331B4B00254FF0FF304FF0FF31C4F8D5
:103C50000855C3E902014FF48033C4F80433154B0F
:103C600002264FF400320121C4F804631120C3F886
:103C700080212A46EFF7C6FD1120EFF793FD0E4A8B
:103C80000123A360236013600C4B0D4A0093CDE920
:103C9000015500232846FFF735FF3046FEF74CFE5E
:103CA000284604B070BD00BF0010014003000F00A3
:103CB000500A002000E100E0D42100201D3A02005B
:103CC000FFFF7F002DE9F7432F4CD4F80433990709
:103CD0000BD5D4F8043143B12C4A0023C4F8043185
:103CE000D4F80431136801331360D4F80433DA03D1
:103CF00029D5BFF35B8F264B53E8002F22F001013B
:103D000043E800100028F7D1BFF35B8FD30702D43C
:103D1000D4F84031BBB10025C4F84051D4F840314B
:103D2000FFF7CEFEEFF31182202383F31288BFF357
:103D30006F8F184BD3E90267B042B94106D282F3C4
:103D40001188BFF36F8F03B0BDE8F0834FF0FF38E9
:103D50004FF0FF39C3E90289D3E900101D604FF429
:103D60008033C4F84833C4F84051D4F8403182F36A
:103D70001188BFF36F8F0029E5D0009032463B4693
:103D800028468847DFE700BF00100140D821002007
:103D9000D0210020500A002030B5431C124C85B0C1
:103DA00005D08442A8BF0446012CB8BF0124FFF708
:103DB00087FE0E4B0C4DD3E90013401AB0F5000FEF
:103DC00010D22218AA4228BF2A4652184FF00000EB
:103DD00007490091CDE9010043F10003FFF792FE8E
:103DE00005B030BD2A46F0E7FFFF7F00600A0020E3
:103DF0001D3A020008B5FFF763FE024B1B68C01AAC
:103E000008BD00BF600A00204FF08053D3F8302176
:103E1000082A06D1D3F83431052B02D8024AD05CE7
:103E200070470020704700BF31D20200024AD2F82A
:103E30000034002BFBD0704700E0014010B54FF07C
:103E40008053D3F83021082A4ED14FF08042002110
:103E5000C2F80C11C2F81011C2F8381502F5404230
:103E6000D3F80414C2F82015D3F80814C2F82415A6
:103E7000D3F80C14C2F82815D3F81014C2F82C1576
:103E8000D3F81414C2F83015D3F81814C2F8341546
:103E9000D3F81C14C2F84015D3F82014C2F8441506
:103EA000D3F82414C2F84815D3F82814C2F84C15D6
:103EB000D3F82C14C2F85015D3F83014C2F85415A6
:103EC000D3F83414C2F86015D3F83814C2F8641566
:103ED000D3F83C14C2F86815D3F84014C2F86C1536
:103EE000D3F84434C2F87035FFF78EFF18B13A4B5F
:103EF0003A4AC3F88C26FFF787FF18B1384BFB22EC
:103F0000C3F81825FFF780FF70B14FF080414FF0E4
:103F10008053D1F8E42ED3F8583222F00F0203F088
:103F20000F031343C1F8E43EFFF76EFF20B12D4BA2
:103F30004FF40072C3F840264FF08053D3F830316D
:103F4000082B1AD14FF08043D3F80024D20744BF86
:103F50006FF00102C3F800244FF08053D3F83431DE
:103F6000052B02D8204AD35C3BB14FF01023D3F885
:103F700008224FF08043C3F858254FF01023D3F8A0
:103F80000022002A03DBD3F80432002B22DA17497F
:103F900001234FF01020C1F804351224FFF746FF2B
:103FA000C0F80042FFF742FFC0F80442FFF73EFFAF
:103FB0000023C1F80435FFF739FFBFF34F8F0C49D9
:103FC0000C4BCA6802F4E0621343CB60BFF34F8F1F
:103FD00000BFFDE710BD00BF005000404881030056
:103FE00000F00040009002402BD2020000E00140AF
:103FF00000ED00E00400FA0530B50468CCB1BFF371
:104000005B8FB4FA84F3C3F11F03DBB201229A4041
:1040100024EA020250E8005FA54204D140E8002CE7
:10402000BCF1000FF6D1BFF35B8FE6D102480B70F5
:1040300030BD0248FCE700BF0000AD0B0200AD0B35
:1040400010B50368CB40DB0714D401238B40026812
:10405000BFF35B8F43EA020150E8004F944204D162
:1040600040E8001CBCF1000FF6D1BFF35B8FEED12E
:10407000014810BD0148FCE70000AD0B0400AD0B8A
:10408000F7B50546F8B101281BD104224FF480731F
:1040900001464FF0804003440244C0F80813002654
:1040A000012111601E608D421B688DF8071008BF4A
:1040B0000DF1070642F210744FF0804745B1012D13
:1040C00029D003B0F0BD0C224FF482730221E0E747
:1040D000D7F8183403F4803366B9002BF1D00120EF
:1040E00006F023FC013CF3D1EBE706F01EFC013C9B
:1040F000E4D1E6E7D7F8182402F003023260002B7F
:10410000DFD09DF807000128EFD0012DD9D10C4B4D
:1041100000225A71D5E7D7F80C3403F480333EB946
:10412000002BF4D0012006F000FC013CF3D1C8E7DD
:10413000D7F80C2402F001023270002BE1D1E6E73F
:10414000DC210020044B1A7922B9012218609A80E0
:104150000248704702487047DC2100200000AD0B88
:104160000C00AD0B08B5074B1B682BB10020EFF717
:104170003BFB08B9EFF716FB4FF080430022C3F872
:10418000182508BDDC21002010B510B1012843D04E
:1041900010BD4FF08043D3F81814D3F81824C80387
:1041A00021D502F00303012B04D013B10020FFF747
:1041B00067FF00234FF080420220C2F81835082222
:1041C0004FF4827303F180430021196002F18042B1
:1041D0001C6801241460154A12680AB34FF080432A
:1041E000C3F80403D4E7D3F81424D107E1D5D3F8F6
:1041F0001C249207DAD40D4A12681AB10222C3F8BD
:104200000423C5E7D3F80421002AFBD00022C3F819
:104210000421D3F80431BBE700224FF48073D1E7C7
:104220001A68002AFCD019601B68B1E7DC21002065
:10423000F8B54FF080431C4ED3F804430125002706
:1042400004B9F8BDB4FA84F0C0F11F00830003F58F
:1042500080739BB203F1804305FA00F2196892B2B1
:1042600024EA02040029EBD01F601B684FF0804352
:10427000012AC3F8082305D0022A08D03368C0B247
:104280009847DDE77379002BDAD17271F6E7D3F83E
:104290001814D3F818148907F0D1C3F81855C3F8C7
:1042A00004239D60CCE700BFDC210020036803F0FD
:1042B0001F025B09026004D0012B034818BF0020D5
:1042C00070474FF0A040704700030050034A430975
:1042D00000F01F00D35C1844C0B2704737D2020010
:1042E00070B50546FFF7F2FF0C4C08300E4634F867
:1042F0001030DA0508D5C3F3432304EBC302284684
:1043000054F8333052689847A3682BB1E2683146BD
:104310002846BDE87040184770BD00BFE42100206A
:1043200008B5FFF7D3FF034B083033F81000400BFC
:1043300008BD00BFE421002008B5FFF7C7FF034B0D
:10434000083033F81000C0F3400008BDE42100201D
:1043500008B5FFF7BBFF034B083033F81000C0F37C
:10436000401008BDE4210020034611F0010010B503
:10437000CCB20DD1A207C4F3400012D5094AD2F83D
:1043800020055860C2F82005003818BF012008E059
:104390004FF0A041D1F820251A60C1F82025002A4D
:1043A000E8D010BD0003005010B5FFF78FFF124A90
:1043B000083032F81030D9051CD5C3F3432123F45B
:1043C000F85322F8103002F10E04002034F8023FB6
:1043D00013F4807F03D0C3F3432399420AD0013002
:1043E0003028F3D1002342F831300448BDE81040B2
:1043F000FFF726BE10BD00BFE42100205C22002094
:1044000001F18051F0B501F5C2510446114A002076
:104410008900012506468A420BD10F4BD3F87C2137
:1044200032B10022C3F87C21D3F87C3140F0004047
:10443000F0BD02F14043A3F5C2439B0805FA03F324
:104440001C4204D0176817B116601768184304326D
:10445000E1E700BF0061004000600040F7B506469C
:104460000846FFF733FF194F00F108050C4637F8EF
:104470001530DB0727D5304606F0B3FA2046FFF7A4
:1044800067FF40B12046FFF74BFF316800F5A2708F
:10449000002341F820302046FFF786FF002301A8C3
:1044A00027F815300194FFF701FF019B00EB830013
:1044B000074BD0F80027134043F00203C0F8003741
:1044C000044803B0F0BD0448FBE700BFE42100202E
:1044D000F0F8FCFF0000AD0B0400AD0B2DE9FF412F
:1044E000164680460846FFF7F1FE0C463168054641
:1044F00009B32046FFF720FF18B12046FFF728FF39
:1045000010BB0023CDE900338DF80E308DF80F304D
:104510000DF10F020B4620460DF10E0106F009FACF
:10452000484A05F1080132F8113023F0020343F044
:10453000010322F8113073685BB320461F78596875
:10454000FFF7FAFE10B1C9B13F4825E03D4A05F139
:10455000080C32F81C3023F02003DB04DB0C22F8BB
:104560001C3059B1032FEFD87168D8F800004968A2
:104570000978A7B901F5A27140F82170314A05F117
:10458000080132F8113023F01C0343EA870322F8B4
:104590001130B3686BBB2D4804B0BDE8F08100EB6F
:1045A000810043EA4133D0F810E52EF0030EC0F845
:1045B00010E5D8F8000000EB810E43F02003DEF890
:1045C000100522F81C3020F44F3020F44070CEF853
:1045D00010052002DEF8108500F47C5040EA074008
:1045E00040EA0800CEF8100502EB4100A0F87C403C
:1045F000C4E7D3E900672046FFF7D6FE002ECAD0F5
:10460000104CD4E90023964203D19F4201D10022ED
:1046100009E00F480DF10F01FFF7EEFC0B4B98423C
:10462000BAD19DF80F2044F8326004EBC20308357C
:104630005F6034F8153043EA422343F4807324F872
:104640001530A8E7E42100200400AD0B0000AD0BFD
:104650005C2200202DE9F0430C4685B080462046C0
:1046600011461E46FFF732FE054629B32046FFF7E6
:1046700063FE18B92046FFF76BFE18BB314F05F1FA
:10468000080937F8193013F01C0F02D04B78012BB2
:1046900018D001238DF80F300023CDE900134A1CF8
:1046A0008B1C20460DF10F0106F043F937F8193045
:1046B00043F0030327F81930002E41D02046FFF7BE
:1046C0003BFE18B9204805B0BDE8F08396F800C05D
:1046D000D8F800301B4F0CF5A272002143F82210CD
:1046E00005F1080237F8121021F02001C904C90CA5
:1046F00027F8121075781DB3D8F80000B67800EBD3
:104700008C002D04D0F8103523F4991323F4F853BA
:10471000C0F81035230203F47C5305F44035360508
:10472000D0F810E52B4306F4801641EA4C313343B0
:1047300041F0200143EA0E0327F81210C0F81035AB
:104740000248C0E7E42100200400AD0B0000AD0BDF
:10475000014BC3E902127047E421002010B508465E
:104760001446FFF7F5FD50B10846FFF7AFFD054BC6
:10477000083033F8103004485B0B237010BD034839
:10478000FCE700BFE42100200000AD0B0400AD0BEE
:1047900070B50E4C94F88C500646A5B96022294697
:1047A00004F1100006F078FE3068C0F87C51D0F8B3
:1047B0007C3140F30730EEF7F5FF0123044884F81D
:1047C0008C30A36770BD0348FCE700BFE4210020E4
:1047D0000000AD0B0C00AD0B034B93F88C000038C0
:1047E00018BF0120704700BFE42100200079024B70
:1047F00003EB8000FFF724BCD00300200079024BBC
:1048000003EB8000FFF7F8BBD0030020F7B50546A7
:1048100008461646FFF79CFD0C462968F0B1204675
:10482000FFF78AFD0746C8B92046FFF779FD04B2B5
:10483000A40004F580728F508A5829682144D1F869
:10484000102542F00102C1F810252EB1296801227D
:1048500002FA00F3C1F8043303B0F0BDD1F8043319
:10486000002BA4BF4FF00043C1F804332046FFF7EC
:104870002DFD0F4B083033F81030C3F38203042BA7
:1048800012D0052B12D001A80194FFF70FFD019A59
:10489000D0F81035D34003F00103991C204603B033
:1048A000BDE8F04006F08EB80321F7E70221F5E7F6
:1048B000E42100202DE9F04F654BD3F80403C0B28A
:1048C00087B0082140F00040FFF79AFD051E2BDA63
:1048D0000023032104A8CDE90433FFF745FDDFF8E9
:1048E00074A10DF110084FF000094FF0010B1AF8F8
:1048F000013B5949DA0803F007038A5C22FA03F303
:10490000DA071CD408F10408B9F1000F14D0002113
:104910004FF00040FFF774FD032104A8FFF724FDCA
:104920000028DCD125F00045494E4C4F0124002DD4
:1049300078D107B0BDE8F08F4FF00109D7E7484BB9
:104940004B440093D8F800100029DBD0009B91FA6B
:10495000A1F11C78B1FA81F141EA44142046FFF735
:10496000B5FC3E4B0394083033F81070C80801F0D2
:10497000070118F800200BFA01F122EA0102BB0836
:1049800008F8002003A80193FFF790FC039A019B0D
:1049900002F5E072C7F3820650F822205B07374623
:1049A000C2F3014223D520463946D6B2FFF798FC20
:1049B00003A80394FFF77AFC039B03F5E07350F818
:1049C0002330C3F301439E4207D10021204605F066
:1049D000F9FF3146204605F0F5FF03A80394FFF7E1
:1049E00065FC039B0BFA03F3C0F82035AAE7022A03
:1049F0000CD10321204605F0E5FF06F00503012B4D
:104A0000EBD139462046FFF76BFCE6E70221204652
:104A1000019205F0D7FF032EF3D0019A032ADCD1CF
:104A2000022EEDE795FAA5F3B3FA83F304FA03F245
:104A300025EA020503F5A27207EB430356F822109C
:104A4000B3F87C00C1F30141FFF74AFC6FE700BFF8
:104A50000060004047D2020020C80200E42100208C
:104A600047D2020030B500F01F04400911D00128E0
:104A700012D10C4800EB84001B02D0F800570A4CFE
:104A800043EA82022C4042EA41012143C0F8001768
:104A900030BD4FF0A040EDE704F5E074002353F87B
:104AA0002430FFDE00030050F0F8FCFF10B4CC7B94
:104AB0008A6803682CB9D1E90041C3F80845C3F8F6
:104AC0000C15C3F82425037928225343054AD358EB
:104AD0002BB1006810BC40F30730EEF763BE10BC8A
:104AE000704700BF7422002070B50C4686B00221CA
:104AF000054605F0F2FF4FF400710646284605F022
:104B0000ECFFD0B1D6B9A368C5F808330223A3607F
:104B1000A368C5F804334FF08071284605F0DDFF27
:104B200018B1D5F800329B0502D401232B626B61CA
:104B3000012384F8233006B070BDAEB3E3695E068E
:104B40000AD494F823303BB92146284605F071FF7A
:104B500080F0010084F82300E36913F004033BD1E3
:104B6000C5F86031D5F86021C5F85C31D5F85C3105
:104B700094F8253013B194F8233013B30023C5F80B
:104B80000032A360314BC5F8083345F30733002BDF
:104B900017DB5A09012103F01F03994002F160035A
:104BA0002B4A42F823100CE04FF48021284605F0F0
:104BB00094FF94F82030002B2FD194F82530002B4F
:104BC000DDD0238CADF80430E368049323690293AD
:104BD00063690593A3690393D5F8C434C5F8C43455
:104BE00098072CD459072CD4DA072CD494F8233006
:104BF0009B00DBB28DF8003094F825300BB984F8B7
:104C00002430E3695B0703D594F82330002B92D05E
:104C1000D4E90031684698478DE74FF40073C5F832
:104C2000003240F20223A36003F1CE73C5F80833CB
:104C3000A368C5F804330123AB602B627BE7012333
:104C4000D8E70223D6E70323D4E700BF02029C0182
:104C500000E100E02DE9F04190F80480164E07468F
:104C6000282000FB08F035180C4695F82210F1B901
:104C7000A96032506B6085F8251085F824106CB15E
:104C8000A37B85F82730204605F004FF88B1637BBD
:104C900085F8263021463846FFF708FF282303FB16
:104CA00008660648012386F82230BDE8F0810448F2
:104CB000FBE70448F9E700BF742200200000AD0BB9
:104CC0000C00AD0B0400AD0B036802790621C3F89C
:104CD0000015044B282101FB0233022283F8222015
:104CE000704700BF7422002010B5164B04792822AB
:104CF00002FB04320021916002681349C2F80813D4
:104D0000D2F8001221F4BC51C2F800124FF08051C9
:104D1000D1F83001082809D1D1F83411052905D876
:104D20000A48415C11B10921C2F800150021C2F8FE
:104D30000015282202FB0433012283F8222083F885
:104D4000241010BD7422002002029C0149D20200EE
:104D5000F8B5044607790068134D40F30730EEF7C5
:104D60002FFD2046FFF7C0FF282303FB075393F8CE
:104D7000272092B993F826607EB92368D3F80805F6
:104D8000D3F80C45324633460121FFF76BFE33461C
:104D9000324601212046FFF765FE282303FB075515
:104DA000002385F82230F8BD742200202DE9F84F49
:104DB000B04D90F804900468282303FB09539046F3
:104DC000002283F823204B680E4633B1CB6803F0F2
:104DD0006043B3F1005F40F085813378023B012BE3
:104DE00006D8336903F06043B3F1005F40F07A8185
:104DF000A14BC4F80833282303FB095393F824106C
:104E000001F0FF0239B19B68DFF870B2C4F80433D7
:104E10005846BDE8F88F18F0140F0CBF012100218F
:104E200083F82410317883F82010717883F82110EA
:104E3000F168D9607168196131695961B168996126
:104E4000C8F3001183F82510C3F81C807378C4F8E8
:104E50008835C4F86021D4F86031C4F84821D4F80A
:104E60004831C4F82421D4F82431C4F80421D4F8FA
:104E7000043118F0010318BF0123C4F8503518F0AD
:104E8000020318BF0123C4F84035337809EB8907C2
:104E900005EBC707032B00F2A380DFE803F0799846
:104EA00062024FF48073C4F80032D7E90323C4F8D8
:104EB0004425C4F848350123A3604FF480112046EF
:104EC00005F00BFE0028F8D1D7E90523C4F84425E6
:104ED000C4F84835282303FB09534FF480229A6015
:104EE000DFF89CB1282202FB09F218F0080AAB583F
:104EF00005EB020013D13178032910D0012940F0CD
:104F000085802160002B6ED0282202FB09F2716897
:104F1000AA5821B9002A00F0BB8001226261282230
:104F200002FB09F2A918AA58002A00F0B18018F073
:104F3000040F1CBF00228A6018F0400F06D12822FF
:104F400002FB0952916841F002019160282202FBA4
:104F50000952916841F4007191609268C4F8042389
:104F600056E7D7E90323C4F84425C4F84835D7E900
:104F70000523C4F83425C4F838354FF48453C4F8F5
:104F8000003201232362282303FB09530222A6E7F0
:104F9000D7E9032318F0200FC4F84425C4F8483596
:104FA0004FF0280315BF4FF480724FF4007203FBDB
:104FB000095303FB095315BFC4F80022C4F80022AB
:104FC0004FF4802202229A600123236288E7D7E906
:104FD0000323C4F83425C4F838354FF48053CEE7A2
:104FE000DFF8A0B07EE7026902B961612649DFF807
:104FF0009CA0204605F071FD012210F4007F18BF2F
:10500000626110EA0A0F2049F3D07DE70121A16017
:10501000002B7FF479AF006918B31C4B1AEA030F19
:105020007FF472AF1849204605F057FD10F4007F59
:105030008246F2D04FF08071204605F04EFDD4F844
:10504000001280B111F4007003D101222262824665
:105050006261CB05E1D54FF48021204605F03DFD8E
:1050600004E06161D9E70122226262614FF0000A27
:10507000D3E700BF7422002002029C010B00AD0B9D
:105080000000AD0B0400AD0B02020400020004009E
:105090002821D4F8C424C4F8C42401FB09550021F4
:1050A00085F824108AB11149114B12F0010F14BF79
:1050B0008B469B46013112F0020F18BF8B4612F04F
:1050C000040F0C4A18BF9346A2E618F0400F7FF475
:1050D0009FAE3946204605F0ACFC054A002808BFC3
:1050E000934695E6DFF810B092E600BF0000AE0BE5
:1050F0000100AD0B0200AE0B0A00AD0B01490248E6
:10510000FFF7F2BC742200200030004002494FF04B
:105110004020FFF7E9BC00BF9C220020036803F099
:105120001F025B09026004D0012B034818BF002056
:1051300070474FF0A040704700030050F7B5064697
:1051400005F0F5FC084605F0F2FC01A80196FFF712
:10515000E5FF019B2E4D00EB83000C46D0F8003795
:10516000019440F20D612B400B43C0F8003701A8B9
:10517000FFF7D4FF019B00EB83000127D0F8003735
:105180002B400B43C0F80037042005F0CEFB092567
:1051900001A80194FFF7C2FF019AD0F81035D3405F
:1051A000DB0715D401A80196FFF7B8FF019B07FAAA
:1051B00003F3C0F80C35042005F0B7FB304605F0CA
:1051C000B6FC013D042005F0B0FB15F0FF05DFD172
:1051D00001A80194FFF7A2FF019A01239340C0F8B0
:1051E0000C35042005F0A1FB204605F0A0FC0420AE
:1051F00005F09BFB01A80194FFF790FF019AD0F8FE
:1052000010350448D34003F00103C01A03B0F0BDC9
:10521000F0F8FCFF0100AD0B38B5EFF3118520234A
:1052200083F31288BFF36F8F064B9C6805F0BBFCBD
:1052300085F31188BFF36F8F2046BDE83840EEF745
:1052400059BA00BFC422002038B50A4B53F8204099
:10525000013053F82050A54200D838BD606830B105
:10526000037FDB0701D405F073FC0834F3E7236800
:105270009847FAE724C8020070B52A4B2A4C2B4DF8
:10528000012286B003201A70FFF7DEFF01F0D0FA8A
:105290000420FFF7D9FF2646AE4204F1300410D3B4
:1052A00000F0EEFE204C224EAC4226D300F0FCFE75
:1052B000EBF71AFF1F4A137B23F00103137306B0A9
:1052C00070BD54F80C3C059354F8103C049354F80A
:1052D000143C039354F8183C029354F81C3C01937B
:1052E00054F8203C009354E90A2354E90C0100F0DF
:1052F000ABFC54F8303C5E65CDE7D4E90A23B3F14A
:10530000FF3F08BFB2F1FF3F05D052EA030120681A
:1053100003D100F0A3FF3034C6E73146183001F066
:105320002DF9F8E76823002008BC020008BC020041
:105330006BB10200F00A002070B5002386B0012294
:10534000CDE90423134E144D01930F22CDE902320F
:105350001249142303FB005506EBC01604464FF414
:10536000C07000FB04110E4B00954FF4A072304644
:1053700000F06AFC737B0B4AEE6023F00403737346
:105380004FF4046304FB033313442C746B6006B0C6
:1053900070BD00BF700A0020C422002080360020AB
:1053A00097AC0200402E0020BFB50020FFF74CFF55
:1053B000284B83F30888284C284F636943F4007313
:1053C00063610025E02384F82230E5772576657651
:1053D000A57684F82050636A43F4E023636284F87E
:1053E0002350EEF755F9EEF79FFA4FF0FF33A36223
:1053F000E362EEF75FFBEEF7BBFA1948194C00F0D9
:105400009BFC0120FFF720FF0220FFF71DFF00F0AB
:105410007FFE154B15495C61154B05930123CDE9C2
:1054200003534FF480523B46CDE901550095204689
:1054300000F00AFC627B064622F0040220466273FA
:1054400005F056FE2846FFF777FF3A4631462046DC
:10545000EEF74CFA8036002000ED00E079520200B1
:10546000100C0020F00A0020C42200200038002088
:105470004FD2020038B5064C064DAC4201D3002095
:1054800038BDD4E90112204605F090FB1434F4E74E
:10549000600400207404002038B5064C064D00203E
:1054A000AC4200D338BD204605F0A4FB0028F9DB50
:1054B0001C34F5E70C0400206004002073B50C4692
:1054C000EFF31181202585F31288BFF36F8FC56834
:1054D0005DB125602B68C36083690133836100205F
:1054E00081F31188BFF36F8F11E052EA030603D1F5
:1054F00025606FF00B00F3E7CDE90023024608308A
:1055000000F004FD18B9034B9B681B69236002B0CF
:1055100070BD00BFC42200202DE9F34104461746A8
:105520001E46EFF31188202383F31288BFF36F8F99
:10553000C368334A7BB180689168884219D057EAC2
:10554000060318D188F31188BFF36F8F6FF00F0037
:1055500002B0BDE8F081916891F90E10216101332C
:10556000E3609368A36088F31188BFF36F8F002016
:10557000EEE72169F2E791F90E1090F90E309942A9
:10558000A8BF19466FF07E029142B8BF11468B4208
:105590002DDD05F08BFB0546CDE900761948224646
:1055A000414600F0B3FC0028E1D0EFF31186202340
:1055B00083F31288BFF36F8FA068D0B1236821698D
:1055C0009C420AD04BB193F90E309942A8BF1946BC
:1055D0006FF07E039942B8BF194605F067FB40B1F2
:1055E0000848314600F026FD6FF00A00B0E70025BC
:1055F000D2E7002DF4D186F31188BFF36F8FF3E764
:10560000C422002069230020F8B583680546002BDA
:105610003FD0234A926893423ED1C368012B03D9FD
:10562000013BC3600020F8BDEFF31187202383F313
:105630001288BFF36F8F0169806805F037FB2C6813
:10564000A54207D10023C5E9023387F31188BFF3D0
:105650006F8FE7E7002CF5D0D4E9003213605A6071
:10566000637B002623F002036373C4E90066A6602F
:1056700004F1180005F0F3FDAC6094F90E302B61D5
:105680002046E66705F034FD0648394600F0D2FCB6
:10569000C8E76FF01500C6E74FF0FF30C3E700BF63
:1056A000C42200206923002037B51146EFF311858D
:1056B000202282F31288BFF36F8F04689CB12368A5
:1056C000426823F003039442036008BF4360012152
:1056D000204605F078FB044685F31188BFF36F8FF1
:1056E000204603B030BD51EA0302F5D000F10802B4
:1056F000CDE900131046294600F008FC0028EFD140
:10570000014B9B681C69EBE7C422002070B5EFF3E6
:105710001186202383F31288BFF36F8F0468A042A1
:105720001AD0CCB1D4E9003213605A60637B0025F3
:1057300023F00203C4E900556373A56004F1180067
:1057400005F08DFDE567204605F0D2FC31460B489B
:10575000BDE8704000F06EBCD0E902329A4218BF3A
:10576000013383600221103005F030FE0028EDD1B6
:1057700086F31188BFF36F8F70BD00BF69230020CF
:1057800013B5EFF31181202484F31288BFF36F8FD8
:10579000846844B1013C846081F31188BFF36F8F4A
:1057A000002002B010BD52EA030406D181F3118833
:1057B000BFF36F8F6FF00F00F3E7CDE900230246D0
:1057C000014800F0A3FBECE7692300202DE9F84332
:1057D0000546EFF31188202383F31288BFF36F8F00
:1057E000002637466FF00A092C68A54216D0ACB1E6
:1057F000D4E9003213605A60637BA76023F0020390
:105800006373C4E9007704F1180005F028FDC4F8BB
:105810007C90204605F06CFC0126E5E70023AB6098
:10582000022105F1100005F0D1FD30B92EB988F341
:105830001188BFF36F8FBDE8F88341460248BDE889
:10584000F84300F0F7BB00BF6923002007B5074B02
:105850000093074907484FF0FF334FF4806200F090
:105860004FF9002003B05DF804FB00BF3CC8020004
:1058700040480020700B00202DE9FF414F4E0446A8
:105880002027EFF3118887F31288BFF36F8FD4F8C6
:105890008450F5B9022104F19C0005F007FB0028B3
:1058A00068D004F1940500220121284605F09EFCF1
:1058B0000028F8D1002302934FF0FF324FF0FF335E
:1058C000CDE90023414604F18C023D4800F090FDF3
:1058D000D7E7D4F888202B68C4F88430954208BFF5
:1058E000C4F88830D4F89C3043F00203C4F89C30EC
:1058F000EB6823F0040343F00103EB606B6888F36B
:105900001188BFF36F8F28469847EFF3118887F30C
:105910001288BFF36F8FEB68D80623F0010236D4EC
:10592000EA60EB689A0716D5306823F00203EB6053
:1059300088B10368002170B14268954235D103688F
:1059400069BB72683360824200D17360002340F803
:10595000083BFFF7DBFED4F89C3023F00203C4F8C9
:105960009C3088F31188BFF36F8FDB0589D400F07A
:10597000D7FB86E7D4F89C30D9069BD5C4F89C00A9
:1059800088F31188BFF36F8F04B0BDE8F08123F076
:105990001103EB6005F11000FFF7B8FEC1E70B60E3
:1059A0007368834208BF7160D0E723B11A6801466B
:1059B00018461346BFE71A46F9E700BFE422002065
:1059C00069230020F8B5C3689A0704460F46C3F35D
:1059D00040062ED45B071CD40B680BB983680B60A0
:1059E000E368DD0744BFA3683B603D684CBF022607
:1059F0000126002D3CD0204B9A68D5F880309A4281
:105A00000AD0D5F89C30D807C3F3800214D46FF0C5
:105A1000120600233B6025E005F027FBD5F89C30FB
:105A20000028F0D1D907C3F3C002F0D552B15B070B
:105A300008D46FF00F06ECE7002AFAD1C3F3C003D5
:105A4000002BF6D100232360D5F8883063B9C5E96F
:105A50002144284605F045FAE36843F00403E36077
:105A60003B68A3603046F8BD1C60C5F88840F0E78D
:105A70006FF01506CDE700BFC4220020F8B5C3685B
:105A800003F00503002B06460C4614BF0127002730
:105A90001CD085680122002104F1100005F0F6F900
:105AA0001349204605F075FAE36843F01003E360FC
:105AB000F3685B0712D5336823606BB9D5F888307B
:105AC00033B9C5E92144284605F00BFA3846F8BD3C
:105AD0001C60C5F88840F6E73460F4E7D5F88430F8
:105AE0002360D5F88830C5F88440002BEBD1F0E76F
:105AF000C3AE02000146014805F067BA700B0020F2
:105B0000F0B589B004460020C4E921000E9D04F1DF
:105B10008C00C4E9230004F19400C4E9250055B3C6
:105B20002879002840F2011008BF0120C4F89C0029
:105B300000204FF0FF364FF0FF37CDE90330CDE9BD
:105B40000100CDE906670D4B0094204600F0C8F82F
:105B500055B1296811B1204605F08DFA6B791BB15A
:105B6000237B43F001032373204600F077FBC4F846
:105B7000804009B0F0BD0120D8E700BF795802008D
:105B800037B501900846EFF31184202181F3128884
:105B9000BFF36F8FC16811F01E0F16D153EA0205D3
:105BA00008D101A9FFF70EFF84F31188BFF36F8FAF
:105BB00003B030BD41F00801C16001998162044920
:105BC000103000F0DBFC0120EEE70020ECE700BF26
:105BD00057AF020001460148FFF7D2BF700B00200B
:105BE000F7B50C46019016461D46EFF311872023AA
:105BF00083F31288BFF36F8F084605F063F955EA07
:105C0000060309D101A92046FFF7DCFE87F31188BE
:105C1000BFF36F8F03B0F0BDE368074943F008039B
:105C2000E360019BA36232462B4604F1100000F0B2
:105C3000A5FC0120EAE700BF57AF0200014601487A
:105C4000FFF7CEBF700B00202DE9F043073285B07F
:105C500022F007020E461F461099017300F1580307
:105C60007F32C0E916330446002322F03F020421AC
:105C7000836041733F2A0F98A073C4E90633E3732E
:105C800006F14009A2F1400805D883F31188BFF35B
:105C90006F8F084602DFB51829462046EDF7D8FA7F
:105CA00007300E9B20F00700E066C4E919980293C4
:105CB0000D9B01932D1A0C9B00932A463B463146BF
:105CC0002046EDF7E1FD00236365044B9B6803B1BB
:105CD0001B6F2367284605B0BDE8F083C42200206F
:105CE000F0B587B000250595109D04950F9D03958F
:105CF0000E9D0295DDE912760D9D01950C9D009596
:105D00000446FFF7A1FFB6F1FF3F08BFB7F1FF3F21
:105D100005D056EA070305D1204600F09FFA204639
:105D200007B0F0BD3A46334604F11800014900F0CF
:105D300025FCF4E76BB1020040F2011310B583813A
:105D40000023C0E91933044600F064FD014B9C6058
:105D500010BD00BFC4220020094A93686FF00A01F9
:105D6000D967084998674B6843F080534B6000231C
:105D700083F31188BFF36F8F9368D86F704700BFAC
:105D8000C422002000ED00E070B590F90D20437BA7
:105D9000002A36DBD90634D11B4C63F07F03224640
:105DA000437352F8183FE169934207D1C0E90021DB
:105DB0000860E06111E09942F8D01B68002BF5D033
:105DC00090F90E5093F90E60B542F4D0AE42F2DD78
:105DD0005968C0E9003108605860A569954200D053
:105DE00005B9E568A3685A7BD20604D1DA897F2A0F
:105DF00001D9AA6932B1AB4202D0284600F038FB83
:105E0000656170BD6361FCE7C422002038B590F97C
:105E10000D20437B002A014604DA03F07F0343731D
:105E200005F02CF90D4D2A46AB6852F8184F9442F4
:105E300000D004B9EC688B4207D05A7BD20604D15B
:105E4000DA897F2A01D9A2692AB1A34202D0204669
:105E500000F00EFB23466B6138BD00BFC42200205A
:105E6000B3F1FF3F08BFB2F1FF3F03D00249183042
:105E700000F084BB704700BF6BB1020070B590F9B1
:105E80000D20437B002A014604DA03F07F034373AD
:105E900005F0F4F84B7B1C4C63F07F0322464B73F8
:105EA00052F8183FE069934207D1C1E90020016030
:105EB000E16111E09842F8D01B68002BF5D091F910
:105EC0000E5093F90E60B542F4D0AE42F2DD586840
:105ED000C1E9003001605960A569A368954200D00E
:105EE00005B9E5688B4207D05A7BD20604D1DA891E
:105EF0007F2A01D9AA692AB1AB4202D0284600F014
:105F0000B7FA2B46636170BDC4220020F8B50E4B72
:105F10000C4611460D4A98681060DDE90667EFF3FC
:105F20001182202282F31288BFF36F8F9D6828466A
:105F300005F0B6F8284632463B46FFF791FF20466B
:105F4000BDE8F840FFF708BFC4220020EC22002083
:105F5000F8B50446EFF31187202383F31288BFF3CB
:105F60006F8F437B03F01F02002A0CBF012600261F
:105F700049B239D103F07F03437305F07FF82C4D0C
:105F8000437B817363F07F032A46437352F8183FC3
:105F9000934227D1E869C4E900200460EC610FE076
:105FA0009842F8D01B68002BF5D093F90EC06145DC
:105FB000F6D08C45F4DD5968C4E900310C605C60B2
:105FC000AC69944200D004B9EC68AB689C4202D042
:105FD000204600F04DFA6C6187F31188BFF36F8F94
:105FE0003046F8BDE869DEE79B071ED5856805F0F9
:105FF00045F881732B689D4209D16B68C4E9005351
:106000001C606C60E8E76A689342F6D01B68002B5E
:10601000F3D093F90E209142F5D08A42F3DD5A680D
:10602000C4E9003214605C60D6E78173D4E700BF36
:10603000C422002049B9EFF3058030B9054B5A69F5
:106040009B689A4201D0FFF787BE81F31188BFF3A6
:106050006F8F7047C4220020034648B9EFF30582D2
:1060600032B9064A51699268914201D0FFF774BE75
:1060700083F31188BFF36F8F704700BFC4220020E5
:10608000EFF31181202383F31288BFF36F8F054B49
:106090009A68D37B013BD37381F31188BFF36F8F71
:1060A000704700BFC422002070B5EFF31186202393
:1060B00083F31288BFF36F8F144DAB68DA7B013224
:1060C000DA732A4652F8184F944200D004B9EC68AB
:1060D0005A7BD20604D1DA897F2A01D9A2692AB172
:1060E000A34202D0204600F0C3F923466B6186F339
:1060F0001188BFF36F8FEFF31180202383F3128891
:10610000BFF36F8FBDE87040FFF7A6BFC422002029
:10611000024B03F11802C3E906227047C422002093
:1061200070B5EFF31186202383F31288BFF36F8FCE
:106130001B4CA168E0690B68814214BF1A4600221B
:1061400049680B605960A368E1692AB9154AC3E937
:1061500000210B60E3610CE093F90E0092F90E5000
:10616000A84218D0854216DD5168C3E900210B60B2
:106170005360A5690B4B9D4200D005B9E568A36843
:106180009D4202D0284600F073F965613046BDE8B3
:106190007040FFF7E1BD8A42D8D01268D5E700BF52
:1061A000C4220020DC220020F8B550EA0103064694
:1061B0000C4603D1FFF7B4FF0020F8BDEFF31187C1
:1061C000202383F31288BFF36F8F124D124BA86800
:1061D0001860FFF71BFEA8681049234632461830A6
:1061E00000F0CCF9AA68537B43F0040353730446D0
:1061F0003846FFF7B1FDAB68D3E90A23B3F1004F8E
:1062000008BF002AD8D105F052F8201A20EAE07021
:10621000D3E700BFC4220020EC2200206BB10200B3
:106220000C490D4A38B500244FF400458C462146F0
:10623000C0FB05C100236046EAF7DCFDC117FFF78C
:10624000B3FF054A47F6FF73C0FB0234DB0B43EA9A
:10625000444038BD3F420F0040420F0038B504466D
:10626000EFF31185202383F31288BFF36F8F437BF5
:106270005B070FD5183004F0F2FF637B23F00403B3
:1062800020466373FFF780FD29460548BDE8384086
:10629000FFF7D0BE85F31188BFF36F8F38BD00BF05
:1062A00069230020014B9868704700BFC42200207A
:1062B0002DE9F8430446077BEFF31185202383F390
:1062C0001288BFF36F8F437B190705D585F31188BB
:1062D000BFF36F8FBDE8F883D90943F008025DD1A1
:1062E0004273A36813B1204604F0D0FE04F11800F5
:1062F00004F0B5FFA66D04F15808B04511D04FF079
:10630000000976B1304604F0C1FE06F1180004F031
:10631000A6FFC6F87C903046FFF736FDA66DB04567
:10632000EFD1DFF8C080D8F808309C423ED1EFF3BF
:106330000589B9F1000918BF4FF00109D8F81860B4
:10634000294A964200D00EB9D8F80C60B34202D068
:10635000304600F08DF82046C8F8146001F06FFE5A
:10636000B9F1000F02D02148FFF7E6FCD8F8083059
:106370009C4231D1EFF3058373BB227BD20718D443
:106380002846FFF7E9FCFB07A4D5002383F3118817
:10639000BFF36F8F0423184602DF9BE703F07F03F0
:1063A00043F00803437304F069FE9AE74FF00009D5
:1063B000C4E785F31188BFF36F8F83F31188BFF3B0
:1063C0006F8F0423184602DFEFF31180202383F33D
:1063D0001288BFF36F8FD4E785F31188BFF36F8FF7
:1063E000D1E700BFC4220020DC220020100C0020D6
:1063F000D3B5DDE90667089CCDE90067FFF786FDA8
:106400001CB1034B9B681B69236002B0D0BD00BF69
:10641000C4220020044BC01A044BC0105843044B44
:1064200001221A54704700BF900C0020ABAAAAAA00
:1064300069230020C3897F2B12D80A4B1B6863B1E4
:10644000094B90F90E201B689A4209DB437BDB065F
:1064500006D1064BC31A18BF012303F00100704791
:106460000023FAE7D4030020F0220020700A002065
:1064700070B50E4B0E4C1E7C06EB460304EBC304BA
:106480000546204604F0EBFE0A4B002228469A55AA
:10649000FFF7D0FF48B1084B08491A68013A204677
:1064A000D317BDE8704000F069B870BDC422002069
:1064B000900C002069230020D40300201564020002
:1064C00038B5EFF31185202383F31288BFF36F8F64
:1064D000104B114A9C681068A04206D1FFF7C8FF14
:1064E00085F31188BFF36F8F38BD00211B7C1160CD
:1064F0000A4AD35C002BF3D02046FFF79BFF00280D
:10650000EED0637BDB0602D12046FFF7B7FC2046C6
:10651000E4E700BFC4220020EC2200206923002011
:10652000024B1868984208BF00207047D80300202B
:10653000034B1B680BB9FDF75DBC0020704700BF23
:10654000F422002030B570B10B4B5B6898420AD042
:10655000036843B1D3E90421D0E90445121941EBA2
:106560000501C3E90421D0E9003213605A60002319
:10657000C0E9003330BD00BFD8030020B3F1FF3FB6
:1065800008BFB2F1FF3F2DE9F84F04469946154682
:106590001F467AD08160EFF31188202383F312889D
:1065A000BFF36F8FB9F1000FDFF8E4A020DBFFF736
:1065B000BFFFDAE90027013549F100092D1849EB41
:1065C000E073C4E90453AD18064643EB07074FF0E8
:1065D0000109FFF7A5FFDFF8BCE0DEF804A00346E1
:1065E000EBB9C4E900EACAF80040CEF8044028E05C
:1065F000DAE900126FF001035B1A4FF0FF3161EB33
:1066000002025B1B62EB0902012B72F10001BCBFAD
:1066100001230022C0E904324FF00009D9E7D3E991
:10662000041CD4E904208A4270EB0C0B24DA891A8A
:106630005A686CEB0000C3E90410C4E9003214602E
:106640005C60FFF76DFF84420ED1134B1B685BB992
:10665000B9F1000F02D1FFF76BFF0646304604F098
:10666000E7FD0021FDF798FB88F31188BFF36F8FDA
:1066700028463946BDE8F88F521A60EB0C009A455F
:10668000C4E90420ADD01B68AAE700252F46EFE738
:10669000A80C0020D8030020F42200202DE9F047A8
:1066A000EFF31185202383F31288BFF36F8FDFF898
:1066B000A490DFF8A480C9F80000FFF731FF00269E
:1066C0000027D9F80030D8E900ECD91750B1D0E94B
:1066D0000442A34271EB020A1CDAE41A62EB0102E3
:1066E000C0E9044213EB0E034FF000044CEB010130
:1066F0002046C8E90031C9F8004004F099FD214660
:10670000FDF74AFB85F31188BFF36F8FBDE8F047B3
:10671000FFF7D6BE14EB0E024CEBE473C0E904673E
:10672000C8E90023FFF70EFF85F31188BFF36F8FD1
:1067300083689847EFF31185202383F31288BFF312
:106740006F8FD9F800301B1BC9F80030FFF7E8FE47
:10675000B7E700BFF4220020A80C002010B5EFF32B
:106760001184202383F31288BFF36F8FFFF7E0FEBD
:10677000054A0346D2E90001181841EBE37184F39E
:106780001188BFF36F8F10BDA80C002038B50346E9
:10679000EFF31185202282F31288BFF36F8FC1605F
:1067A000012181600068834206D185F31188BFF31F
:1067B0006F8F0024204638BDD0E9003213605A6044
:1067C0000023C0E9003304F0BEFD29460446024818
:1067D000FFF730FCEEE700BF6A2300202DE9F0410F
:1067E00005460E46174604F040FC28B9074B9B6847
:1067F0001C6F14B9BDE8F081054C3B463246294672
:106800002046BDE8F04104F000BE00BFC4220020D5
:1068100060040020014B0367704700BF6004002044
:106820000146024A0020FFF7D9BF00BFDF7C02000B
:10683000014801F096BA00BF5DD202000CB430B539
:106840008BB004460D462022002102A804F024FE4D
:1068500002238DF80A30002D0C4B0393069412DBB3
:1068600001D06B1E1C440FAA0E99079402A8019236
:1068700000F0AAF815B1069B00221A700BB0BDE813
:10688000304002B070470024EDE700BF43B802007B
:106890002DE9F04101260746B24201DCBDE8F08156
:1068A0003B461F4613F8014B002CF7D0252CF8D19E
:1068B0001C78252C07F10207F2D00023DFF80481B1
:1068C0009C461D461F2D18D8A4F1200EBEF1100FB6
:1068D00009D9A4F1300EBEF1090F1ED80A2404FB19
:1068E00003E3202504E028FA0EFE1EF0010F06D077
:1068F00017F8014B002CE5D128E07F2D1CD8A4F11E
:10690000300EBEF1090FE9D9242C10D1BCF1000FD3
:1069100046D0B34246D00023EAE724F0040EBEF18D
:106920002A0FF8D06C2C09D145F08005E0E724F05F
:10693000040EBEF12A0FEED06C2C22D06C2C1BD88A
:10694000682C23D06A2C28D04C2C26D0BCF1000F08
:10695000A4D0B445A0D144F02007A7F1650CBCF148
:10696000020F0B6801D9612F1ED1073323F00703F3
:1069700008330B6001368EE7742CB9D07A2CB7D06F
:10698000E4E72C0648BF45F40075CDE7EC0548BFA9
:1069900045F4007545F48075AAE745F42075A7E72E
:1069A0009C46B8E76324D6E7692C02D007D8632C4D
:1069B00003D02F0601D5AC05D7D40433D9E7732C07
:1069C000F6E700BF892801002DE9F04F95B0436834
:1069D0000393837880469807CDE9081217D50D9266
:1069E0000B4600251F78A7B1252F16D0013307933A
:1069F000039B414638469847002805F1010580F27F
:106A0000398498F8023043F0040388F802304FF0DC
:106A1000FF35284615B0BDE8F08F5F789A1C252F0A
:106A20000792E5D000242646A246A346BBF11F0FDD
:106A300032D8A7F12003102B0AD8DFE803F024098D
:106A4000092A0909091B0909092209270909190045
:106A5000A7F13003092B2DD92A2F39D154B90D9B19
:106A60001BF0400F53F8042B0D9329D0164601E07C
:106A70004BF0010B079B13F8017B0793002FD5D137
:106A80005BE04BF0020B4BF0040BF3E74BF0080B11
:106A9000F0E74BF0100BEDE7BBF17F0F3FD8A7F10C
:106AA0003003092BD8D81BF0400F03D00A2202FB79
:106AB0000636DFE70A2202FB0A3A4BF0200BD9E741
:106AC000B2F1000AF9DACAF1000A4BF0280BD1E75B
:106AD0002E2F05D11BF0400F9BD14BF0400BC9E787
:106AE000242F1CD1002C00F04281099B0D931BF038
:106AF000400F0AD1524608980DA9FFF7C9FE0D9B19
:106B00001A1DD3F800A00D92B4E7324608980DA9DB
:106B1000FFF7BEFE0D9B1A1D1E680D92AAE76C2F93
:106B200000F0128100F20981682F00F015816A2FB0
:106B300000F01A814C2F00F0178134B1099B08989E
:106B40000D9322460DA9FFF7A3FE002E47F0200962
:106B5000B8BF2BF0400BA9F16503BCBF1FFA8BFB3C
:106B60000026022B40F20881B9F1610F40F06782E4
:106B7000FF4307F0200306930D9B073323F0070321
:106B80001BF0400FD3E9000103F1080208BF4FF0EA
:106B9000FF36069B0D9200930EAA334604F0BDFD0E
:106BA0000130C3B2B3424BF4C054049301DB049BE5
:106BB0005E1E01230E9F0593A3464FF0700907F157
:106BC0000903122B0DD907F16303C62B40F20F8185
:106BD00007F2E73340F2CE72934294BF03230423BB
:106BE00005939DF83C2002F00C0312F0010240F0E6
:106BF00019811BF0020F40F012811BF0040400F019
:106C0000F880002B40F0118120231BF4405F1FD13E
:106C1000049A5032002E6A4408BF0126133A0499A0
:106C200021B112F8011D302900F036811BF0100F40
:106C3000049A18BF3246391DC0F23381B74280F240
:106C40003081BA424BF4005B40F32D817E1C961BD1
:106C50001BF400520A9200F0288127EAE7740134FD
:106C600003B10134002E00F02881721C1444A245A7
:106C7000CCBFAAEB040400241BF0090F04D12C4460
:106C8000A54240F01F81002443B118464146039BB2
:106C90009847002805F10105FFF6B3AE1BF4006F1D
:106CA00013D0039B4146302098470028FFF6A9AE39
:106CB000069BC3F178004146039B00F0F80098471B
:106CC000002805F10205FFF69CAE1BF0080F05D168
:106CD0002C44AC4240F00281254600240A9B002B44
:106CE00000F01C8127EAE77AA7EB0A077642049BAB
:106CF000BB4284BF0EABFB180AF1FF3A88BF58793C
:106D0000039B98BF3020564505F10109414600F329
:106D1000EF809847002807F10107FFF672AEBAF13D
:106D2000FF3F08D1039B41462E2098470028FFF6DD
:106D300068AE05F102094D46D9E7742F3FF49AAECB
:106D40007A2F3FF497AEF8E61BF0800F18BF4BF494
:106D5000007B4BF0800B8DE61BF4807F18BF4BF45B
:106D6000007B4BF4807B85E64BF4207B82E6264655
:106D7000B3465446B2467DE6FF4307F02003069330
:106D80000D9B073323F007031BF0400F03F10802AC
:106D900008BF0626B9F1650FD3E900010D9213D1A2
:106DA000731C0022DBB24BF4805B1446112BCDE93F
:106DB000002428BF11230EAA00F0FCFAC3B20493EA
:106DC00002230E9F0593FAE6B9F1660F05D14BF445
:106DD000005B344601221123E8E7F3B2012B4FF0A8
:106DE000000238BF012314464FF06509DEE7022395
:106DF000F6E6002B3FF409AFBAF1030F3BDC9DF838
:106E00003C30A64E13F0080FA54B08BF1E46374670
:106E1000B94617F8010BB0BBAE1BB1447BE033BBE6
:106E20002B23F2E62BBB2D23EFE62022BAF1040F31
:106E300013DD1BF0080FAAF104040FD12C44039BAF
:106E40000492414620209847002805F10105FFF6ED
:106E5000D8ADA542049AF2D19AB10024039B4146D1
:106E600010469847002805F10105C8DAC9E52B222C
:106E7000DCE72D22DAE71BF0080FAAF10304BED1EC
:106E8000DCE71446BBE7069BC01A4146039BC0B231
:106E900098470028BCDAB4E504990139C9B20491D5
:106EA000BDE6561ED4E60026D2E61BF4006F059A16
:106EB0000CBF032405241444D2E61BF0100F18BFA6
:106EC0000134D4E60B934146039B202098470028C9
:106ED0000B9B05F10105BFF6D3AE92E5039B41463E
:106EE00030209847002805F10105BFF6F2AE88E58D
:106EF00098470028FFF685AD1BF0100F0BD0BAF1B4
:106F0000FF3F08D105F1020941462E20039B984717
:106F10000028FFF676AD4D464C4433E29DF83D0027
:106F2000039B414698470028FFF66BAD002E69DDB4
:106F3000039B41462E2098470028FFF662AD4FF094
:106F4000010A049B9A45BBBF0EAB534430205879CD
:106F5000039B414698470028D346FFF652AD0AF1FD
:106F6000010A5645EDDA02355D44069BA9EB0300A4
:106F70004146039BC0B298470028FFF642AD002F60
:106F8000B4BF2D202B20039B4146B8BF7F429847BA
:106F90000028FFF636AD059B042B41D14FF47A79DA
:106FA000B7FBF9F606F13000039B4146C0B29847A3
:106FB000002805F10305FFF624AD09FB16774FF015
:106FC0006409B7FBF9F606F13000039B4146C0B2F5
:106FD0009847002805F10105FFF613AD09FB167768
:106FE0004FF00A09B7FBF9F606F13000039B414662
:106FF000C0B29847002805F10105FFF602AD09FB74
:10700000167715E01BF0100F01D10135ADE7039B9A
:1070100041462E209847002805F10205A5DAF0E444
:10702000059B032B05F10205C9D0059B012BD7D188
:1070300007F1300005F101094146C0B266E7A7F14A
:107040006303122B00F2FF80DFE813F013005700F8
:10705000FD00FD00FD00FD005700FD00FD00FD00EE
:10706000FD00FD001701F800FD00FD002C00FD00F3
:10707000B9000D9B1A1D1B680D928DF83830012444
:107080000EAF1BF0080F2ED03E19B946B1452CD1DA
:10709000EF1BB944AAEB04043DE700BF9FD20200F6
:1070A0009BD202000D9B1A1D0D921F68AB4B002F47
:1070B00008BF1F461BF0400F14BF31464FF0FF3191
:1070C000384604F001FA0446DBE7039B41462020E2
:1070D00098470028FFF695AC013EB442F5D35544DD
:1070E000AD1BB246D0E75646F7E719F8010B039BF4
:1070F000414698470028C9DA83E41BF0800F0D9BB6
:1071000035D01BF4007F2DD0073323F00703D3E9DC
:10711000000103F108020D922BF0100900291FFA5B
:1071200089F936DA404261EB410149F480690DF199
:10713000380B0A235A4604F0D3F919F0400FA0EB9C
:107140000B0B65D029F001025E4592B240F3B2808C
:10715000002F00F0A98019F010033446914626D084
:1071600002345CE01A1D18680D92C117D4E71A1D8D
:107170001BF4807F19680D9201D10846F5E71BF4D6
:10718000007F15BF48B208B241F3C01141F3C031CE
:10719000C2E750EA0103CAD11BF0400FC7D0002E4E
:1071A000C5D12BF0110B1FFA8BF93446B34640F2D0
:1071B000064319EA03031CBF013400232FE02BF020
:1071C000100B1FFA8BFB0A231BF080040D9A57D07B
:1071D0001BF400711DBF073222F0070202F1080103
:1071E000101D19BF0D91D2E900010D90106850EAF1
:1071F000010252D12BF016091BF0400F1FFA89F93A
:107200004FD0002E4DD12BF0170B1FFA8BF9B34640
:1072100019F0100352D0002F4ED10BF1010419F0D8
:10722000080F5ED119F0010F06D0A2456EDDAAEB62
:10723000040404EB0B06544622464DE04BF0100BC1
:1072400010237827C0E7B9F1780F04D1C7F178038C
:1072500043F01003B8E7039B4146252098470028D8
:10726000FFF6CFAB039B4146384698470028FFF610
:10727000C8AB0235079BFFF7B5BB08230027A3E780
:10728000111D0D911BF480711068B0D01BF40071BA
:107290001ABFC0B2214680B2A9E72BF0060B1FFA35
:1072A0008BF90DF1380B45E729F011091FFA89F91F
:1072B00034467CE79146ABE75C4651E75C4676E7AF
:1072C000CDE904234146039B202098470028FFF680
:1072D00098AB049A059B01329245F1DC2C1BA51852
:1072E0001446F3B1039B4146302098470028FFF62F
:1072F00088AB6FB90135A9462E44A6EB09035B455F
:1073000021DC5D460EAE5DBBD944C3E65E4693E725
:10731000023541463846039B98470028EBDAFFF7D1
:1073200070BB40F2064319EA030FE4D019F0020FD4
:1073300014BF2B20202019F4806F05F10105414670
:1073400018BF2D20E7E7039B4146302098470028CF
:1073500009F10109D1DAFFF754BB00BFA3D2020043
:10736000013D039B705D414698470028CBDAFFF74B
:1073700048BB039B414620209847002805F10105A2
:10738000FFF63FAB631B002BF3DC73E71FB502ABCB
:107390000093074A4FF0CC3304F085F9DDE9020190
:1073A000C00840EA4170C90805B05DF804FB00BFA1
:1073B000CDCCCCCC2DE9F04F9BB0044605920A46CB
:1073C0000A93C2F30A559DF890300B93D20FC1F384
:1073D00013030992090D7DB950EA03021BD1059AE6
:1073E00030235371099B156043F002031371012789
:1073F00038461BB0BDE8F08F40F2FF7295424AD18B
:107400000343099B059A14BF43F0080343F00403A8
:1074100013710027ECE700F0010208924FEA83089D
:107420000122AC4D48EA907887009A461646C5F18D
:10743000000B5846069200F011FAB5F1FF3FACBFC1
:107440008146A0F10109ABEB090B09EB0503584696
:10745000049300F009FA16A9A0F17D05584600F042
:1074600023FA12AB069A0193A9EB050510AB029221
:10747000009320462B4616AA514604F059F8B9F15C
:10748000010F04460D4600F2D280089B002B40F00D
:10749000C58001276BE043F4801A00F001024FEA37
:1074A0008A080343A5F23545089248EA90784FEAE6
:1074B000800749D140F2FE7319420CBF0126002615
:1074C000002D3246B3DB284600F0C2F9032DC8BFB9
:1074D0000138049000F0C8F9049B7C305D1B054422
:1074E00016A9184600F054FA12AB019310AB0093A2
:1074F00020462B46029616AA514604F019F8049B22
:10750000152B04460D4600F2868014AB724A009398
:1075100038464FF0CC33414604F0C5F8149B159A19
:107520009B0843EA827303EB8303BB42DDE9109AB5
:107530000CD13846414600F09FF9049B83428CBF32
:1075400000270127002612E00126B9E7089B002B3F
:1075500051D1013F48F1FF31B81B61F1000100F04A
:107560008BF9049B089F83428CBF002601260B9B4E
:10757000002B40F09180DDF828B04FF00008CDE9F5
:1075800006884FF00A0ADDE91001FFF7FFFE129BA3
:107590000E93CDE90C0118461399FFF7F7FE0C9BEB
:1075A0000D9A0F9198420B469341814680F08E8050
:1075B00020462946FFF7EAFE0E9A0AFB09F393429A
:1075C00014BF002606F001060C9B10930D9BCDE91D
:1075D00011390F9B1393079BB8F1000F14BF0027BD
:1075E00007F0010701330AFB10485FFA88F8079398
:1075F00004460D46C7E7B81C48F1000100F03CF90D
:10760000049B83428CBF00200120B9EB00006AF18B
:107610000002CDE9100200273E46A8E7109B119A10
:10762000013B42F1FF32CDE9103201278AE7B9F17F
:107630003E0FF0D84FF0FF33A9F1200003FA09F212
:1076400003FA00F0C9F1200123FA01F102430A43D1
:1076500003FA09F327EA030728EA020857EA0807AA
:107660000CBF012700276DE700FB02FCA1FB001205
:10767000013362448C4275EB020CF5D2049ADDF8BA
:1076800028B01344259A1344D20F9342B8BF13462F
:107690009B45A8BF9B4670E70A21002201230846AC
:1076A000E8E70AFB03F0A2FB0A23013103449442FA
:1076B00075EB0300F5D2594510DDBBF1000F02D187
:1076C00054EA05030AD00123069371E70A22002336
:1076D0000121ECE7CCFBFFFFCDCCCCCC002E2FD092
:1076E0004FF00A0A129B13990D931846FFF74EFEAE
:1076F0000D9B0C910AFB00F29A42814620D1DDE9F4
:107700001001FFF743FE0E900D9120462946FFF72A
:107710003DFE0D9B0E9A1092CDE911390C9B1393EF
:10772000079BB8F1000F14BF002707F001070133D2
:107730000AFB10485FFA88F8079304460D46D1E724
:10774000DDF81090079B9944002F5AD0B8F1050F2F
:1077500057D114F001034AD1069A32B9DDE9122358
:107760009D4208BF94425FD0069B18194FF00A044F
:1077700045F10001002201262546A04271EB0207D7
:1077800055D2EBB1B3451BDA0B9B6BB1259ADDF8F3
:1077900028B006EB09031344012BB8BF01239B4516
:1077A000A8BF9B465E450BDD05304FF00A024FF047
:1077B000000341F10001E9F71DFB09F10109013E58
:1077C0005E45A8BF5E4637B20FFA89F9059B09FAF4
:1077D00086F607F10508013E98444FF00009B945C7
:1077E0002CDB059B1A461E60099B137100E6069B65
:1077F0002BB9DDE912239D4208BF944209D0012331
:10780000B3E7069B53B9DDE912239D4208BF9442BA
:1078100004D1089B002BF2D1002EF0D0B8F1040F58
:1078200094BF00230123A0E74FF00408F1E705FB14
:1078300002F7A4FB054201363A449EE70A220023E0
:10784000E9F7D8FA303208F8012D09F10109C6E745
:10785000014B5843800C704741340100014B5843A1
:10786000000D7047FB2E0B00024B5843C00C01303B
:10787000704700BF4F9312000A4A70B503464FF09D
:10788000CC3600204FF0333506FB03F402FB0144F5
:10789000A3FB023121449D4275EB010401D3013069
:1078A000F2E770BDCDCCCCCC2DE9F04F1A23354E8C
:1078B000B0FBF3FA03FB1A0389B004460D4606EB4E
:1078C0000A1653B9D6E90023C1E90023D6E902011B
:1078D000C5E9020109B0BDE8F08F2B4A02EBC303F2
:1078E000D3E9008904AB0093D6E902234046494618
:1078F00003F0D9FE06AB0093D6E9002383460F467A
:107900004046494603F0CFFEDDE9066216EB0B0662
:1079100052EB07084FF0000328BF0123814633B123
:10792000049B059A013342F10002CDE9043220465E
:107930000391FFF799FF07461A2000FB0AF0FFF7B3
:1079400093FF3F1A3246434603990097484603F097
:10795000C5FE4FEA141C0D4A640004F01E0352F8E1
:107960002C40DC4004F00304241841F10001C5E977
:107970000041DDE9042300973046414603F0AEFEA6
:10798000A6E700BF68BE020098BD020048C802001A
:107990002DE9F04F1A27DFF8E4A000F11905B5FB37
:1079A000F7F56F433A1A4FEA051B89B004460E46B5
:1079B0000AEB05150AD1D5E90023C1E90023D5E971
:1079C0000201C6E9020109B0BDE8F08F2C4B03EBC0
:1079D000C203D3E9008904AB0093D5E902234046F2
:1079E000494603F060FE5AF80B206B68013ACDE976
:1079F000020106A963F1000300914046494603F0E5
:107A000052FEDDE906528A4602996D18039952EB3F
:107A100001084FF0000328BF0123814633B1049BC6
:107A2000059A013342F10002CDE904323846FFF7EE
:107A30001BFF07462046FFF717FF3F1A2A4643461B
:107A400000974846514603F049FE4FEA141C0D4A80
:107A5000640004F01E0352F82C40DC4004F00304E0
:107A60000134241841F10001C6E90041DDE9042395
:107A700000972846414603F031FEA2E738BF0200D6
:107A800098BD02009CC80200704700EBC10040880E
:107A900040087047F8B50346FFF7F7FFB0FA80F0EB
:107AA000C0F11F0003EB800CCA00DCF81060171D4A
:107AB0000C4606328DB256B9012101FA00F0D968A0
:107AC0000143D960CCF81040DD539D52F8BDF10060
:107AD0000431585AD85303EBC0009E52C5805D5202
:107AE000F4E710B500EBC104E388994202F1040108
:107AF0000AD1012303FA02F2C36823EA0203C36036
:107B0000002340F8213010BDA28840F8213000EB5E
:107B1000C20100EBC300CB808280F4E708B50346C6
:107B2000FFF7B3FFB0FA80F2C2F11F021846BDE8BA
:107B30000840FFF7D6BF2DE9F843B1FA81F5C5F14A
:107B40001F0900EB89080346D8F810200E46C2B181
:107B50000327D8F8104018462146FFF796FFB04299
:107B600006D34A461846FFF7BCFF2046BDE8F88317
:107B700003EBC404013FE088C8F8100001D0824242
:107B8000E7D1C5F120024FF0FF349440DA68144089
:107B9000EBD094FAA4F2B2FA82F2111D53F821400C
:107BA0002146DFE738B50346FFF76FFF0D46044671
:107BB00011461846FFF769FF03EBC5050444600052
:107BC00068801846FFF761FF014423F8314038BD53
:107BD00038B50346FFF759FF0C46A51A511A03EBB7
:107BE000C40405444800608003EBC2006C0044807C
:107BF00023F8321018461146FFF747FF014423F8D7
:107C0000315038BD38B50546FFF73FFF0C460144FB
:107C100005EBC1035B88DA070AD42846FFF77EFF2D
:107C200021462846FFF731FF22182846FFF7BAFF02
:107C300035F83410611A05EBC1035B88DB070CD4FF
:107C40002846FFF76BFF35F834102246611A2846A4
:107C5000FFF7A8FF35F83430E41A21462846BDE87E
:107C60003840FFF717BF61B100680439091A21F0E5
:107C700007030344C9085A8822F001025A80FFF71B
:107C8000C1BF704770B5056809B9002070BD01F02B
:107C900007030B33CC0804EBD304AB689C4228BF2A
:107CA0001C4621462846FFF746FF06460028ECD032
:107CB00001462846FFF7E9FEA04207D932192846B7
:107CC000FFF786FF11462846FFF7E4FE05EBC602E4
:107CD0001046538843F0010353800430D6E7114621
:107CE000FFF7D0BF043A2DE9F041CC1D114424F038
:107CF000070421F007010E1BF708B7FA87F2C2F15B
:107D00002405AD004FF000080735C2F12002ED0850
:107D100004604146A760C4F80C80920004F1100092
:107D200003F0BAFB6B0043F00103638004EBC50270
:107D30007B1B5900A4F800805180A21924F835500B
:107D4000A2F80280A35304EBC70329465A8842F0E5
:107D500001025A802046BDE8F041FFF79BBE00209B
:107D600070470FB407B504A951F8040B0191EBF764
:107D7000CDF803B05DF804EB04B070470FB407B55D
:107D800004A951F8040B0191EBF7C0F803B05DF8BA
:107D900004EB04B07047036800220BB91846704723
:107DA0008B4210D10B6842B942680360914200D106
:107DB000436000230B6001207047136043689942C1
:107DC00008BF4260F5E71A461B68E6E7038B13F02D
:107DD000070305D10368002B0CBF00200320704768
:107DE000022B05D1408BB0FA80F04009800070472B
:107DF000012B05D10368002B0CBF00200520704724
:107E00000020704710B50C4600B111B96FF0150095
:107E100010BD081D00F0D2F80028F9D1A368032B8B
:107E2000F6D9F3E72DE9F0410D4607461946281D1E
:107E300090461E4600F0D6F8044638B13346424616
:107E400029463846A446BDE8F0416047BDE8F081C8
:107E500010B4EFF31182202484F31288BFF36F8FE4
:107E6000416110BC0121EBF783B838B50C460546DB
:107E700058B151B10B6843B14B6833B11C2200219A
:107E800003F00AFB2C61002038BD6FF01500FBE702
:107E900070B505460E46FFF7B5FF041E14DBEFF381
:107EA0001182202383F31288BFF36F8F6B8B2C8B8F
:107EB0004FF6FF718B4204F0070407D182F311885B
:107EC000BFF36F8F6FF00A04204670BD022C0CD1F7
:107ED00001336B8382F31188BFF36F8F0023224637
:107EE00031462846FFF79EFFEEE7062C14D8DFE860
:107EF00004F004131313041A0400002333606B68A6
:107F00003BB9C5E90066ACB902212846EBF730F869
:107F1000DAE71E606E60F6E782F31188BFF36F8FB9
:107F20006FF00404D0E782F31188BFF36F8F6FF016
:107F30008504C9E782F31188BFF36F8FC4E710B5DA
:107F4000EFF31182202383F31288BFF36F8F048B2A
:107F500004F00704022C0AD0012C0CBF6FF00400BF
:107F60006FF0850082F31188BFF36F8F08E0438BB9
:107F7000013B9BB2438323B92146EAF7F9FF204630
:107F800010BD2046EEE738B5A8B1A1B1EFF31185D9
:107F9000202282F31288BFF36F8F048BFFF7FBFE62
:107FA00030B104F0070085F31188BFF36F8F38BD3F
:107FB0006FF07700F7E76FF01500F8E7034640B180
:107FC000426802F00302022A06D0032A04D0012AE2
:107FD00005D06FF0150070471A68002AF9D000200C
:107FE0009860704710B54268816002F00302022A6F
:107FF00003464FF0000407D0032A02D05C60002043
:1080000001E018685C6010BD18685C600028F6D05C
:10801000FEF7BCFBF3E7704703F03EBA03F014BA77
:1080200001460068EBF7E0B808B5EBF70DF9BDE8DD
:108030000840EBF72DB900210120EBF7D5B86FF020
:108040008500704761B662B680F31188BFF36F8F09
:10805000704772B6002383F31188BFF36F8FBFF3AD
:108060004F8F30BF62B6BFF36F8F704772B6002379
:1080700083F31188BFF36F8FBFF34F8F20BF80F35F
:108080001188BFF36F8F62B67047202809D9B0F10D
:10809000004F08D80138B0FA80F0C0F11F0040004E
:1080A0007047082070473E20704708B5EBF7B6FDD3
:1080B000002008BD7047002303824369C3607047F6
:1080C000416A8968EBF716BEEFF31182202383F330
:1080D0001288BFF36F8F00230B60436833B9C0E988
:1080E000001182F31188BFF36F8F704719604160F0
:1080F000F7E710B50346EFF31181202282F31288CF
:10810000BFF36F8F006828B15C6802681A60A042F4
:1081100008BF5A6081F31188BFF36F8F10BD027AD8
:10812000013202727047034618465B68002BFBD190
:108130007047426810B52AB10B461C465B68002B9D
:10814000FBD16260416010BD10B5044620B90B7AC6
:1081500001330B72084610BD034618465B68002BBE
:10816000FBD1FFF7E6FF2046F5E710B508B14B68F5
:1081700043604C68002308464B60EBF739FE20460D
:1081800010BD83680B440360704703680B6043684D
:108190004B6083688B6070478388026819448180D4
:1081A000D018704730B484880568A31883802819D4
:1081B00030BC03F049B910B5838802685C1C848028
:1081C000D154D01810BD034600689A88401A114453
:1081D0001860998070470268531E036083880133DA
:1081E000838002F8011C70478288521A03468280FD
:1081F0000068084418607047034600689A88521A5D
:1082000001449A801960704710B503681C780121F9
:10821000FFF7EAFF204610BD10B503681C88022155
:10822000FFF7E2FF204610BD02688068101A704711
:108230008388C2888168D21A03685B1AD01A704793
:1082400070B4034600681979DB8843F4202205697D
:10825000866813F0010F4FF001042B6804FA01F453
:1082600014BF2343A3432B60336870BC184710B579
:108270000C46017822788A428AB00FD06946EBF723
:1082800005FE05A92046EBF701FE10220DF11501B0
:108290000DF1010003F008F90AB010BD012A06D063
:1082A000022A07D072B940886388C01AF4E7406890
:1082B0006368FAE71022611C01300AB0BDE8104083
:1082C00003F0F2B86FF01500E6E7042A0AD0102A8E
:1082D0000DD0022A4FF0000315D103700B884380A4
:1082E00001207047012303700B684360F8E7022305
:1082F00000F8013B01F1100351F8042B40F8042B66
:108300009942F9D1ECE718467047012310B50621D0
:10831000044600F8013BF7F7B7FF18B9A37963F0FB
:108320003F03A37110BD0B6803608B8883808B793A
:108330008371037823F00203037070470078C0F361
:108340004000704738B50446807AEBF7A9FC6169B4
:10835000054649B1637ADB0704D4436A1B682046AB
:108360009B6898470023636121462846BDE8384052
:1083700002F07EBD2DE9F04101F10C080C460546E6
:1083800000F10C01404617461E46FFF7FEFE404630
:10839000FFF74AFF012310FA87F068826B722F8281
:1083A00039464046FFF720FFE3687360628A002386
:1083B000E3607281638234602846BDE8F08138B59D
:1083C000D1E90032DA600B684A895A820C460546C8
:1083D0000868EBF70DFD20461022002103F05CF841
:1083E0002846BDE83840FFF7ADBF438A23B9C068CF
:1083F000B0FA80F0400970470020704770470F289E
:1084000007D80D280BD8052808BF032018BF022065
:108410007047132803D01A2808BF0120F6E701206F
:10842000704710B50346BFF35B8F53E8000F40EA77
:10843000010243E80024002CF7D1BFF35B8F10BD8D
:1084400038B5C3681D78B3F8010065B90F21EDF7A1
:108450003BFA044638B12946EDF7A2F92046BDE8BB
:108460003840EDF757B938BD08B5C3680121B3F8F6
:108470000100EDF729FA18B1BDE80840EDF74AB957
:1084800008BD01210C30FFF7B7BE38B5C568012122
:10849000B5F80100EDF718FA044698B12B783BB90E
:1084A000D5F80330C0F89530D5F80730C0F89930CA
:1084B000201D4FF48031FFF7B4FF2046BDE838405F
:1084C000EDF728B938BD30B402EBC30304460846C3
:1084D0009A4201D130BC7047114611F8085BA542A1
:1084E00006D1018A53789942F4D330BC53681847B7
:1084F0000A46EDE7BFF35B8F50E8003F0B4040E8D2
:108500000032002AF8D1BFF35B8F704710B5ECF74B
:1085100097FE6FF480711030FFF7ECFF0020EBF74F
:108520005DFD044648B13C2343720021EDF738F964
:108530002046BDE81040EDF7EDB810BD2DE9F0473D
:10854000D0F80C8098F80020012303EB8203028A04
:10855000934241D9BDE8F08708EB86030F21B3F8B9
:108560000100B3F80370EDF7AFF9044628B100F14C
:10857000BC0947B92046EDF7CDF8013698F8003030
:108580009E42E9DBE6E76569002DF3D0A2692B681E
:108590006361954208BFA3612046EDF759F8FDF7E6
:1085A000B5F8C5F800A0236A9BB9C4E90755BFF325
:1085B0005B8F59E8003F013B49E80032002AF8D1BF
:1085C000BFF35B8F00212046013FEDF74DF8BFB2AE
:1085D000CFE71D602562EAE70026B246CEE773B515
:1085E000C5680121B5F80100EDF76EF904460028D1
:1085F0004ED02B781A2B00F1040619D1C378012B29
:108600002AD14FF480413046FFF70BFF42040FD4CC
:10861000D4F8883000936946D4F89030019320460E
:10862000EDF7CCFD204602B0BDE87040EDF772B822
:108630002B788BB9B5F80330A4F88630B5F805303F
:10864000A4F88C30B5F80730A4F88E306FF4805160
:108650003046FFF74FFF17E0BFF35B8F6368BFF350
:108660005B8FDB04F2D52B78202BEFD194F894307C
:10867000002BEBD0013B84F894304FF420320023E0
:1086800004F14000FDF7A6FA2046EDF7E5FAC9E748
:1086900002B070BD10B5ECF7D3FD6FF480710446E5
:1086A0001030FFF727FF2046BDE8104000F0F6B974
:1086B000C368DB78012B01D1FFF7ECBF7047C368BB
:1086C000DB78012B01D1FFF7E5BF704710B50388B8
:1086D0004288934219D8052B17D9B2F5486F14D8A0
:1086E0008388B3F5FA7F10D2C088A0F10A0189B25D
:1086F00040F67644A14208D801339BB25343B3EB12
:10870000800F34BF0120002010BD0020FCE70020B6
:1087100070470020704770B506460D464FF0FF3099
:108720004FF0FF31EBF748FE044660B103210C30F7
:10873000FFF732FD06808570214642F22100BDE838
:108740007040EBF77BBE70BD73B5C368D9789A787B
:108750001E8842EA0122ADF8002059791A7942EACE
:108760000122ADF80220D9799A7942EA0122ADF8C6
:1087700004201A7A5B7AB4B242EA0323012120462C
:10878000ADF80630EDF7A0F8054628B902212046DD
:10879000FFF7C1FF02B070BD6946EDF7ABFA38B91B
:1087A0001E212046FFF7B7FF2846ECF7B3FFF1E79D
:1087B0004FF0FF304FF0FF31EBF7FEFD044600288D
:1087C000F2D00E210C30FFF7E7FC00230680C0F842
:1087D0000A30BDF800304380BDF802308380BDF818
:1087E0000430C380BDF806300381214642F22000E8
:1087F000EBF724FED8E770B506460D464FF0FF3084
:108800004FF0FF31EBF7D8FD044668B103210C307F
:10881000FFF7C2FC0680857021460022BDE870404B
:1088200040F20640EBF7A6BE6FF0680070BDC0686E
:1088300003781BB13C2B03D1FFF768BEECF73CB9C2
:10884000704738B54FF0FF3105464FF0FF30EBF77A
:10885000B3FD044668B102210C30FFF79DFC2B8864
:10886000038021460022BDE8384042F21600EBF7B3
:1088700081BE6FF0680038BD08B500200021EBF71D
:1088800021FE18B1BDE80840EBF7D2BDBDE80840B5
:10889000EDF778B8033138B5C9B205460E20ECF7CC
:1088A00025FA032104460C30FFF776FC0123037000
:1088B000A0F80150204638BD70B505460E460F2081
:1088C0000421ECF713FA042104460C30FFF764FC92
:1088D0000122067042704580204670BD08B507220F
:1088E00002F0E2FDB0FA80F0400908BD00280CBF9C
:1088F00008460020704718B111B10846ECF736BAA7
:108900006FF01500704713B5044680B10621684624
:10891000F7F7BAFC48B99DF80530694603F03F0304
:1089200020468DF80530FFF7E6FF02B010BD6FF06E
:108930001500FAE7003818BF01207047034610F40D
:10894000004F0CBF07200620DA0348BF00F00500E7
:108950009B0348BF00F0FB007047BFF35B8F0068CC
:10896000BFF35B8F70472DE9F74F8A4601904FF0B8
:10897000FF314FF0FF30EBF71FFD0446002849D0D0
:1089800020210C30FFF708FC2022002180464FF008
:10899000000902F081FDDAF8007008F1010B4D4684
:1089A000DAF80420914509D3019888F80050002294
:1089B000214603B0BDE8F04FEBF7DCBD7A7897F8BD
:1089C00000C0A81C81181F2908D9BCF1090FC0F1EB
:1089D0001F0217D1002A15DD4FF0080CD6B2711C0A
:1089E0000BF80510691CC9B202360BF801C0796892
:1089F0005BFA80F02E4402F027FDF5B209F101097F
:108A00000837CDE72046EBF7F3F96FF0150003B018
:108A1000BDE8F08F6FF06800F9E7012303FA01F178
:108A20005AB1BFF35B8F50E8003F0B4340E8003280
:108A3000002AF8D1BFF35B8F7047C943BFF35B8F48
:108A400050E8003F0B4040E80032002AF2D0F7E740
:108A500070B5064686B00D464FF0FF304FF0FF313F
:108A6000EBF7AAFC0446B0B10C3095B10121FFF739
:108A7000A2FB06F1100203A9204600950823EBF79C
:108A800089FC0022214642F20A00EBF773FD06B092
:108A900070BD2946EBE76FF06800F8E7183002F088
:108AA000D1BAECF7F7BCD0F8B000003818BF0120FD
:108AB0007047084689691160C2691A60C27A00214C
:108AC000183002F0E9BC30B4827A072A034618D184
:108AD000BFF35B8F021D52E8001F41F4806442E83F
:108AE0000045002DF7D1BFF35B8F4A0509D4BFF3D2
:108AF0005B8F5B68BFF35B8FDB0302D430BCFFF797
:108B0000A0BE30BC70472438ECF772BD0368002269
:108B10000BB9184670478B4210D10B6842B94268B6
:108B20000360914200D1436000230B600120704735
:108B300013604368994208BF4260F5E71A461B6814
:108B4000E6E710B50446006918B1EBF751F90023C8
:108B5000236110BD70B516460D4601210446ECF7A1
:108B600083FD012E17D0022E17D1236913B12046A1
:108B7000FFF7E7FF256121690A8A012A37D9CB6807
:108B80001B8804339BB29A4231D328D92046BDE8D2
:108B90007040FFF7D6BF206918B92046FFF7D1FF14
:108BA00001E02E8A26B92846BDE87040EBF720B9CF
:108BB0000C30FFF73DFB864207D921690022204691
:108BC00000F0C0F900232361EDE720692A8AE968F3
:108BD0000C30FFF7E7FA2846EBF70AF9CBE700235A
:108BE000236120460122BDE8704000F0ABB970BDA2
:108BF00010B5BFF35B8FD0F8C430BFF35B8F00F1CB
:108C0000C4027BB1BFF35B8F591C52E8004F9C42FA
:108C100004D142E8001CBCF1000FF6D1BFF35B8F1A
:108C2000E7D110BD1846FCE710B5837A023B044635
:108C3000062B16D8DFE803F009041515150B0900FB
:108C4000417200212046ECF7ABFD002010BD0088EA
:108C5000FFF7D1FD0028F9D1A37A072BF5D1082120
:108C6000F0E76FF07F00F1E738B5037A8B420446F6
:108C7000154615D100F170010722284602F014FCB8
:108C800080B1E378072243B904F17E01284602F05F
:108C90000BFCB0FA80F0400938BD04F17701F5E72C
:108CA0000020F9E70120F7E708B5EDF789F810B1E2
:108CB000ECF730FD012008BD8378012B0CBF70302C
:108CC00000207047F8B507460D464FF0FF304FF0D3
:108CD000FF31EBF771FB0646D0B10E210C30FFF7E8
:108CE0005BFA0E220446002102F0D6FB3B8823806B
:108CF0002B8863806B88A380AB88E380EB8823811B
:108D000031460022BDE8F84042F21300EBF732BCD6
:108D10006FF06800F8BD704710B50446FDF7B0F974
:108D2000234653F8482BD2F8B01061B9A164D2F8A9
:108D3000B41061B9C2E92C33FDF7B6F92068BDE87B
:108D40001040ECF703BD8B42F6D00968EDE70B60ED
:108D5000C2F8B430F0E703682BB141681A680260CA
:108D60008B4208BF4260704770472DE9F843446B5F
:108D7000002C55D054F8085905B1083D002701E0F2
:108D80002C461D46D4E900682EB3FDF779F9D6F8D4
:108D9000B03004F14801002263B1994232D1A36C92
:108DA00042BBD6F8B420C6F8B030914201D1C6F823
:108DB000B430A764FDF778F904F1300900220023EC
:108DC0004846FCF771FC0646F8B9D8F804300BB1F8
:108DD000204698472760E3680BB120469847D8F8AB
:108DE00020300BB120469847D5B1AB68002BC7D0D7
:108DF000083BC5E71360D6F8B430994208BFC6F8FF
:108E0000B420D6E71A461B68C6E7B36923B1F169F7
:108E100020686FF06D0298473046EAF7E9FFCDE72A
:108E2000BDE8F883F8B50E46002107461546002335
:108E30004FF480320846EDF7E3F8044630B10421E0
:108E40000C30FFF7A9F90770467045802046F8BD41
:108E500038B50546006898B1807A072810D1087A9D
:108E6000012810D1C87A07280DD98A61CB6105F194
:108E7000300001F0F2FF2846FFF74EFF002038BD1A
:108E80006FF07F00FBE76FF01500F8E7406B30B143
:108E9000838B8B42A0F1080001D08068F7E7704710
:108EA00010B54AB989B2FFF7F1FF28B143689B6951
:108EB00013B1BDE81040184710BD38B50D46052167
:108EC000FFF7E4FF00231A462946FFF7C1FF0446D7
:108ED00010B12846EAF78CFF204638BD38B50B8A1A
:108EE000032B05460C4621D9042104F10C00FFF7A1
:108EF00083F9238A42889A4218D14178B1B1037824
:108F0000012B13D0132B11D0022201202D68FFF763
:108F100089FF044650B102210C30FFF73DF90023D0
:108F20000370437021462846FFF7C7FF002038BD75
:108F3000406B30B183898B42A0F1080001D080687A
:108F4000F7E7704738B50B8A032B05460C4604D863
:108F50002046BDE83840EAF74BBF042104F10C007D
:108F6000FFF74AF941882846FFF7E2FF0028EFD0D3
:108F7000436821465B699847EAE770470346006803
:108F800028B1596802681A60884208BF5A60704761
:108F90000346002003B970471A8A5B681044F9E75A
:108FA00010B5D4682378023113B92170012010BDA7
:108FB0008B42FBD0038A023B038200201061F6E75C
:108FC00073B51446014605464FF49572206800F0CB
:108FD00003FE207530B92068294600F0E7FE20B96D
:108FE00008232375002002B070BD237AB3B1A3F12A
:108FF0001802534253419B000193638A0093AE6869
:10900000238AE26820682946B047002808DB238AC3
:1090100083420CD1002323750120E4E70223EBE710
:1090200010F1FF0F03D34042C0B22075DAE70E20E3
:10903000FBE71FB5CDE90123002300931A46EEF7A5
:10904000EBFA05B05DF804FBF8B5936816680546C1
:109050000F46144663B9506801210C30FFF79CF8A5
:10906000A0602B681B78002B14BF02230123037020
:10907000A3681B78012B03D0022B1FD000201CE01B
:109080002B681B78002BF9D1606804210C30FFF7A6
:1090900083F8E06007802A68E36852885A80616834
:1090A000728D738B088A9A4294BFC0EB0200C0EBAA
:1090B0000300042894BF00200120F8BD2B681B7812
:1090C000022BDBD1606812210C30FFF765F8E060FD
:1090D00007802B68E268591C0232113351F8040BE7
:1090E00042F8040B9942F9D16168728D738B088A3A
:1090F0009A4294BFC0EB0200C0EB03001228D9E7EC
:109100002DE9F04F91B0166880460F46002542F6D3
:1091100001030068D6F804908DF82C500BA9144672
:10912000ADF82E30FFF7A3F8002800F089804FF447
:109130002053D8F800008DF82C500BA9ADF82E3034
:10914000FFF795F838B1A3681BB15A88BA4200D22C
:109150005F8001200EE061680846FFF719FF728BFF
:10916000738D9A4294BFC0EB0200C0EB030003284A
:1091700003D8002011B0BDE8F08F0846FEF7D3FFFA
:1091800005466068FFF704FF728D738B05F10C0BC9
:109190009A4294BFC0EB020AC0EB030A5846FFF79D
:1091A00047F8824544D26068FFF7F2FE728D738BF8
:1091B0009A4294BFC0EB0200C0EB030070B9636831
:1091C000987AEAF76DFD00220023FEF779FF054645
:1091D0000028CED001466068FEF7B6FF002300935A
:1091E000D8F80460102302AA41464846B047061E3C
:1091F00026DB227CE068B2421ED001460BA8FFF7B6
:1092000064F8E8B1F2B202A906A8FFF75EF8B8B1B7
:1092100006A90BA8FFF72BF890B90023637404216B
:1092200005F10C00FEF7B8FFA0600780A3688FE788
:109230005846FEF7FDFFC1E702A902F035F9EBE75A
:109240000023A36085E770B40568EA6A52B3136827
:1092500003B1A83BA2F1A8040022114600E0A83BFC
:10926000844207D0668D648BB14238BF3146A2423A
:1092700038BF22461C462BB1D3F8A830002BEED1C4
:109280008442EFD1438D408B8B4201D890420BD961
:10929000824238BF02469942286838BF194670BCDE
:1092A000EEF78EBC1146EDE770BC7047D0680378CE
:1092B000043113B90170012070478B42FBD09168D3
:1092C0000B8A0020043B0B82106170470368002268
:1092D00003B970478B420FD10B683AB942680360FB
:1092E000914200D1436000230B60704713604368D4
:1092F000994208BF4260F6E71A461B68E8E7BFF3E9
:109300005B8F50E8003F43F0080240E8002100294D
:10931000F7D1BFF35B8FC3F3C00070472DE9F04F67
:10932000044685B0104690469946FFF731FE638BA0
:10933000628D934228BF134683428B4640F293804E
:10934000636803934046FEF7EEFE4FF0000A0646C0
:109350004046FFF71DFE628B638D06F10C079A42B3
:1093600094BFC0EB0205C0EB03053846FEF760FF73
:10937000854217D24046FFF70BFE628B638D9A42FF
:1093800094BFC0EB0205C0EB03058DBB98F80A0043
:10939000EAF786FC00220023FEF792FE064630B96B
:1093A000574636E03846FEF743FF0546EDE70146EF
:1093B0004046FEF7C9FE4046FFF7EAFD628D638B2B
:1093C00006F10C079A4294BFC0EB0205C0EB0305FF
:1093D0003846FEF72DFF85421FD24046FFF7D8FDE5
:1093E000628D638B9A4294BFC0EB0205C0EB03050C
:1093F000F168328ACDF80090DBF8047003980A44D3
:10940000ABB25946B847071E0CDABAF1000F18BFC5
:109410005746384605B0BDE8F08F3846FEF708FFDE
:109420000546E5E70E9BB3B9394606F10C00FEF799
:10943000B3FE4046FFF7ACFD638D628B934228BFBD
:109440001346B9448342BA441FFA89F9A8D9AF42F6
:109450003FF47EAFA4E70F9A0E9B394630469847FB
:109460000028E1D19CE70027D3E72DE9F3411768F5
:10947000D7F804800023144613730146064695224C
:10948000404600F0A9FB0546207330B931464046FE
:1094900000F08AFC28B908232373002002B0BDE83D
:1094A000F081CDE900553146A388A2683846FFF720
:1094B00035FF002807DA10F1FF0F26BF4042C0B287
:1094C0000E202073E9E70120E8E72DE9F341176852
:1094D000D7F80480002314461373014606469522EC
:1094E000404600F079FB0546207330B931464046CE
:1094F00000F05AFC28B908232373002002B0BDE80D
:10950000F081A068798B7A8D038A914294BFC3EB76
:109510000103C3EB0203012BEFDD02210C30FEF748
:109520003BFECDE900558046A388A2683146384607
:10953000FFF7F4FE031E06DA13F1FF0F26BF5B42AE
:10954000DBB20E23D8E7A8F800300120D6E708B533
:10955000837A072B01D0002008BD0421FFF7E8FC27
:109560000028F8D0BFF35B8F036DBFF35B8FDB0781
:10957000F1D550F8040CEFE72DE9F0410446886876
:10958000FFF706FD638B628D934228BF134683422B
:109590000D461DD3A165D1F8088000278F60FCF728
:1095A0006FFD41462046EDF7A3F8064638B1C5F8F1
:1095B0000880A765FCF778FD3046BDE8F081618D35
:1095C000638B994228BF1946284600F0ECFBF1E76F
:1095D0006FF07906F0E738B5BFF35B8F0B68BFF328
:1095E0005B8FDB07054616D550F8040C98B16B6D00
:1095F0008BB90430FFF7C2FC044660B10146281F56
:10960000FFF7BAFF38B155F8043C5A6822609A68EF
:109610005C6002B99C6038BD2DE9F041C46A074620
:1096200034B354F8A86906B1A83E00231D4607F1DB
:10963000040801E034461646A26D92B905B983B913
:109640004046FFF79BFC054650B101462046FFF718
:1096500093FF68B17B682B60BB687D6003B9BD6018
:1096600023462EB1D6F8A820002AE3D0A83AE1E795
:10967000BDE8F08170B504460E460022002308467E
:10968000FCF712F8054658B101462046EDF730F8D0
:10969000044618B12946304601F0EAFB204670BD69
:1096A0006FF00104FAE7F8B50546071F00F1500313
:1096B00050F8044CBFF35B8F53E8001F21F0040106
:1096C00043E80012002AF7D1BFF35B8FFCB16B6D4A
:1096D00083B9636873B1201DFFF750FC064601464D
:1096E0003846FFF749FF90B163683360A36866604E
:1096F00003B9A66005F158013846FFF7BBFF30B14A
:1097000004F10C013846BDE8F840FFF7B3BFF8BDDF
:1097100038B504460D46ECF7EBFF30B1294604F1AD
:109720005C00BDE8384001F098BB38BD2DE9F04140
:10973000884617460121042205461E46ECF7A0FD87
:10974000044670B104210C30FEF726FD80F800803D
:10975000A0F80170C67021462846BDE8F041FFF729
:10976000D7BFBDE8F08130B50C4685B0054601F1A4
:109770000C00FEF751FD228A0292E268019200225B
:109780000346009211462846EDF7BCF805B030BDFF
:1097900030B50C4685B0054601F10C00FEF73CFDE6
:1097A000228A0292E268019200220346009212216C
:1097B00013222846EDF7A6F805B030BD07B5CA68F4
:1097C0001388528800920C210D22EDF7ABFA03B0FA
:1097D0005DF804FB07B5CB6800221B8800920A21C4
:1097E0000B22EDF79FFA03B05DF804FB2DE9F04181
:1097F000CB681F88BBB2162B05461BD90321ECF79B
:109800008FFD0646C0B102210C30FEF7C5FC0024D6
:109810004FF0170880F80080447031462846FFF763
:1098200077FF2846A5F81A806F85FFF70CFD2046C4
:10983000BDE8F0810420FBE70E20F9E770B50E4685
:109840001546FFF784FE78B1C36A6BB1184650F82D
:10985000A83903B1A83B691C428D448BA24228BFA2
:109860002246914202D93BB9002070BD2A463146BA
:10987000BDE87040ECF704BDD3F8A84004B1A83CA3
:1098800018462346E8E7EDF757BE0A8AC968002361
:10989000EDF75CBC30B5054689B055F8043B04468D
:1098A0001868FFF709FA6946ECF77EFD2846EDF7E0
:1098B00087FC60681321FFF7B7F909B030BD10B518
:1098C000044688B054F8783D1868FFF7F5F9694602
:1098D000ECF76AFD2046FFF7DDFF08B010BD70B55C
:1098E0000E46FFF734FE044628B93046EAF780FA00
:1098F0006FF07F0070BD00F10C052846314601F085
:10990000ACFAE06A38B150F8A84904B1A83C29463D
:10991000FFF7B0FE20B90020ECE71C466FF0010015
:10992000002CF8D0D4F8A83023B90230F5D0204666
:109930001C46ECE7A83BF8E738B505460C46FCF7B3
:109940009FFB2846FFF703FE20B9FCF7ADFB6FF045
:109950007F0038BD0023236083683BB9C0E9014420
:10996000FFF75AFEFCF7A0FB0020F2E71C608460C2
:10997000F6E710600020704710B5029CA36833B171
:10998000B1F5807F28BF0E21CAB221469847A37D3A
:10999000E268013BDBB2A37522B11BB92046BDE8EA
:1099A0001040104710BD106091800020704770B5C6
:1099B0000D46064611F8010BECF702FA044610B109
:1099C0002C89EBF7A7FE6B89A34207D0EB686C816B
:1099D00023B121463046BDE87040184770BD10B530
:1099E000144632B900F17001007AEDF769FC00B15C
:1099F000846010BD38B5BDF81040A24215460CD8A1
:109A00004CB16BB1A21A8A42A8BF0A4694B2224650
:109A1000591901F019FD204638BD6FF00600FBE72B
:109A20006FF00D00F8E71FB50C461946E3681C7887
:109A30001046BDF818203CB110240133069404B040
:109A4000BDE81040FFF7D6BF5B88ADF80E300223AB
:109A500000930DF10E03FFF7CDFF04B010BD2DE90B
:109A6000F04114461D46BDF81870EAF7DDFC0646C5
:109A7000E7F7E2F980B2069033463A462946204697
:109A8000BDE8F041FFF7B6BF30B585B014461D46BE
:109A9000FEF73DFE0223ADF80E000093BDF8202036
:109AA0000DF10E0329462046FFF7A4FF05B030BD97
:109AB00070B500F1700605463146007AFEF729FEC2
:109AC00004463146287A3CB1EDF7FAFB18B1002381
:109AD00003604360836070BDEDF7F2FB0028FAD0AD
:109AE000046044608460F6E7022A10B508D10023C0
:109AF00000F170011A46007AEDF708FC022010BD53
:109B0000FFF7D6FFFAE730B585B0C96814461D46A1
:109B1000EDF79CFC00B10089ADF80E000223009324
:109B2000BDF820200DF10E0329462046FFF762FF05
:109B300005B030BD13B5044610B9002002B010BD09
:109B400000238DF80430006842F6030301A9ADF844
:109B50000630FEF78CFB0028EFD1E36898880028D8
:109B6000ECD12046EDF728FD013080B2E6E770B574
:109B7000CC6888B008461E46A3798DF80C3015468F
:109B8000FFF7D8FFADF80D00246823786BB9638820
:109B9000ADF80F3005230093BDF8302003AB3146FC
:109BA0002846FFF727FF08B070BD631C0DF10F02B8
:109BB000113453F8041B42F8041BA342F9D11323B8
:109BC000E9E71FB5CDE90123002300931A46EDF71D
:109BD00023FD05B05DF804FB4B8A12F0010FC3F3BF
:109BE0000E0304D013F0950F10D0486870B112F036
:109BF000020F04D013F4957F0AD0896841B1134055
:109C000013F4DE7F14BF0520002070470220704748
:109C1000032070472DE9F041837A072B86B0054673
:109C20000C46174640F0848000238DF814302068DD
:109C300042F6030305A9ADF81630FEF718FB90B9FC
:109C40006668002E74D00090012304AA2146B04714
:109C500001286DD19DF8103013F0300F68D02046E8
:109C6000EDF734FD0446002320688DF8143005A973
:109C700042F60213ADF81630FEF7F9FA18B1204695
:109C8000EDF724FD0446002642F6021820688DF800
:109C9000086002A9ADF80A80FEF7E9FAF0B90023DE
:109CA00020688DF8143005A942F60213ADF816307D
:109CB000FEF7DDFA00283BD16668002E38D0009010
:109CC000022305AA21462846B047022830D1BDF814
:109CD00014301F4214BF012000202AE020688DF8B4
:109CE0000C6042F6030303A9ADF80E30FEF7BFFA8D
:109CF0000028D4D020688DF810604FF4205304A9B8
:109D0000ADF81230FEF7B3FA0028C8D020688DF8FD
:109D1000146042F6010305A9ADF81630FEF7A7FA64
:109D20000028BCD02046EDF7D1FC04460028ADD178
:109D3000002006B0BDE8F081F8B50F4651684B8AA7
:109D400003F094030646144613BB0122FFF762FF9B
:109D500008B3A2891B2102323046FFF76FFD05468A
:109D6000E0B1A1890C300231FEF716FA20F8027B2F
:109D7000A289A16801F068FBD4E9041228460123F6
:109D8000EDF78CFA29463046BDE8F840FFF7A7BD4D
:109D90004FF0FF30F8BD6FF01500FBE76FF00B00E0
:109DA000F8E7012070477047012070470120704795
:109DB0000021F8B54FF0FF324FF0FF33054608465B
:109DC000ECF71EF900F10C07044601213846FEF7B6
:109DD000E3F90526067001213846FEF7DDF9002378
:109DE00006701A4621462846FFF732F810B1204681
:109DF000E9F7FEFF0020F8BD6FF0850070470020F6
:109E000070470369C9B20C2201FB0233186C00F0E1
:109E10000700704770B5C9B20369EFF311852024BC
:109E200084F31288BFF36F8F0C2606FB0134246C79
:109E300014F0C00408D0A24206D085F31188BFF305
:109E40006F8F4FF0FF3070BD06FB013301221A64A3
:109E500085F31188BFF36F8F436803EBC1035B6821
:109E600098470020EFE78022FFF7D4BFF8B5069FA0
:109E70000469C9B2EFF31186202585F31288BFF378
:109E80006F8F0C2505FB0144256C05F0070CBCF118
:109E9000010F0CD1276486F31188BFF36F8FC4E9DB
:109EA0000E23436853F8313098470020F8BD05F081
:109EB000C005AF4286F31188BFF36F8F0CBF6FF000
:109EC00077004FF0FF30F1E713B580240094FFF7DF
:109ED000CDFF02B010BD10B40069CBB21C2403FB4F
:109EE0000400002110BC10470020FAF74DB90020F3
:109EF00000F01DBD1046FBF709BC43685B68D3F852
:109F000010350B600020704743685B6802EA01006F
:109F100021EA0201C3F80805C3F80C1500207047B8
:109F200043685B680020C3F80815704743685B68A6
:109F30000020C3F80C15704743685A68D2F80435FE
:109F400021EA03000B40C2F80805C2F80C350020D6
:109F5000704710B503695868F8B1884219D19C68F8
:109F600008685860A14200D19860002008602AB1BA
:109F70005A680A609A68596002B99960002010E036
:109F8000814206D10868206098688142EDD19C60CA
:109F9000EBE7044600680028F2D1002AE8D16FF010
:109FA000150010BD00F05FB8002201210320E9F781
:109FB00029BC002201210420E9F724BC38B504465D
:109FC000056901221146284600F060FF012205F1D3
:109FD0001800002100F05AFF2046BDE83840F9F78C
:109FE0005BB90069FBF7CCBB0069FBF78FBB13B50E
:109FF00001AA044600F040F8002805DB019B226816
:10A0000019791868F9F776F902B010BDCA074368E4
:10A0100005D4C1F34201012904D0022909D06FF00F
:10A02000150070471B684FF0CC72C3F82425002040
:10A0300070471B684FF0C862F7E710B5446800210D
:10A04000606AFFF7D4FF2046BDE81040FAF73CBE37
:10A0500010B544682046FAF747FE606A0121BDE862
:10A060001040FFF7C4BF10B54468FFF7F1FF20466A
:10A07000FAF76EFE002010BD30B543681360057A14
:10A08000446804EBC504A34202D36FF0010030BD65
:10A090005C798C4201D00833F0E70020F7E710B577
:10A0A0000469204600F00AFE0023636110BDF8B584
:10A0B00087687C6806469CB1436893F82630DB07C6
:10A0C0001DD405694FF0FF334FF0FF322846FBF7F0
:10A0D00023FA6B69002B05DC00242846FBF794FA71
:10A0E0002046F8BD013B6B61002BF5D17B68304603
:10A0F0009847041EBEBF6B6901336B61EDE7002416
:10A10000EEE7F0B4D0E901631B693BB177688F4299
:10A1100008DB3568954205DCF0BC18476FF0570046
:10A12000F0BC70476FF01500FAE7F0B4D0E90163B6
:10A130001B6A3BB137698F4208DBF568954205DC45
:10A14000F0BC18476FF05700F0BC70476FF0150077
:10A15000FAE770B4D0E90162956A03460C46A5B1EE
:10A1600096F8242012B92B4670BC1847306A024476
:10A1700010F8011BA14202D121461846F3E7904294
:10A18000F6D16FF0850070BC70476FF05700FAE7AA
:10A190002DE9F341D0E901470E4694F825100569F1
:10A1A000FF2980460FD194F82610C1F381010229BE
:10A1B00014D0D8F808301B6B003918BF01214BB9F7
:10A1C0006FF0570003E0FFF7C4FF0028EBDA02B09E
:10A1D000BDE8F081404698470028F8DBA268B2F15C
:10A1E000004F05D011464046FFF78BFF0028EEDBFD
:10A1F0006269B2F1004F05D011464046FFF795FF66
:10A200000028E4DB2368B3F1004F14D0D8F80830FD
:10A210005B69002BD4D001A9404698470028D6DBC3
:10A220002268019B9A421CDD11464046FFF769FFF8
:10A23000002805DACBE762686FF000439A42E5D167
:10A240009EB994F826309B0716D03B684046984745
:10A250000028BCDBA069F9F717F96B6901336B6162
:10A260000AE062689342EBDDDEE76B6901336B6104
:10A2700094F82630DA0601D40020A8E74046FFF71C
:10A2800016FFA4E7012303FA01F103691B681942D1
:10A2900018BF82F0010212B18368DB681847836837
:10A2A0001B69FBE708B54368986A38B193F82C102E
:10A2B0000122FFF7E7FF00EAE07008BD6FF08500BC
:10A2C000FBE743681868B0F1004018BF01207047F1
:10A2D0000346084631B95B681B68B3F1004F01D0F3
:10A2E000136070476FF015007047F7B54468054676
:10A2F000FFF7D5FEA06A00283AD000F041FC002804
:10A3000038D0E38DA06A94F82C1043F4003207692A
:10A31000D0F808C013F0010F4FF001063B6806FAB1
:10A3200001F614BF3343B3433B60DCF80030984779
:10A33000002821DBA06A94F82C400669836801A9F3
:10A340005B689847002809D016DB011E18BF012161
:10A35000284603B0BDE8F040FFF71ABF019B326802
:10A360005A400123A3401A4214BF01200020ECE709
:10A370000146EDE76FF0120003B0F0BD4368986A44
:10A3800020B193F82C100022FFF77CBF6FF08500FE
:10A390007047FBF745BF10B4406884686468A44602
:10A3A00010BC60471FB54229046920D10C2301AAC3
:10A3B0001946FFF7F0FF98B9BDF804302380BDF8C7
:10A3C00006306380BDF80830A380BDF80A30E38012
:10A3D000BDF80C302381BDF80E30638104B010BD90
:10A3E000002323806380A380E3802381F5E76FF05F
:10A3F0008500F3E710B440688468A468A44610BCE4
:10A40000604710B5FFF7F6FF044610B90298FFF752
:10A41000C0FF204610BD03297FB504461D463BD82A
:10A42000062A08D0072A09D0C2B9194604B0BDE8E7
:10A430007040E8F72DBA1A460021F7E701230DF125
:10A440000F0241210669FFF7A6FFF8B92B68082B18
:10A450001ED006DC022B07D0042B1BD06FF085002A
:10A4600014E0102BFAD1032033739DF80F3023F042
:10A47000030318434FF47A7300938DF80F00012300
:10A480000DF10F0241212046FFF7BBFF04B070BD64
:10A490000220E9E70120E7E704390329DED8062A8C
:10A4A00009D0072A0AD0002AD8D1194604B0BDE83D
:10A4B0007040E8F7B9BB1A460021F7E701230DF118
:10A4C0000F0243210669FFF766FF0028DED12B68E3
:10A4D000B3F5FA7F1CD005DC7D2B1BD0FA2BBDD148
:10A4E000032005E0B3F57A7F16D0B3F5FA6FB5D146
:10A4F00033829DF80F3023F0070318434FF47A732B
:10A5000000938DF80F0001230DF10F024321BAE7EC
:10A510000220EDE70420EBE70120E9E72DE9F04315
:10A52000054604694068836885B01B689847002821
:10A530001DDB40F60803A3814FF4FA660923A373D9
:10A540004FF4FA702682FFF724FF68688368DB689F
:10A55000984760B90146012302AA2846FFF71BFF6E
:10A5600028B99DF80830242B04D06FF0040005B002
:10A57000BDE8F083B6238DF809300DF109020123FF
:10A580007E212846FFF736FF0028F0D13046FFF73E
:10A5900000FF01230DF10B027C212846FFF7FBFE93
:10A5A0000028E4D19DF80B304FF47A7723F00103B3
:10A5B0008DF80B30009701230DF10B027C2128460A
:10A5C000FFF71FFF0028D2D18DF80A0001230DF1FB
:10A5D0000A0259212846FFF70DFF0028C7D1D5F8F8
:10A5E0000480044606468146D8F80C309B689C429D
:10A5F00026D33046002EBAD101230DF10A0259218B
:10A6000028468DF80A30FFF7F5FE0028AFD1012368
:10A6100003AA21212846FFF7BEFE0028A7D19DF8F6
:10A620000C3003F00F03012B8DF80C3026D00136CF
:10A6300042F21070F6B2FFF7ACFE102EE7D194E7AD
:10A6400063098DF80D300097022303AA5B21284689
:10A650008DF80C90FFF7D5FE46B25EB9D8F80C30F5
:10A660005A6800974FF4807322445E212846FFF712
:10A67000C8FE46B204F5807084B2B5E79DF80B20A1
:10A6800042F001028DF80B204FF47A7200927C2187
:10A690000DF10B022846FFF7B4FE68E70020704773
:10A6A00008B5006800F06CFA00280CBF6FF01200CB
:10A6B000002008BD30B589B004468DF807100DF1B3
:10A6C00007011D4602910121CDE9052503910722CD
:10A6D00000210068A3888DF810108DF81C209DF8CB
:10A6E0001C20816842F002028DF81C208C68022236
:10A6F00002A9A04709B030BD30B589B004468DF835
:10A7000007100DF107011D4602910121CDE9052534
:10A710000391022200210068A3888DF810108DF8A3
:10A720001C209DF81C10846811438DF81C10A4682F
:10A7300002A9A04709B030BD11F5805FF0B52AD05D
:10A74000B0F80F40002A08BF2246FBB190F9005034
:10A7500090F90760A303B3FBF2F3A3F580431FB2A4
:10A7600013FB03F3DA11037D90F91340DB017B4304
:10A7700004FB02335B1203F58013A03673431B13F3
:10A780005943E80000EB613000B2F0BD90F9015090
:10A7900090F90860DEE74FF00040F6E783689B68B9
:10A7A000184710B484686468A44610BC6047F7B5C5
:10A7B0000823046940686A464221FFF7F2FF002837
:10A7C0003ADBBDF80650BDF90010BDF90270BDF9C5
:10A7D0000460AD0801232A46C9102046FFF7ACFFEC
:10A7E000FF10A06200232A4639462046FFF7A4FF47
:10A7F000761016F5804FE0621BD0B4F90530B4F93D
:10A800001120B4F90B10F61AB4F90F30EB1A5343B8
:10A81000B4F80D206D006A439B1002F50042C3EBB3
:10A82000C63301EB224293FBF2F32363002003B013
:10A83000F0BD4FF00043F8E76FF00400F7E7F7B51D
:10A840000546144640681F460DF1070201230E46D7
:10A85000FFF7A7FF00280BDB9DF8073023EA04026F
:10A860003C402243934205D068683146FFF796FF8B
:10A8700003B0F0BD0020FBE70B4601224B21FFF7A0
:10A88000DEBF30B589B004468DF807100DF1070121
:10A890001D4602910121CDE90525039107220021E2
:10A8A0000068A3888DF810108DF81C209DF81C20DE
:10A8B000816842F002028DF81C208C68022202A9F5
:10A8C000A04709B030BD08B5006800F059F900286C
:10A8D0000CBF6FF01200002008BD1FB503468DF8B5
:10A8E0000120022200689B888DF80010CDF804D06A
:10A8F00002928DF80C209DF80C20816842F0020233
:10A900008DF80C208C68012201A9A04704B010BD6D
:10A9100000F150039B009BB203F1804303F58833A1
:10A9200000221A601B687047004700F00DB9F9F764
:10A93000A7BBF7B5019001A8DDE9084716461D46FB
:10A94000F9F7B4FC019BB6F1000C18BF4FF0010CF5
:10A9500000EB83000B1E18BF0123002D43EA4C03BC
:10A9600014BF4FF00C0C4FF0000C002C43EA0C030A
:10A9700014BF4FF4E06C4FF0000C002F43EA0C03BF
:10A98000D0F8002714BF4FF4403C4FF0000C43EACE
:10A990000C0322EA030301B109780EB13678760080
:10A9A00019430DB12D78AD0031430CB12478240248
:10A9B00029430FB13F783F040C433C43C0F80047A4
:10A9C00003B0F0BD1FB50DF10F03019300238DF807
:10A9D0000F1000931A461946FFF7ABFF05B05DF85C
:10A9E00004FB38B5054608460C46F9F7B1FCB0B192
:10A9F0000846F9F7A1FC90B90846F9F791FC2A68D6
:10AA000001238340C2F808332A6803B202EB8303B0
:10AA1000D3F8102522F00302C3F8102538BD2046D4
:10AA20000021BDE83840FFF7CDBFF9F717BDFFF7AC
:10AA3000D8BF91F820200346032A29D8DFE802F086
:10AA4000212519028A68500304D5D3F84C250869DA
:10AA5000904207D18A6852031AD4D3F84C258969E9
:10AA6000914215D000200622C3F80005C3F8002546
:10AA70007047D3F84C2508699042F3D1D3F83C25B0
:10AA8000EDE7D3F84C250969EAE7D3F83C25FAE766
:10AA90000120704738B5857B04465DB90068062300
:10AAA00003222946F9F7DEFF6068062303222946C0
:10AAB000F9F7D8FF012038BD30B5A2F58075AD0893
:10AAC0000124AC400C4207D0815829B100218150AB
:10AAD00082581A6822431A6030BD13B500230C4611
:10AAE00001934FF4A47201ABFFF7E6FF21464FF448
:10AAF0008272FFF7E1FF21464FF49272FFF7DCFF0D
:10AB000021464FF4A872FFF7D7FF21464FF4A672F3
:10AB1000FFF7D2FF21464FF4B072FFF7CDFF4FF49D
:10AB2000AE722146FFF7C8FF019802B010BD07B50D
:10AB3000019001A8FAF7F2FA019A01239340C0F8B4
:10AB4000083503B05DF804FB08B1E9F777B9704741
:10AB500010B5436904463BB90020E268537843F0DE
:10AB600001035370404210BD98470028F4D00028DC
:10AB7000B8BF4042E368FF28A8BFFF201870ECE789
:10AB800040B1C368587810F001001EBF1878B0FAC1
:10AB900080F040097047EFF31183202383F312887C
:10ABA000BFF36F8FFEE708B5FFF7F5FF10B400F1B4
:10ABB0000C04C0E9034410BCFDF794B838B5044652
:10ABC000EFF31185202383F31288BFF36F8FFDF716
:10ABD0004AF804F10C0000F0D4FA30B1294604F12F
:10ABE0001400BDE83840FBF725BA85F31188BFF3A0
:10ABF0006F8F38BD4169826842EA010313F0030395
:10AC00000FD1C3600369013B03FB0122002B01DA72
:10AC100000207047C16811604169C260013B521A4F
:10AC2000F4E76FF0150070472DE9F04105460F4637
:10AC3000EFF31188202383F31288BFF36F8FC66868
:10AC4000F6B90468A0421BD0D4B1D4E90032136035
:10AC50005A60637BA66023F002036373C4E9006655
:10AC600004F1180000F0FBFA2046E667276100F0C7
:10AC70003FFA414605F10800BDE8F041FBF7DAB9BB
:10AC80003E60AB69EF60013BAB6188F31188BFF3B5
:10AC90006F8FBDE8F08108B52024EFF3118384F3B2
:10ACA0001288BFF36F8FFDF7D4F9F6E790F90E30F5
:10ACB0008B4201D0FBF74CB90020704703460020BF
:10ACC000C3E90200C3E900337047D0E900321360E2
:10ACD0005A60427B002322F00202C0E90033427333
:10ACE000836070472DE9F843914604469DF8202083
:10ACF0000D4600F10807EFF31186202181F3128839
:10AD0000BFF36F8F02B14568D4F80880474518D06B
:10AD1000B8F1000F15D04046FFF7D7FF08F1180033
:10AD200000F09DFA0023C8F87C30C8F81090404627
:10AD300000F0DEF938463146FBF77CF90020BDE82B
:10AD4000F883A3B10820FBF76BFD002838D001225F
:10AD5000C0F804900260016801F003015DB9226847
:10AD60000A430260626820606AB960600BE0C9F85B
:10AD700000304846EFE72A68032A16D80160616868
:10AD800069B9C4E90000042104F1100000F01EFBC1
:10AD90000028CFD186F31188BFF36F8FCFE70A6801
:10ADA00002F0030202430A60DFE722F003020A43D3
:10ADB00002602A6802F0030240EA02032B60E2E725
:10ADC0006FF00B00E6E710B5044630B10268930758
:10ADD00003D0446809B100F030FB204610BD0023C9
:10ADE000C0E9003300F10803C0E9023300F11003A9
:10ADF000C0E904337047F8B500F10806EFF3118796
:10AE0000202383F31288BFF36F8F8568AE4200F171
:10AE1000100417D0B5B12846FFF757FF05F1180009
:10AE200000F01DFA00232846EB672B6100F060F963
:10AE30000821204600F0CAFA39463046BDE8F840FD
:10AE4000FBF7F8B80821204600F0C0FA0028F3D13B
:10AE500087F31188BFF36F8FF8BD07B50123009307
:10AE600000230A461946FFF73DFF03B05DF804FBD7
:10AE700007B500230A4600931946FFF733FF03B0D6
:10AE80005DF804FB00680021FFF79DBF5AB18A42BC
:10AE900009D300F11003C0E90212C0E90000C0E9C3
:10AEA0000433002070476FF01500704702680123DB
:10AEB0008B4022EA0303036022FA01F000F0010054
:10AEC0007047704710B5032104460C30FFF7EEFFC2
:10AED00030B104F1100000F0C2F9B0FA80F040097E
:10AEE00010BD20B1002211468C3000F07FB97047B0
:10AEF00070B5C368C3F340069B07044616D4856843
:10AF000002210C30FFF7D2FF80B1D5F884206AB15E
:10AF100094421DD122689EB9D5F88830C5F88420A6
:10AF20009C4201D1C5F8882000232360E36813F018
:10AF30001F001EBF43F00203E36040F0020070BD3B
:10AF40003260D5F88820944208BFC5F88860EBE7E6
:10AF500016461268DBE773B50446EFF3118520232C
:10AF600083F31288BFF36F8F0023A0F11006032133
:10AF700004380193FFF79AFF28B1A369019301A94F
:10AF80003046FAF71FFD85F31188BFF36F8F02B0CB
:10AF900070BD38B504460D461022002100F07CFA41
:10AFA000656038BD13B501900846EFF31184202386
:10AFB00083F31288BFF36F8F01A9FAF703FD84F3BF
:10AFC0001188BFF36F8F02B010BD10B5FFF7EAFF15
:10AFD000041E08DDEFF31180202383F31288BFF3F2
:10AFE0006F8FFBF739F8204610BD70B50D46EFF3B3
:10AFF0001186202383F31288BFF36F8FFAF73EFD8B
:10B00000044686F31188BFF36F8F38B14FF0FF32DB
:10B010004FF0FF3305F11000FAF7B2FB204670BD88
:10B0200008B5A022002100F037FA08BD38B530225B
:10B0300004460D46002100F02FFA4FF4807365603E
:10B04000E36038BD38B50446EFF31185202383F360
:10B050001288BFF36F8FFFF735FF2046FFF748FFD9
:10B0600085F31188BFF36F8F38BDEFF3058000388B
:10B0700018BF012070476FF057007047D0E90032C9
:10B0800013605A600023C0E90033704708B5FFF72A
:10B09000F5FF437B23F0020343730023836008BD65
:10B0A00038B504460D46FAF7B1FE637B43F0020360
:10B0B0006373E5B1A5602B689D4209D16B68C4E953
:10B0C00000531C606C6012E06A689A42F6D01B68FC
:10B0D000002BF3D094F90E2093F90E108A42F3D08E
:10B0E0009142F1DD5A68C4E9003214605C6038BDF9
:10B0F00010B5EFF31184202383F31288BFF36F8F11
:10B10000FAF742FE84F31188BFF36F8F10BD08B5C4
:10B11000EFF31181202282F31288BFF36F8F8368CF
:10B120000BB1FFF7B3FF81F31188BFF36F8F08BD39
:10B1300010B50146EFF31184202383F31288BFF387
:10B140006F8F437B13F0280F0AD183680BB1FFF791
:10B150009DFF4B7B23F004034B730846FAF714FE64
:10B1600084F31188BFF36F8F10BD01211838FFF7EA
:10B17000DFBF10B5FFF7CBFFBDE81040183000F07F
:10B180006EB838B504680546AC424FF0000000D1F7
:10B1900038BD002CFCD02046FFF7EBFF2046FFF720
:10B1A000A7FF2C680120A542F1E770B505460E46C1
:10B1B000FAF7FAFFB6F1FF3F08BFB5F1FF3F0446CB
:10B1C000284612D04FF47A7147F6FF730022C4FB71
:10B1D0000132D80B40EA4240B0F1004F4FEAD23280
:10B1E00072F1000228BF6FF0004070BD38B5EFF378
:10B1F0001185202383F31288BFF36F8F0468A04268
:10B2000012D09CB1E16722612046FFF73FFF04F1B5
:10B21000180000F024F82046FAF7B6FD012085F367
:10B220001188BFF36F8F38BD0020F8E72046F6E79E
:10B2300008B50246FBF774F970B1D0E904319B1AE6
:10B2400061EBE272B3F1004F72F1000104DA002AFF
:10B25000ACBF1846002008BD6FF00040FBE738B5D2
:10B260000246EFF31185202383F31288BFF36F8F1B
:10B270000368CBB1FBF754F904461046FBF762F9BB
:10B2800000224FF000438442C0E9042306D1FBF7BB
:10B290004FF9FFF7CDFF0021F8F77EFD002085F381
:10B2A0001188BFF36F8F38BD6FF01500F7E708B551
:10B2B000FBF754FA08BDFBF751BAB3F1FF3F08BFE3
:10B2C000B2F1FF3F70B506461D46144614D01A432E
:10B2D00016D0002B08DBFBF741FA041941EB0501FE
:10B2E000C6E90041304670BD6FF001031C1B4FF0F2
:10B2F000FF3363EB0501F3E74FF0FF342146EFE73F
:10B300000024FBE7B3F1FF3F08BFB2F1FF3FF8B500
:10B31000074616461C4610D054EA020311D0FBF72C
:10B320001DFAB0420A46A14103460AD2F31A64EB61
:10B330000204C7E900343846F8BD4FF0FF331C461D
:10B34000F7E70023FBE72DE9F041846805460E4648
:10B35000D4B16378012B22D114F8533C9A0711D54C
:10B36000A4F160073846FFF704FF082E0CBF6FF00A
:10B3700003030023E36114F8533CDB0602D1384693
:10B38000FFF7B6FE00232370EB68C3F38632164343
:10B39000002066F39433A860EB60BDE8F081022BD7
:10B3A000F0D12378002BEDD054F8048CB8F1000FC5
:10B3B000E8D004F11400FFF752FFA4F114070023B2
:10B3C000E36239464046FFF7EDFDDBE738B5EFF3C2
:10B3D0001185202383F31288BFF36F8F0468A04286
:10B3E00011D0D4E9003213605A600023C4E900335D
:10B3F0002046FFF7A8FF85F31188BFF36F8F201E4B
:10B4000018BF012038BD0024F5E7043270B50446AA
:10B410000ED2EFF31185202686F31288BFF36F8FCB
:10B4200041F00401984785F31188BFF36F8F08B985
:10B43000002070BD40F8044BFBE720B1011F50F81D
:10B44000040CFFF7BBBB70470A44914200F1FF3385
:10B4500000D1704710B511F8014B03F8014F91422C
:10B46000F9D110BD884210B501EB020402D9844223
:10B47000234607D8431EA14208D011F8012B03F838
:10B48000012FF8E7024401468A4200D110BD13F8AB
:10B49000014D02F8014DF7E702440346934200D103
:10B4A000704703F8011BF9E710B5013902449042D7
:10B4B00001D1002005E0037811F8014FA34201D02B
:10B4C000181B10BD0130F2E710B5024601448A4254
:10B4D000134603D01C780132002CF8D1181A10BD85
:10B4E0002DE9F047C3F13709074688465FFA89F925
:10B4F00003F01F0516464FF0000A384641462A461B
:10B500005346E5F777FCD4B2092C88BF4C443A4641
:10B51000434688BFE4B2AA4204F1300473EB0A0345
:10B5200006F8014B07468846E7D23046BDE8F0876B
:10B530002DE9F04F87B00618994602AB41EB0104A4
:10B54000009315463046D2E900232146DDF844B089
:10B5500000F0A9F804AB0093D5E90223074688461A
:10B560003046214600F09FF8DDE90263841951EB73
:10B570000306049BD5E900014FF0000228BF012219
:10B58000D218059B43F10003381848EB0101B8427B
:10B5900071EB0801D5E902C134BF0120002014EB92
:10B5A0000C0C46EB010110EB0C0041F10001A04234
:10B5B00071EB060C34BF4FF0010C4FF0000CCDE9DD
:10B5C0000423A9F1410A1CEB020243F10003CDF868
:10B5D00000A000F083F8109BC3E90001129B012B2F
:10B5E000DDE9042329D1D5E90201D5E900C5201AF6
:10B5F00066EB0101674578EB050534BF01250025A1
:10B60000401B61F10001844276EB010534BF012546
:10B610000025521BCDF800A063F1000300F05EF896
:10B62000DDE90423CBE90001CDF800A02046314636
:10B6300000F054F807B0BDE8F08F17EB070E48EBA9
:10B64000080C201946EB0601BE457CEB080834BF08
:10B6500001270027C71941F10008D5E900018645F7
:10B660007CEB010CD5E9021534BF01200020381A0B
:10B6700068F1000C401A6CEB050192185B41A7427F
:10B6800078EB060534BF01250025521943F100036C
:10B69000874278EB010834BF01250025521BA9F130
:10B6A00040050095B8E7F0B50F460446A0FB02013F
:10B6B000A7FB02524919A3FB044542F10002A7FB74
:10B6C0000373611845F10004D219059E43F100038C
:10B6D000121943F10003C6E90023F0BDF0B5059C43
:10B6E000C4F14007C4F1200602FA06F6A4F12005D1
:10B6F000BB4022FA05F53343C4F120062B4301FA7F
:10B7000006F6A4F12005E04021FA05F53043BA40E1
:10B710002843E14010431943F0BD2DE9F0410446B0
:10B72000CD0FC1F30A50C1F3130154EA010715719B
:10B7300040F2FF7607D0B0420CD145F008051571F4
:10B740000020BDE8F081002863D0B0425ED145F012
:10B750000405F4E7002859D10120A0F2FF30002BA6
:10B76000106059DB0C2B59DCC3F10D05AD00012035
:10B7700005F1FF3CA5F12107C5F1210620FA06F6E7
:10B7800000FA07F700FA0CF03743061847EB0708F2
:10B79000D6F1000E68EB480C013E48F1FF38264018
:10B7A00008EA0108B04277EB08080FDBC5F1200872
:10B7B000B5F1200601FA08F824FA05F545EA08056E
:10B7C0005CBF41FA06F63543ED0703D52018044661
:10B7D00041EB070104EA0E0401EA0C019DF8186030
:10B7E000123218460D25C6F127064FF0300E04F030
:10B7F0000F03240944EA017405F1FF3C0911571EA7
:10B80000B3B9A8420CDA65463A46F0E741F4801134
:10B81000A3E704460146A2E70023DFE70D23DDE7A7
:10B8200082F800E01CF1010365463A46DFD188E763
:10B83000092BC8BF9B193033A8421370B8BF2846E4
:10B84000F0E7D1E9043293421EBF5A1C0A61187016
:10B85000704700000148006870470000B00C0020ED
:08B86000E855FE7F0100000025
:10B868002D3E0100000000000000000008B90200A1
:10B878007554020000000000995402000000000006
:10B888000000000048B902000000000028B90200CA
:10B898000000000068B902000000000088B902003A
:10B8A800352A020000000000353C020000000000BC
:10B8B800453C0100000000004D5802000000000057
:10B8C80000000000E8B9020000000000C8B902004A
:10B8D80000000000A8B90200513E0100000000006D
:10B8E8000000000008BA02000000000068BA020068
:10B8F8000000000028BA02000000000048BA020058
:10B9080045D0020038C60200ACBC0200F603002095
:10B918002420002021270200000000000000000071
:10B9280064D0020048C6020010BC0200FA030020DE
:10B93800CC200020952E020000000000000000002E
:10B9480072D0020060C6020010BC0200FC03002096
:10B95800D8200020952E0200000000000000000002
:10B9680054D002000000000008BC0200F8030020C8
:10B9780078200020492C0200000000000000000090
:10B988001DD20200ECC7020004BD02000A04002018
:10B99800C803002029380200000000000000000051
:10B9A800C0C3020000000000A0BC0200F403002095
:10B9B800FC1700200000000000000000000000004C
:10B9C80080D0020078C6020034BC0200FE030020CA
:10B9D800E4200020BD9F0200A59F02000000000097
:10B9E8008DD00200D4C6020034BC0200000400203E
:10B9F80018210020BD9F0200A59F02000000000042
:10BA0800A2D0020030C70200C8BC02000204002015
:10BA18004C210020EBA20200000000000000000002
:10BA2800AAD0020060C702004CBC02000404002037
:10BA3800122300201DA502000000000000000000E5
:10BA480005D2020094C7020068BC02000604002068
:10BA580064210020453502000000000000000000BD
:10BA68000FD202000000000084BC0200080400207D
:10BA78009821002039370200000000000000000073
:10BA88003142020029A902000000000037800200AC
:10BA98000000000037800200FD50020029A90200C2
:10BAA8000D51020029A902000000000037800200A1
:10BAB800B548020029A902000000000037800200F2
:10BAC80000000000378002000000000037800200FC
:10BAD800000000003780020000000000A9020200F8
:10BAE80068BA0200A936020078200020B92C0200AA
:10BAF800000000001D260200000000003780020040
:10BB0800000000003780020000000000C53C020071
:10BB180000000000378002000000000037800200AB
:10BB2800000000003780020000000000378002009B
:10BB3800000000003780020000000000378002008B
:10BB480000000000D9020200000000003780020057
:10BB5800000000003780020000000000378002006B
:10BB6800000000003780020000000000378002005B
:10BB7800000000003780020000000000378002004B
:10BB8800000000003780020000000000378002003B
:10BB9800000000003780020000000000378002002B
:10BBA800000000003780020000000000378002001B
:10BBB800000000003780020000000000378002000B
:10BBC80000000000378002000000000037800200FB
:10BBD80000000000378002000000000037800200EB
:10BBE80000000000378002000000000037800200DB
:10BBF80000000000378002000000000037800200CB
:08BC0800F12B0200492B0200A0
:10BC1000DD2E0200FB9E0200099F0200219F020010
:10BC20002D9F0200399F02002D2D0200539F02001C
:04BC30000000000010
:10BC34000DA0020000000000A1300200000000007E
:08BC440000000000ED310200D8
:10BC4C0017A402000000000000000000A5A30200E1
:10BC5C00A926010000000000000000000000000008
:10BC6C000000000000000000AFA70200B534020085
:10BC7C0000000000000000000000000000000000B8
:10BC8C0000000000C13602007D36020000000000FA
:04BC9C0000000000A4
:0CBCA00015A6010005A401007DA3010011
:10BCAC0079270200679E0200C99E02000000000076
:0CBCBC00039E02000000000000000000D9
:10BCC800A5A202007DA30200C3A20200D1A2020025
:10BCD800000000000000000000000000000000005C
:10BCE800000000000000000000000000000000004C
:0CBCF80000000000000000000000000040
:0CBD040079370200AD3702009D370200C5
:10BD100005000000E55F010006000000FD7B01005A
:08BD200004000000216601008F
:10BD2800DD2E0100C52E010000000000000000000B
:08BD3800000000000000000003
:10BD4000A0C2020004000000F0C2020007000000D0
:08BD500040C0020004000000E5
:10BD60000000000003000000300000006000000040
:10BD700000000000000106020100000000010201B5
:10BD8000040404041800280000002A000000000039
:10BD90000338FDD8704700000100000000000000DB
:10BDA0000500000000000000190000000000000075
:10BDB0007D00000000000000710200000000000093
:10BDC000350C000000000000093D000000000000EC
:10BDD0002D31010000000000E1F505000000000029
:10BDE00065CD1D0000000000F90295000000000074
:10BDF000DD0EE90200000000514A8D0E0000000037
:10BE00009573C24800000000E941CC6B01000000BE
:10BE10008D49FD1A07000000C16FF2862300000063
:10BE2000C52EBCA2B1000000D9E9AC2D78030000FA
:10BE30003D9160E45811000031D6E275BC56000017
:10BE4000F52E6E4DAEB10100C9EA26836778080071
:10BE5000ED95C28F055A2A00A1EDCCCE1BC2D300AE
:10BE600025A4000A8BCA2204000000000000000084
:10BE700000000000000000100000000000000000B2
:10BE8000B9340332B7F4AD1410DB1AB30892540E70
:10BE90000D307D951447BA1A66088F4D26ADC66DD4
:10BEA000F598BF85E2B74511CA96853D92BD1DEB59
:10BEB000FCA11860DCEF52163C92AE220BB8C1B464
:10BEC000839D2D5B0562DA1C304C7E8F4E8BB25BFE
:10BED00016F4529F8B56A512FBD4827643ED8AF05E
:10BEE0008FE7F9311565191850F19BD94A13EEB453
:10BEF000284CF0A686C1251F035FC270CB9E491651
:10BF0000E642889C44EB2014B0650836AD6EA585EA
:10BF100085F0CA14E2FD031A0B899979D5B13D0960
:10BF2000D8DA973A35EBCF10AC363F5E73BB38CFDB
:10BF30003E6752FA44AFBA1501000000000000004D
:10BF40000000000000000020345065C05FC9A65208
:10BF5000BB13CBAEC440C21806C8DF7100D5A87CA5
:10BF6000F56F0FDA58FC27136E4756357D24206590
:10BF700002C7E768E48CA41DE9E60268D7CD396101
:10BF80007977FCC2405BEF16798CDE43FFA751F94D
:10BF900091F3B278F5BDBE11E857E9D6E8BEE87B6B
:10BFA000B054AC8F848D751BEA23A499E9F9D38B27
:10BFB000B7A3714061DA3E15CEE33ECB73F9480872
:10BFC0008C97B427D51B7010A2BFEFB9EB85321543
:10BFD0004DB44DB49BBB6F1996B6076CF8E7EEAD48
:10BFE00036D9B4F59135AE13222218AF4E6A684D9A
:10BFF00091DAAA3D4F40741E9FBD9EE006A1C098F5
:10C0000057C2A7FDA40E90170E7D497173E3208FD0
:10C01000B220D87605143B12853D7434811343B0A9
:10C02000AD297A5F27F4351C090A000014CA020002
:10C0300001010000F003002007100000E0030020D1
:10C04000FCC80200279A02000000000030CA02006B
:10C0500000000100F8C802006F9B02000000000011
:10C0600098010020000001001FCA0200000000002B
:10C07000000000002523002000000000F4C802009A
:10C08000079B02007974010080010020000003007A
:10C09000000000200000000000000B06020000006D
:10C0A000A4C00200000000004ECE020026000206DE
:10C0B0000000002056CE020022000B11D13C0100EE
:10C0C00000000000B580020028B90200090000004D
:10C0D00028B9020000000000BCC00200E8C0020055
:10C0E0004700000000000000305D0020BCC00200DE
:10C0F000FCC002002E00000000000000D4610020FF
:10C10000BCC0020010C102000201000000000000DB
:10C11000A86200200E030000814C01000F04000003
:10C12000BD4C01001A010000FD830200050400005F
:10C13000913F0100130100003D8502003E01000017
:10C140004940010001120000BF8602000A1E0000E3
:10C15000B1860200FF010000094001003E0100001D
:10C160002940010005040000418402001001000084
:10C170008384020001120000014C01000A1E00002D
:10C180002F88020003090000DF850200040B000075
:10C190008B840200060A0000498702000C0500009B
:10C1A00069840200BCC00200B4C102004700000064
:10C1B00000000000C4630020BCC00200C8C102002F
:10C1C000000000000000000084640020BCC00200E9
:10C1D000DCC102002000000000000000AC64002070
:10C1E000178D0200698D02000000000000000000B1
:10C1F00000000000DD8E02000000000000000000D2
:10C20000000000000000000002020100ED970200A3
:10C2100004040100896F010006060100C96E0100D7
:10C2200008040100B56D01000A020100D597020063
:10C230000C040100BD9702000E040100896C01008E
:10C2400020040100ED6B010010040100FD6A0100F3
:10C25000120201009197020016040100F56F01001F
:10C2600018010100C56901001E0004008B9802003E
:10C270005202000067970200BCC0020088C20200A0
:10C28000220000000000000084650020BCC0020005
:10C290009CC202001700000000000000C8660020D9
:10C2A00014C90200279A02000000000010C9020011
:10C2B000000001000CC902006F9B0200000000009A
:10C2C000380200200000010004C902000000000044
:10C2D00000000000000000000000000000C9020093
:10C2E000079B020079740100400200200000030057
:10C2F00040C90200279A0200000000003CC9020069
:10C300000000010038C902006F9B0200000000001D
:10C31000680200200000010030C902005F9A02009C
:10C320000000000000000000000001002CC9020015
:10C330006F9B02000000000060020020000001006E
:10C3400024C90200899A02000000000000000000D9
:10C350000000010020C902006F9B020000000000E5
:10C36000580200200000010018C90200E572010017
:10C3700000000000000000000000010000000000BC
:10C3800000000000000000000000000000000000AD
:10C39000B19D02000000000000000000000000004D
:10C3A0000000000042542043544C52205258207048
:10C3B0007269000042542043544C522052580000ED
:10C3C00062745F6863695F636F6E74726F6C6C65D3
:10C3D000720000005A6570687972204F53207634DD
:10C3E0002E332E302D726331000000005745535418
:10C3F0005F544F504449522F7A65706879722F7399
:10C4000075627379732F626C7565746F6F74682FC2
:10C41000636F6E74726F6C6C65722F6C6C5F737788
:10C420002F756C6C5F636F6E6E2E63006572722089
:10C430003D3D2030207C7C20657272203D3D202DCA
:10C4400031323000415353455254494F4E204641FA
:10C45000494C205B25735D20402025733A25640AF2
:10C460000000000009706172616D313A202575206D
:10C47000706172616D323A2025750A003DD6010067
:10C480004DD601005DD601006DD601000000000010
:10C49000000000007DD6010025D701008DD60100E7
:10C4A0000000000035D70100000000009DD601000B
:10C4B00045D7010000000000ADD6010055D70100AE
:10C4C000BDD6010065D7010075D70100000000004E
:10C4D00085D7010095D70100A5D70100CDD6010071
:10C4E000000000000000000000000000000000004C
:10C4F0000000000015D7010008020B020A03050224
:10C50000000000000000000002020000060200001F
:10C510000403000000000903000000000103000004
:10C520000000000007030000000000000000000001
:10C53000F401FA00960064004B0032001E00140063
:10C54000574553545F544F504449522F7A65706891
:10C5500079722F7375627379732F626C7565746F5E
:10C560006F74682F636F6E74726F6C6C65722F6C72
:10C570006C5F73772F6E6F726469632F6C6C6C2FB6
:10C580006C6C6C5F6164762E63000000300000000C
:10C590000925733A2041637475616C204556454EF8
:10C5A000545F4F564552484541445F53544152549D
:10C5B0005F5553203D2025750A000000707265709C
:10C5C0006172655F63620000574553545F544F507A
:10C5D0004449522F7A65706879722F737562737946
:10C5E000732F626C7565746F6F74682F636F6E74F0
:10C5F000726F6C6C65722F6C6C5F73772F6E6F72DD
:10C600006469632F6C6C6C2F6C6C6C5F7065726905
:10C6100070686572616C2E63000000007072657056
:10C620006172655F6362000001030405DD2602009C
:10C63000AD2602000000000035280200B5270200E8
:10C64000E99E0200EF9E0200FFFF00000003005081
:10C650000000000001000000006000400000000039
:10C66000FFFFFFFF0000005000000000000000007E
:10C670000060004000000000004000400100000099
:10C68000000000000000000000009801000001010F
:10C690006930020010000000B39F0200A8C602002B
:10C6A00048230020FFFF000000400040B4C6020005
:10C6B00002000000CCC6020002000000C4C6020056
:10C6C000020100000E80000C0F80000B0E00000C19
:10C6D0000F00000B003000400000000000000000D0
:10C6E0000000000000009801000001016930020014
:10C6F00010000000A99F020004C702005823002078
:10C70000FFFF00000030004010C7020002000000E0
:10C7100028C702000200000020C70200020100003A
:10C720001F80000C0280000B1F00000C0200000B99
:10C7300000000080FFFFFF7F0000008000000080FD
:10C74000FFFFFF7F00000080881300000000000052
:10C75000AAD0020000FF0A0048B90200160000003B
:10C76000C8B902006800000084C7020070C7020058
:10C77000B4D00200BDD0020048010000000000005B
:10C7800000000000A1A60200B5A60200F9A6020062
:10C790009DA60200C8B9020010000000E0C7020018
:10C7A000020000000100000006000000020000007E
:10C7B00008000000030000000A0000000000000064
:10C7C0000F0000000400000014000000050000003D
:10C7D00019000000060000001E0000000700000015
:10C7E000C7A8020083A80200DBA80200F0C702006D
:10C7F00000200040FCC702000200000014C8020034
:10C80000020000000CC802000201000023800000AA
:10C810002A800001230000002A0000010800000017
:10C820000300000068B8020068B80200B0B8020057
:10C83000B8B8020008B9020008B9020054D20200D8
:10C8400000010000000000000000000000000000E7
:10C8500000000000000000000000004095596959E8
:10C860005555545515555556040515411054554008
:10C8700045515544404550445055554500400040B1
:10C880004004449665555655454045545141154020
:10C890005591555555554051050100005445545486
:10C8A0004555050400100410140440000000014028
:10C8B000555515415404000044000100000000409B
:10C8C000410000445044455054005555545565515D
:10C8D00000400040010000010005010011545151C9
:10C8E0005455550500154150000004401001040541
:10C8F00000000000000002290000032800000028BA
:10C90000000002290000052A0000052A0000032873
:10C9100000000118000000280000042A0000042A7A
:10C92000000003280000012A0000012A000003285B
:10C930000000002A0000002A000003280000001860
:10C9400000000028656E61626C6564006469736153
:10C95000626C656400494D55206E6F746966696349
:10C960006174696F6E732025730A00446973636F85
:10C970006E6E65637465642028726561736F6E20E6
:10C980002575290A00436F6E6E656374696F6E20AA
:10C990006661696C65642028657272202575290AB4
:10C9A00000436F6E6E6563746564210A000A0A3D78
:10C9B0003D3D20424C4520494D55205374726561E0
:10C9C0006D65722076312E3120284D5455204669F0
:10C9D0007829203D3D3D0A00426F6172643A204152
:10C9E000726475696E6F204E616E6F203333204222
:10C9F0004C4520526576320A0053616D706C65209B
:10CA0000526174653A203130487A20284465627555
:10CA100067290A00494D555F4C6F676765720002D0
:10CA2000F1DEBC9A785634127856341278563412A5
:10CA300002F0DEBC9A7856341278563412785634A6
:10CA40001272302F61313A2020307825303878202A
:10CA50002072312F61323A2020307825303878200A
:10CA60002072322F61333A20203078253038780A0E
:10CA70000072332F61343A20203078253038782006
:10CA80007231322F69703A20203078253038782082
:10CA90007231342F6C723A20203078253038780A81
:10CAA0000020787073723A20203078253038780A68
:10CAB000004661756C74696E6720696E7374727577
:10CAC0006374696F6E206164647265737320287289
:10CAD00031352F7063293A203078253038780A00B4
:10CAE000556E68616E646C6564204952516E3A20DF
:10CAF00025640A002A2A2A2A2A204D505520464118
:10CB0000554C54202A2A2A2A2A0A002020537461CC
:10CB1000636B696E67206572726F722028636F6E37
:10CB2000746578742061726561206D69676874202E
:10CB30006265206E6F742076616C6964290A00203A
:10CB400020556E737461636B696E67206572726FD6
:10CB5000720A00202044617461204163636573732D
:10CB60002056696F6C6174696F6E0A0020204D4D0C
:10CB700046415220416464726573733A20307825CF
:10CB8000780A002020496E737472756374696F6E41
:10CB9000204163636573732056696F6C6174696FBC
:10CBA0006E0A002020466C6F6174696E672D706F8D
:10CBB000696E74206C617A79207374617465207079
:10CBC0007265736572766174696F6E206572726FDB
:10CBD000720A002A2A2A2A2A20555341474520460C
:10CBE00041554C54202A2A2A2A2A0A002020446926
:10CBF000766973696F6E206279207A65726F0A00B8
:10CC00002020556E616C69676E6564206D656D6F7F
:10CC10007279206163636573730A0020204E6F2070
:10CC2000636F70726F636573736F7220696E737474
:10CC300072756374696F6E730A002020496C6C65AD
:10CC400067616C206C6F6164206F66204558435F9C
:10CC500052455455524E20696E746F2050430A005D
:10CC60002020496C6C6567616C20757365206F6668
:10CC70002074686520455053520A00202041747486
:10CC8000656D707420746F206578656375746520B8
:10CC9000756E646566696E656420696E737472751D
:10CCA0006374696F6E0A002A2A2A2A2A2042555381
:10CCB000204641554C54202A2A2A2A2A0A0020209C
:10CCC000537461636B696E67206572726F720A00DC
:10CCD000202050726563697365206461746120620D
:10CCE0007573206572726F720A00202042464152AD
:10CCF00020416464726573733A20307825780A00A5
:10CD00002020496D70726563697365206461746188
:10CD100020627573206572726F720A002020496E5E
:10CD2000737472756374696F6E20627573206572B7
:10CD3000726F720A00526573657276656420457879
:10CD400063657074696F6E20280053707572696F27
:10CD5000757320696E7465727275707420284952FB
:10CD6000512000535053454C20696E207468726501
:10CD70006164206D6F646520646F6573206E6F74ED
:10CD800020696E646963617465205053500A002AFB
:10CD90002A2A2A2A2048415244204641554C5420F0
:10CDA0002A2A2A2A2A0A00202042757320666175E1
:10CDB0006C74206F6E20766563746F72207461628C
:10CDC0006C6520726561640A0020204465627567A5
:10CDD000206576656E740A0020204661756C7420AB
:10CDE000657363616C6174696F6E2028736565207B
:10CDF00062656C6F77290A00415243485F4558438A
:10CE0000455054207769746820726561736F6E2095
:10CE100025780A0A002A2A2A2A2A20446562756788
:10CE2000206D6F6E69746F722065786365707469C8
:10CE30006F6E202A2A2A2A2A0A002A2A2A2A2A2027
:10CE4000257320256429202A2A2A2A2A0A00464CEA
:10CE50004153485F30005352414D5F300000FFFFA7
:10CE6000FFFFFFFF00000000000000FFFFFFFFFFCB
:10CE7000FF00000000000002FB349B5F8000008088
:10CE80000010000000000000010400020000000289
:10CE9000000000000000000500000000000000008D
:10CEA0000000000000000005574553545F544F50E8
:10CEB0004449522F7A65706879722F73756273795D
:10CEC000732F626C7565746F6F74682F686F7374FD
:10CED0002F6863695F636F72652E63006576745FA8
:10CEE000666C6167732026202831554C203C3C201D
:10CEF0002830292900415353455254494F4E20466A
:10CF000041494C205B25735D20402025733A256400
:10CF10000A0062745F6863695F6576745F67657451
:10CF20005F666C616773286864722D3E657674294C
:10CF30002026202831554C203C3C2028312929002E
:10CF400062756600737563636573730009636F6D63
:10CF50006D616E64206F70636F646520307825307A
:10CF600034782074696D656F75740A00657272207B
:10CF70003D3D20300009436F6E74726F6C6C6572BA
:10CF800020756E726573706F6E736976652C2063A1
:10CF90006F6D6D616E64206F70636F6465203078B3
:10CFA000253034782074696D656F757420776974E5
:10CFB00068206572722025640A004254205258206D
:10CFC000575100574553545F544F504449522F7A9C
:10CFD00065706879722F7375627379732F626C75DF
:10CFE00065746F6F74682F686F73742F6863695FFF
:10CFF000636F6D6D6F6E2E63007075626C69630098
:10D0000072616E646F6D007075626C69632D696426
:10D010000072616E646F6D2D696400307825303266
:10D020007800253032583A253032583A2530325877
:10D030003A253032583A253032583A253032582085
:10D040002825732900636C6F636B403430303030B7
:10D050003030300072616E646F6D40343030306457
:10D06000303030006770696F4035303030303330E9
:10D0700030006770696F403530303030303030000C
:10D0800069326340343030303430303000693263DC
:10D0900040343030303330303000000102030405BA
:10D0A00006077664642D656E7600626D69323730EE
:10D0B000403638006D61785F6669666F00C82E0083
:10D0C0002E802E1A00C82E002EC82E002EC82E002C
:10D0D0002EC82E002EC82E002EC82E002E903221D3
:10D0E0002E59F51030212E6AF51A242200802E3B8D
:10D0F00000C82E444722003700A400FF0FD10007CC
:10D10000AD802E00C1802E00C1802E00C1802E0077
:10D11000C1802E00C1802E00C1802E00C1802E0053
:10D12000C1802E00C1802E00C1802E00C1000000F1
:10D130000000001124FCF5803040425050003012B5
:10D1400024EB000330002EC1865A0EFB2F212EFC4B
:10D15000F5132463F5E03C48002230F780C242E139
:10D160007F3A25FC86F07F4133982EC2C4D66FF1FA
:10D1700030F108C46F1124FF03122400FC6109A2DE
:10D180000836BE2AB91324380064BBD1BE940A7194
:10D1900008D54221BD91BCD242C14200B2FE8205F7
:10D1A0002F5030212E21F2002E002ED02EF06F02B3
:10D1B0003002422026E06F023103409A0A0242F018
:10D1C00037052E5EF7100812241EF280428384F188
:10D1D0007F0A25133083423B82F06F002E002ED051
:10D1E0002E12405242002E124052423E84004040D5
:10D1F000427E82E17FF27F982E6AD62130232E6113
:10D20000F5EB2CE16F626D6D3135304031300074DB
:10D21000656D70403430303063303030007561728D
:10D2200074403430303032303030000000000000C4
:10D23000010100000000000020303030303030307C
:10D240003030303030303000010100000000006D1F
:10D2500061696E00737973776F726B71002A2A2A85
:10D2600020426F6F74696E67205A6570687972200A
:10D270004F53206275696C642076342E332E302D26
:10D280007263312D3132322D676662303163373847
:10D290003162366330202A2A2A0A00696E66006EDF
:0CD2A000616E00286E756C6C29000000A7
:10D2AC000000000000000000000000000000000072
:10D2BC000000000000000000000000000000000062
:10D2CC000000000000000000000000000000000052
:10D2DC000000000000000000000000000000000042
:10D2EC000000000000000000000000000000000032
:10D2FC000000000000000000000000000000000022
:10D30C000000000000000000000000000000000011
:10D31C000000000000000000000000000000000001
:10D32C0000000000000000000000000000000000F1
:10D33C0000000000000000000000000000000000E1
:10D34C0000000000000000000000000000000000D1
:10D35C0000000000000000000000000000000000C1
:10D36C000000000000000000F14901000000000076
:10D37C0000000000000000000000000000000000A1
:10D38C000000000000000000000000000000000091
:10D39C000000000000000000000000000000000081
:10D3AC000000000000000000000000000000000071
:10D3BC000000000000000000000000000000000061
:10D3CC000000000000000000000000000000000051
:10D3DC000000000000000000000000000000000041
:10D3EC000000000000000000000000000000000031
:10D3FC000000000000000000000000000000000021
:10D40C00000000000000000000000000A8B90200AD
:10D41C001F00000000000000FFFFFFFFFF1F0000C7
:10D42C00000000000000000000000000992E010028
:10D43C0000000000000000001FCA020000001000E5
:10D44C005F7D020000000000AB80020000000000C5
:10D45C0000000000000000007988020000000000BD
:10D46C0000000000000000008142010000000000EC
:10D47C000000000000000000B9580100000000008E
:10D48C0000000000000000009D550100000000009D
:10D49C0000000000F4010020F40100200000000056
:10D4AC00000000003067002000002E0030670020D4
:10D4BC0069630100C1710100000000000000000060
:10D4CC000000000079680100A7960200D7950200C1
:10D4DC00156301000000000008C9020000002000D4
:10D4EC000000000000000000000000000000000030
:10D4FC00E99A0200000000001CC9020000000200B2
:10D50C0028C902000000020034C902000000020019
:10D51C0000000000CC0F00200000000035A301002B
:10D52C0000000000D40F00200000000089970100CB
:10D53C0000000000DC0F0020000000007907020052
:10D54C0000000000E40F0020000000009D9401008A
:10D55C00000000003418002000000000AD10020094
:10D56C00000000004C1800200000000079070200A9
:10D57C00000000005418002000000000F1B601006B
:10D58C0000000000C8180020000000001DBE0100B3
:10D59C0000000000D01800200000000079070200F5
:10D5AC0000000000D818002000000000A5BF0100FA
:10D5BC0000000000E01800200000000045C701003A
:10D5CC0000000000041A002000000000541A002083
:10D5DC0000000000F41A002000000000A41B002032
:10D5EC0000000000AD1A020000000000C41B002067
:10D5FC00000000009D04020000000000F01B002051
:10D60C000000000079070200000000000820002044
:10D61C00000000006D8701000000000000200020C9
:10D62C00000000006D87010000000000F81F0020C2
:10D63C0000000000DD83010000000000F01F00204E
:10D64C00000000006D87010000000000E81F0020B2
:10D65C0000000000DD83010000000000E01F00203E
:10D66C00000000006D87010000C2010000010300F2
:10D67C00FF00000090020000D8030020D803002017
:10D68C00F0DEBC9A7856341234127856341278562E
:01D69C000687
:10D69D00000000000000000000000000000000007D
:0BD6AD00000000000000000000000072
:10D6B8000C0400200C040020646600200000000018
:10D6C80001000000340000000000000028040020D1
:10D6D80028040020804C0020000000000100000009
:10D6E800B0000000000000004404002044040020B2
:10D6F80098660020000000000300000010000000F1
:04D70800000000001D
:10D70C0000000000304D0020001000000000000060
:04D71C000000000009
:10D72000740400207404002000000000FFFFFFFFCD
:08D730008404002084040020A1
:10D738000000000000000000940400209404002071
:08D748009C0400209C04002059
:10D750000000000000000000AC040020AC04002029
:10D76000B4040020B40400200300030010000000F3
:10D7700000000000CCC102000C6500200000000089
:10D7800000000000D8040020D8040020E00400209D
:10D79000E004002003000300100000009D6701006A
:10D7A00078C20200EC6500200000000000000000CC
:10D7B00004050020040500200C0500200C050020B5
:10D7C000030003000000000000000000ECC00200A5
:10D7D0006062002000000000000000003005002012
:10D7E0003005002038050020380500200100010028
:10D7F0001000000051550100B8C1020084640020EF
:10D8000000000000000000005C0500205C05002016
:10D8100064050020640500200200020000000000F2
:10D8200000000000A4C102005464002000000000B9
:10D8300000000000880500208805002090050020D9
:10D84000900500200C000C0004000000053F0100C2
:10D85000D8C002008460002000000000000000002A
:10D86000B4050020B4050020BC050020BC05002044
:10D870000200020004000000000000008CC2020050
:10D88000F86600200000000000000000E005002015
:10D89000E0050020E8050020E80500200100010067
:10D8A000000000000000000000C10200AC63002086
:04D8B00015E015E08A
:04000003100036BDF6
:00000001FF
